date,code,game,w1,w2,w3,w4,w5,m1,m2,m3,m4,m5,event
1962-09-29,NW,National Weekly,41,89,80,62,45,,,,,,1
1962-10-06,NW,National Weekly,79,88,25,26,47,,,,,,2
1962-10-13,NW,National Weekly,19,86,62,46,48,,,,,,3
1962-10-20,NW,National Weekly,23,20,90,4,63,,,,,,4
1962-10-27,NW,National Weekly,71,82,12,53,86,,,,,,5
1962-11-03,NW,National Weekly,28,84,50,48,52,,,,,,6
1962-11-10,NW,National Weekly,31,37,78,24,7,,,,,,7
1962-11-17,NW,National Weekly,37,71,90,13,18,,,,,,8
1962-11-24,NW,National Weekly,80,40,76,66,8,,,,,,9
1962-12-01,NW,National Weekly,43,90,51,61,8,,,,,,10
1962-12-08,NW,National Weekly,46,53,90,12,19,,,,,,11
1962-12-15,NW,National Weekly,2,44,34,9,41,,,,,,12
1962-12-22,NW,National Weekly,36,58,5,30,10,,,,,,13
1962-12-29,NW,National Weekly,89,18,66,44,46,,,,,,14
1963-01-05,NW,National Weekly,41,48,45,70,31,,,,,,15
1963-01-12,NW,National Weekly,9,55,43,80,33,,,,,,16
1963-01-19,NW,National Weekly,62,28,10,52,85,,,,,,17
1963-01-26,NW,National Weekly,88,84,28,89,2,,,,,,18
1963-02-02,NW,National Weekly,42,26,76,61,39,,,,,,19
1963-02-09,NW,National Weekly,77,41,32,79,8,,,,,,20
1963-02-16,NW,National Weekly,42,70,71,9,74,,,,,,21
1963-02-23,NW,National Weekly,34,39,48,22,69,,,,,,22
1963-03-02,NW,National Weekly,75,52,27,1,12,,,,,,23
1963-03-09,NW,National Weekly,36,51,46,23,38,,,,,,24
1963-03-16,NW,National Weekly,70,45,48,46,63,,,,,,25
1963-03-23,NW,National Weekly,27,12,29,42,17,,,,,,26
1963-03-30,NW,National Weekly,38,50,64,59,35,,,,,,27
1963-04-06,NW,National Weekly,44,72,76,26,2,,,,,,28
1963-04-13,NW,National Weekly,39,3,5,43,4,,,,,,29
1963-04-20,NW,National Weekly,22,62,72,87,7,,,,,,30
1963-04-27,NW,National Weekly,71,5,11,62,53,,,,,,31
1963-05-04,NW,National Weekly,27,64,3,62,50,,,,,,32
1963-05-11,NW,National Weekly,37,71,28,73,24,,,,,,33
1963-05-18,NW,National Weekly,51,47,79,1,62,,,,,,34
1963-05-25,NW,National Weekly,28,24,27,22,44,,,,,,35
1963-06-01,NW,National Weekly,6,2,62,33,1,,,,,,36
1963-06-08,NW,National Weekly,77,17,55,38,85,,,,,,37
1963-06-15,NW,National Weekly,54,48,2,35,18,,,,,,38
1963-06-22,NW,National Weekly,89,23,1,20,3,,,,,,39
1963-06-29,NW,National Weekly,63,51,11,18,54,,,,,,40
1963-07-06,NW,National Weekly,15,78,87,10,69,,,,,,41
1963-07-13,NW,National Weekly,30,48,33,10,19,,,,,,42
1963-07-20,NW,National Weekly,43,56,35,46,48,,,,,,43
1963-07-27,NW,National Weekly,59,61,52,12,27,,,,,,44
1963-08-03,NW,National Weekly,36,56,15,54,43,,,,,,45
1963-08-10,NW,National Weekly,49,90,6,53,80,,,,,,46
1963-08-17,NW,National Weekly,82,30,65,90,56,,,,,,47
1963-08-24,NW,National Weekly,73,75,53,43,41,,,,,,48
1963-08-31,NW,National Weekly,16,87,85,75,53,,,,,,49
1963-09-07,NW,National Weekly,29,13,36,21,55,,,,,,50
1963-09-14,NW,National Weekly,12,35,40,86,77,,,,,,51
1963-09-21,NW,National Weekly,67,66,52,71,12,,,,,,52
1963-09-28,NW,National Weekly,20,18,85,60,12,,,,,,53
1963-10-05,NW,National Weekly,89,54,37,68,22,,,,,,54
1963-10-12,NW,National Weekly,23,47,50,60,20,,,,,,55
1963-10-19,NW,National Weekly,22,61,34,81,74,,,,,,56
1963-10-26,NW,National Weekly,26,30,76,6,56,,,,,,57
1963-11-02,NW,National Weekly,70,34,69,23,32,,,,,,58
1963-11-09,NW,National Weekly,57,18,24,62,16,,,,,,59
1963-11-16,NW,National Weekly,69,88,86,5,34,,,,,,60
1963-11-23,NW,National Weekly,43,24,6,47,15,,,,,,61
1963-11-30,NW,National Weekly,48,13,17,19,65,,,,,,62
1963-12-07,NW,National Weekly,16,51,2,4,74,,,,,,63
1963-12-14,NW,National Weekly,14,40,2,3,10,,,,,,64
1963-12-21,NW,National Weekly,67,30,12,43,44,,,,,,65
1963-12-28,NW,National Weekly,43,75,58,46,82,,,,,,66
1964-01-04,NW,National Weekly,65,8,56,39,90,,,,,,67
1964-01-11,NW,National Weekly,78,80,46,9,41,,,,,,68
1964-01-18,NW,National Weekly,48,15,1,16,44,,,,,,69
1964-01-25,NW,National Weekly,64,70,83,56,75,,,,,,70
1964-02-01,NW,National Weekly,71,44,45,25,57,,,,,,71
1964-02-08,NW,National Weekly,61,28,54,21,12,,,,,,72
1964-02-15,NW,National Weekly,29,87,85,65,64,,,,,,73
1964-02-22,NW,National Weekly,87,59,83,30,38,,,,,,74
1964-02-29,NW,National Weekly,71,1,73,4,68,,,,,,75
1964-03-07,NW,National Weekly,44,54,28,50,2,,,,,,76
1964-03-14,NW,National Weekly,74,45,43,61,22,,,,,,77
1964-03-21,NW,National Weekly,82,90,32,27,60,,,,,,78
1964-03-28,NW,National Weekly,73,56,25,1,75,,,,,,79
1964-04-04,NW,National Weekly,26,87,55,47,16,,,,,,80
1964-04-11,NW,National Weekly,50,28,61,40,62,,,,,,81
1964-04-18,NW,National Weekly,63,29,28,38,83,,,,,,82
1964-04-25,NW,National Weekly,62,34,30,46,27,,,,,,83
1964-05-02,NW,National Weekly,11,88,21,46,73,,,,,,84
1964-05-09,NW,National Weekly,32,15,71,86,13,,,,,,85
1964-05-16,NW,National Weekly,11,59,69,90,31,,,,,,86
1964-05-23,NW,National Weekly,74,90,83,68,53,,,,,,87
1964-05-30,NW,National Weekly,7,76,31,34,3,,,,,,88
1964-06-06,NW,National Weekly,43,85,31,36,69,,,,,,89
1964-06-13,NW,National Weekly,77,38,23,32,35,,,,,,90
1964-06-20,NW,National Weekly,39,42,20,88,12,,,,,,91
1964-06-27,NW,National Weekly,83,25,34,85,27,,,,,,92
1964-07-04,NW,National Weekly,40,74,67,41,66,,,,,,93
1964-07-11,NW,National Weekly,72,68,36,53,71,,,,,,94
1964-07-18,NW,National Weekly,76,36,5,79,60,,,,,,95
1964-07-25,NW,National Weekly,65,82,79,81,33,,,,,,96
1964-08-01,NW,National Weekly,14,47,2,22,74,,,,,,97
1964-08-08,NW,National Weekly,17,86,88,24,43,,,,,,98
1964-08-15,NW,National Weekly,44,88,79,20,89,,,,,,99
1964-08-22,NW,National Weekly,85,14,28,62,69,,,,,,100
1964-08-29,NW,National Weekly,5,40,55,74,27,,,,,,101
1964-09-05,NW,National Weekly,44,51,28,21,12,,,,,,102
1964-09-12,NW,National Weekly,9,45,55,49,74,,,,,,103
1964-09-19,NW,National Weekly,64,49,14,25,24,,,,,,104
1964-09-26,NW,National Weekly,13,87,45,53,79,,,,,,105
1964-10-03,NW,National Weekly,22,71,65,42,34,,,,,,106
1964-10-10,NW,National Weekly,89,61,53,51,86,,,,,,107
1964-10-17,NW,National Weekly,56,11,73,25,50,,,,,,108
1964-10-24,NW,National Weekly,63,34,66,78,64,,,,,,109
1964-10-31,NW,National Weekly,82,35,12,16,40,,,,,,110
1964-11-07,NW,National Weekly,26,82,63,90,53,,,,,,111
1964-11-14,NW,National Weekly,39,58,7,34,82,,,,,,112
1964-11-21,NW,National Weekly,4,20,89,24,84,,,,,,113
1964-11-28,NW,National Weekly,76,18,23,44,41,,,,,,114
1964-12-05,NW,National Weekly,63,20,21,89,11,,,,,,115
1964-12-12,NW,National Weekly,26,83,10,90,49,,,,,,116
1964-12-19,NW,National Weekly,45,72,75,14,38,,,,,,117
1964-12-26,NW,National Weekly,52,17,83,84,77,,,,,,118
1965-01-02,NW,National Weekly,80,47,22,69,82,,,,,,119
1965-01-09,NW,National Weekly,41,16,86,21,82,,,,,,120
1965-01-16,NW,National Weekly,58,54,25,80,35,,,,,,121
1965-01-23,NW,National Weekly,5,6,11,7,4,,,,,,122
1965-01-30,NW,National Weekly,6,54,18,31,69,,,,,,123
1965-02-06,NW,National Weekly,33,59,47,85,53,,,,,,124
1965-02-13,NW,National Weekly,57,13,80,83,30,,,,,,125
1965-02-20,NW,National Weekly,32,3,69,48,54,,,,,,126
1965-02-27,NW,National Weekly,77,53,32,13,80,,,,,,127
1965-03-06,NW,National Weekly,8,29,39,15,28,,,,,,128
1965-03-13,NW,National Weekly,81,28,62,87,78,,,,,,129
1965-03-20,NW,National Weekly,66,3,83,75,71,,,,,,130
1965-03-27,NW,National Weekly,82,84,8,9,28,,,,,,131
1965-04-03,NW,National Weekly,84,87,77,44,53,,,,,,132
1965-04-10,NW,National Weekly,9,83,23,38,78,,,,,,133
1965-04-17,NW,National Weekly,36,23,66,14,19,,,,,,134
1965-04-24,NW,National Weekly,8,3,27,12,9,,,,,,135
1965-05-01,NW,National Weekly,44,71,39,26,79,,,,,,136
1965-05-08,NW,National Weekly,60,37,48,66,44,,,,,,137
1965-05-15,NW,National Weekly,44,56,43,75,17,,,,,,138
1965-05-22,NW,National Weekly,74,42,19,81,60,,,,,,139
1965-05-29,NW,National Weekly,43,62,56,54,5,,,,,,140
1965-06-05,NW,National Weekly,47,67,33,36,17,,,,,,141
1965-06-12,NW,National Weekly,3,13,11,52,70,,,,,,142
1965-06-19,NW,National Weekly,18,65,30,79,45,,,,,,143
1965-06-26,NW,National Weekly,16,33,67,49,19,,,,,,144
1965-07-03,NW,National Weekly,23,1,30,24,56,,,,,,145
1965-07-10,NW,National Weekly,41,20,73,27,10,,,,,,146
1965-07-17,NW,National Weekly,49,71,8,67,26,,,,,,147
1965-07-24,NW,National Weekly,9,51,71,22,59,,,,,,148
1965-07-31,NW,National Weekly,57,21,48,41,36,,,,,,149
1965-08-07,NW,National Weekly,4,38,72,84,55,,,,,,150
1965-08-14,NW,National Weekly,58,76,19,52,27,,,,,,151
1965-08-21,NW,National Weekly,19,6,52,26,20,,,,,,152
1965-08-28,NW,National Weekly,66,82,61,85,4,,,,,,153
1965-09-04,NW,National Weekly,26,23,21,29,33,,,,,,154
1965-09-11,NW,National Weekly,43,51,54,89,84,,,,,,155
1965-09-18,NW,National Weekly,5,2,8,32,72,,,,,,156
1965-09-25,NW,National Weekly,77,11,40,64,58,,,,,,157
1965-10-02,NW,National Weekly,80,68,14,19,89,,,,,,158
1965-10-09,NW,National Weekly,15,46,13,55,22,,,,,,159
1965-10-16,NW,National Weekly,74,35,59,52,63,,,,,,160
1965-10-23,NW,National Weekly,18,39,11,30,90,,,,,,161
1965-10-30,NW,National Weekly,32,45,66,20,19,,,,,,162
1965-11-06,NW,National Weekly,72,73,8,21,48,,,,,,163
1965-11-13,NW,National Weekly,72,54,59,79,17,,,,,,164
1965-11-20,NW,National Weekly,53,75,56,51,12,,,,,,165
1965-11-27,NW,National Weekly,33,85,68,56,4,,,,,,166
1965-12-04,NW,National Weekly,1,30,28,26,64,,,,,,167
1965-12-11,NW,National Weekly,85,54,51,35,39,,,,,,168
1965-12-18,NW,National Weekly,39,46,51,61,8,,,,,,169
1965-12-25,NW,National Weekly,15,77,21,82,63,,,,,,170
1966-01-01,NW,National Weekly,21,84,85,20,24,,,,,,171
1966-01-08,NW,National Weekly,73,52,54,30,70,,,,,,172
1966-01-15,NW,National Weekly,10,78,81,71,14,,,,,,173
1966-01-22,NW,National Weekly,67,11,90,59,51,,,,,,174
1966-01-29,NW,National Weekly,63,17,12,87,86,,,,,,175
1966-02-05,NW,National Weekly,28,86,89,36,20,,,,,,176
1966-02-12,NW,National Weekly,89,61,78,21,80,,,,,,177
1966-02-19,NW,National Weekly,6,24,67,86,31,,,,,,178
1966-02-26,NW,National Weekly,57,28,26,22,82,,,,,,179
1966-03-05,NW,National Weekly,45,55,43,19,53,,,,,,180
1966-03-12,NW,National Weekly,57,32,67,90,2,,,,,,181
1966-03-19,NW,National Weekly,5,82,74,66,88,,,,,,182
1966-03-26,NW,National Weekly,61,11,77,23,76,,,,,,183
1966-04-02,NW,National Weekly,30,44,77,4,24,,,,,,184
1966-04-09,NW,National Weekly,13,44,33,51,62,,,,,,185
1966-04-16,NW,National Weekly,31,8,90,48,29,,,,,,186
1966-04-23,NW,National Weekly,72,39,18,62,87,,,,,,187
1966-04-30,NW,National Weekly,74,65,72,7,42,,,,,,188
1966-05-07,NW,National Weekly,51,70,85,56,46,,,,,,189
1966-05-14,NW,National Weekly,85,37,8,84,77,,,,,,190
1966-05-21,NW,National Weekly,61,29,25,21,62,,,,,,191
1966-05-28,NW,National Weekly,73,40,30,82,36,,,,,,192
1966-06-04,NW,National Weekly,85,67,89,83,76,,,,,,193
1966-06-11,NW,National Weekly,61,9,28,54,52,,,,,,194
1966-06-18,NW,National Weekly,3,62,24,69,64,,,,,,195
1966-06-25,NW,National Weekly,86,50,88,32,54,,,,,,196
1966-07-02,NW,National Weekly,78,7,83,64,41,,,,,,197
1966-07-09,NW,National Weekly,11,88,24,82,22,,,,,,198
1966-07-16,NW,National Weekly,69,77,3,20,49,,,,,,199
1966-07-23,NW,National Weekly,89,79,80,39,22,,,,,,200
1966-07-30,NW,National Weekly,72,44,14,51,22,,,,,,201
1966-08-06,NW,National Weekly,25,34,81,58,17,,,,,,202
1966-08-13,NW,National Weekly,9,84,53,60,1,,,,,,203
1966-08-20,NW,National Weekly,82,88,12,37,53,,,,,,204
1966-08-27,NW,National Weekly,70,64,60,9,69,,,,,,205
1966-09-03,NW,National Weekly,85,29,17,82,87,,,,,,206
1966-09-10,NW,National Weekly,36,20,48,39,31,,,,,,207
1966-09-17,NW,National Weekly,65,1,72,81,2,,,,,,208
1966-09-24,NW,National Weekly,72,45,57,69,87,,,,,,209
1966-10-01,NW,National Weekly,76,33,31,80,19,,,,,,210
1966-10-08,NW,National Weekly,34,86,42,62,3,,,,,,211
1966-10-15,NW,National Weekly,68,44,29,16,74,,,,,,212
1966-10-22,NW,National Weekly,46,85,38,90,88,,,,,,213
1966-10-29,NW,National Weekly,2,71,30,77,29,,,,,,214
1966-11-05,NW,National Weekly,36,69,71,65,80,,,,,,215
1966-11-12,NW,National Weekly,48,10,58,18,26,,,,,,216
1966-11-19,NW,National Weekly,5,26,40,29,13,,,,,,217
1966-11-26,NW,National Weekly,18,54,89,39,66,,,,,,218
1966-12-03,NW,National Weekly,89,87,17,46,45,,,,,,219
1966-12-10,NW,National Weekly,30,13,76,90,78,,,,,,220
1966-12-17,NW,National Weekly,4,48,38,26,18,,,,,,221
1966-12-24,NW,National Weekly,22,43,34,32,6,,,,,,222
1966-12-31,NW,National Weekly,31,30,12,18,66,,,,,,223
1967-01-07,NW,National Weekly,64,28,30,71,4,,,,,,224
1967-01-14,NW,National Weekly,50,73,59,76,13,,,,,,225
1967-01-21,NW,National Weekly,15,71,21,80,59,,,,,,226
1967-01-28,NW,National Weekly,30,61,34,19,75,,,,,,227
1967-02-04,NW,National Weekly,51,21,30,2,87,,,,,,228
1967-02-11,NW,National Weekly,79,56,32,16,28,,,,,,229
1967-02-18,NW,National Weekly,31,67,88,71,40,,,,,,230
1967-02-25,NW,National Weekly,51,33,73,42,90,,,,,,231
1967-03-04,NW,National Weekly,60,14,19,38,79,,,,,,232
1967-03-11,NW,National Weekly,58,2,60,42,90,,,,,,233
1967-03-18,NW,National Weekly,25,69,82,39,37,,,,,,234
1967-03-25,NW,National Weekly,50,38,7,46,4,,,,,,235
1967-04-01,NW,National Weekly,17,11,44,45,52,,,,,,236
1967-04-08,NW,National Weekly,81,85,36,41,90,,,,,,237
1967-04-15,NW,National Weekly,71,86,9,64,14,,,,,,238
1967-04-22,NW,National Weekly,25,45,40,28,37,,,,,,239
1967-04-29,NW,National Weekly,17,21,11,20,13,,,,,,240
1967-05-06,NW,National Weekly,32,37,11,10,65,,,,,,241
1967-05-13,NW,National Weekly,82,61,58,62,20,,,,,,242
1967-05-20,NW,National Weekly,37,80,57,83,87,,,,,,243
1967-05-27,NW,National Weekly,46,8,25,20,31,,,,,,244
1967-06-03,NW,National Weekly,24,64,35,1,59,,,,,,245
1967-06-10,NW,National Weekly,21,52,18,87,58,,,,,,246
1967-06-17,NW,National Weekly,7,81,84,80,54,,,,,,247
1967-06-24,NW,National Weekly,42,58,40,7,23,,,,,,248
1967-07-01,NW,National Weekly,75,42,80,65,43,,,,,,249
1967-07-08,NW,National Weekly,19,51,53,2,27,,,,,,250
1967-07-15,NW,National Weekly,83,18,5,60,56,,,,,,251
1967-07-22,NW,National Weekly,61,78,35,55,33,,,,,,252
1967-07-29,NW,National Weekly,12,35,87,48,50,,,,,,253
1967-08-05,NW,National Weekly,45,61,13,87,16,,,,,,254
1967-08-12,NW,National Weekly,74,13,33,1,18,,,,,,255
1967-08-19,NW,National Weekly,75,27,19,52,6,,,,,,256
1967-08-26,NW,National Weekly,21,87,25,74,2,,,,,,257
1967-09-02,NW,National Weekly,55,2,52,19,77,,,,,,258
1967-09-09,NW,National Weekly,73,80,85,86,64,,,,,,259
1967-09-16,NW,National Weekly,39,21,89,72,77,,,,,,260
1967-09-23,NW,National Weekly,19,44,5,31,15,,,,,,261
1967-09-30,NW,National Weekly,20,12,53,61,63,,,,,,262
1967-10-07,NW,National Weekly,60,84,57,12,54,,,,,,263
1967-10-14,NW,National Weekly,26,10,52,69,78,,,,,,264
1967-10-21,NW,National Weekly,72,28,75,66,22,,,,,,265
1967-10-28,NW,National Weekly,89,12,14,46,55,,,,,,266
1967-11-04,NW,National Weekly,90,13,14,84,71,,,,,,267
1967-11-11,NW,National Weekly,53,57,81,62,56,,,,,,268
1967-11-18,NW,National Weekly,61,31,1,27,23,,,,,,269
1967-11-25,NW,National Weekly,89,68,20,84,76,,,,,,270
1967-12-02,NW,National Weekly,71,61,26,21,1,,,,,,271
1967-12-09,NW,National Weekly,73,14,47,5,50,,,,,,272
1967-12-16,NW,National Weekly,26,14,32,63,1,,,,,,273
1967-12-23,NW,National Weekly,54,80,57,73,17,,,,,,274
1967-12-30,NW,National Weekly,80,64,32,13,22,,,,,,275
1968-01-06,NW,National Weekly,72,75,70,10,53,,,,,,276
1968-01-13,NW,National Weekly,86,23,28,6,14,,,,,,277
1968-01-20,NW,National Weekly,5,26,28,38,20,,,,,,278
1968-01-27,NW,National Weekly,60,61,76,16,6,,,,,,279
1968-02-03,NW,National Weekly,34,79,53,75,31,,,,,,280
1968-02-10,NW,National Weekly,69,74,51,38,71,,,,,,281
1968-02-17,NW,National Weekly,27,36,61,67,69,,,,,,282
1968-02-24,NW,National Weekly,18,58,78,70,66,,,,,,283
1968-03-02,NW,National Weekly,33,66,77,35,37,,,,,,284
1968-03-09,NW,National Weekly,80,40,51,16,70,,,,,,285
1968-03-16,NW,National Weekly,83,67,25,21,33,,,,,,286
1968-03-23,NW,National Weekly,19,46,20,51,80,,,,,,287
1968-03-30,NW,National Weekly,32,25,70,87,64,,,,,,288
1968-04-06,NW,National Weekly,29,65,45,66,70,,,,,,289
1968-04-13,NW,National Weekly,80,85,87,72,34,,,,,,290
1968-04-20,NW,National Weekly,43,1,86,7,71,,,,,,291
1968-04-27,NW,National Weekly,11,75,8,17,13,,,,,,292
1968-05-04,NW,National Weekly,46,70,77,87,66,,,,,,293
1968-05-11,NW,National Weekly,77,9,32,1,30,,,,,,294
1968-05-18,NW,National Weekly,16,77,88,32,47,,,,,,295
1968-05-25,NW,National Weekly,15,83,17,35,43,,,,,,296
1968-06-01,NW,National Weekly,38,69,65,60,52,,,,,,297
1968-06-08,NW,National Weekly,4,74,18,55,76,,,,,,298
1968-06-15,NW,National Weekly,37,16,24,48,52,,,,,,299
1968-06-22,NW,National Weekly,38,1,50,36,11,,,,,,300
1968-06-29,NW,National Weekly,82,22,34,27,24,,,,,,301
1968-07-06,NW,National Weekly,75,29,73,63,23,,,,,,302
1968-07-13,NW,National Weekly,79,65,53,89,82,,,,,,303
1968-07-20,NW,National Weekly,86,67,41,33,38,,,,,,304
1968-07-27,NW,National Weekly,33,37,7,39,1,,,,,,305
1968-08-03,NW,National Weekly,35,50,48,79,13,,,,,,306
1968-08-10,NW,National Weekly,89,81,31,75,42,,,,,,307
1968-08-17,NW,National Weekly,68,89,42,16,81,,,,,,308
1968-08-24,NW,National Weekly,35,55,29,12,70,,,,,,309
1968-08-31,NW,National Weekly,82,88,13,37,51,,,,,,310
1968-09-07,NW,National Weekly,33,80,72,53,48,,,,,,311
1968-09-14,NW,National Weekly,69,81,80,28,18,,,,,,312
1968-09-21,NW,National Weekly,78,9,3,85,75,,,,,,313
1968-09-28,NW,National Weekly,81,7,89,15,59,,,,,,314
1968-10-05,NW,National Weekly,65,19,48,49,58,,,,,,315
1968-10-12,NW,National Weekly,23,20,57,88,70,,,,,,316
1968-10-19,NW,National Weekly,36,60,70,27,23,,,,,,317
1968-10-26,NW,National Weekly,81,80,30,47,84,,,,,,318
1968-11-02,NW,National Weekly,14,88,38,89,41,,,,,,319
1968-11-09,NW,National Weekly,40,12,33,55,69,,,,,,320
1968-11-16,NW,National Weekly,41,36,37,85,2,,,,,,321
1968-11-23,NW,National Weekly,64,16,70,54,1,,,,,,322
1968-11-30,NW,National Weekly,8,57,38,79,13,,,,,,323
1968-12-07,NW,National Weekly,32,41,6,68,70,,,,,,324
1968-12-14,NW,National Weekly,30,59,52,75,51,,,,,,325
1968-12-21,NW,National Weekly,18,56,86,78,27,,,,,,326
1968-12-28,NW,National Weekly,59,16,72,51,36,,,,,,327
1969-01-04,NW,National Weekly,25,8,19,53,73,,,,,,328
1969-01-11,NW,National Weekly,35,2,27,51,82,,,,,,329
1969-01-18,NW,National Weekly,70,72,60,8,15,,,,,,330
1969-01-25,NW,National Weekly,61,26,86,74,45,,,,,,331
1969-02-01,NW,National Weekly,24,79,5,21,56,,,,,,332
1969-02-08,NW,National Weekly,33,74,78,11,90,,,,,,333
1969-02-15,NW,National Weekly,27,72,85,25,77,,,,,,334
1969-02-22,NW,National Weekly,15,77,12,87,62,,,,,,335
1969-03-01,NW,National Weekly,38,57,28,70,90,,,,,,336
1969-03-08,NW,National Weekly,77,38,89,65,75,,,,,,337
1969-03-15,NW,National Weekly,59,26,9,17,72,,,,,,338
1969-03-22,NW,National Weekly,41,67,7,22,18,,,,,,339
1969-03-29,NW,National Weekly,27,35,66,67,2,,,,,,340
1969-04-05,NW,National Weekly,75,76,37,56,80,,,,,,341
1969-04-12,NW,National Weekly,2,83,25,11,19,,,,,,342
1969-04-19,NW,National Weekly,84,54,41,61,37,,,,,,343
1969-04-26,NW,National Weekly,85,52,59,5,35,,,,,,344
1969-05-03,NW,National Weekly,85,83,6,24,33,,,,,,345
1969-05-10,NW,National Weekly,54,58,84,85,37,,,,,,346
1969-05-17,NW,National Weekly,81,83,32,39,26,,,,,,347
1969-05-24,NW,National Weekly,33,1,43,36,22,,,,,,348
1969-05-31,NW,National Weekly,50,70,68,53,72,,,,,,349
1969-06-07,NW,National Weekly,66,64,15,81,24,,,,,,350
1969-06-14,NW,National Weekly,64,69,38,14,28,,,,,,351
1969-06-21,NW,National Weekly,17,67,89,77,1,,,,,,352
1969-06-28,NW,National Weekly,32,27,79,89,7,,,,,,353
1969-07-05,NW,National Weekly,43,68,13,75,26,,,,,,354
1969-07-12,NW,National Weekly,54,20,58,2,18,,,,,,355
1969-07-19,NW,National Weekly,28,34,5,66,10,,,,,,356
1969-07-26,NW,National Weekly,86,58,4,22,50,,,,,,357
1969-08-02,NW,National Weekly,24,85,33,51,87,,,,,,358
1969-08-09,NW,National Weekly,63,65,88,20,8,,,,,,359
1969-08-16,NW,National Weekly,22,81,88,72,29,,,,,,360
1969-08-23,NW,National Weekly,5,45,16,52,85,,,,,,361
1969-08-30,NW,National Weekly,71,81,42,51,21,,,,,,362
1969-09-06,NW,National Weekly,83,31,23,6,67,,,,,,363
1969-09-13,NW,National Weekly,55,76,16,3,30,,,,,,364
1969-09-20,NW,National Weekly,55,69,64,44,81,,,,,,365
1969-09-27,NW,National Weekly,69,87,75,83,60,,,,,,366
1969-10-04,NW,National Weekly,25,6,31,66,70,,,,,,367
1969-10-11,NW,National Weekly,71,84,83,73,33,,,,,,368
1969-10-18,NW,National Weekly,51,31,32,9,87,,,,,,369
1969-10-25,NW,National Weekly,1,2,81,11,84,,,,,,370
1969-11-01,NW,National Weekly,41,78,58,12,1,,,,,,371
1969-11-08,NW,National Weekly,8,61,69,43,45,,,,,,372
1969-11-15,NW,National Weekly,61,26,71,60,28,,,,,,373
1969-11-22,NW,National Weekly,34,35,71,8,70,,,,,,374
1969-11-29,NW,National Weekly,47,24,78,48,36,,,,,,375
1969-12-06,NW,National Weekly,55,85,32,64,88,,,,,,376
1969-12-13,NW,National Weekly,56,67,63,77,74,,,,,,377
1969-12-20,NW,National Weekly,47,64,78,7,27,,,,,,378
1969-12-27,NW,National Weekly,36,64,15,48,56,,,,,,379
1970-01-03,NW,National Weekly,85,59,37,65,89,,,,,,380
1970-01-10,NW,National Weekly,46,1,7,79,24,,,,,,381
1970-01-17,NW,National Weekly,53,77,59,20,7,,,,,,382
1970-01-24,NW,National Weekly,76,42,66,48,86,,,,,,383
1970-01-31,NW,National Weekly,55,31,57,26,28,,,,,,384
1970-02-07,NW,National Weekly,77,51,55,23,89,,,,,,385
1970-02-14,NW,National Weekly,7,42,45,57,76,,,,,,386
1970-02-21,NW,National Weekly,10,4,85,74,11,,,,,,387
1970-02-28,NW,National Weekly,21,59,72,53,76,,,,,,388
1970-03-07,NW,National Weekly,73,41,28,71,55,,,,,,389
1970-03-14,NW,National Weekly,19,59,25,12,88,,,,,,390
1970-03-21,NW,National Weekly,70,47,86,6,82,,,,,,391
1970-03-28,NW,National Weekly,33,49,59,38,56,,,,,,392
1970-04-04,NW,National Weekly,13,80,67,68,20,,,,,,393
1970-04-11,NW,National Weekly,8,2,20,13,85,,,,,,394
1970-04-18,NW,National Weekly,70,88,72,19,29,,,,,,395
1970-04-25,NW,National Weekly,90,74,6,28,69,,,,,,396
1970-05-02,NW,National Weekly,26,16,55,30,77,,,,,,397
1970-05-09,NW,National Weekly,44,76,55,36,54,,,,,,398
1970-05-16,NW,National Weekly,71,88,80,76,30,,,,,,399
1970-05-23,NW,National Weekly,42,52,70,68,81,,,,,,400
1970-05-30,NW,National Weekly,27,20,53,76,85,,,,,,401
1970-06-06,NW,National Weekly,31,89,1,25,51,,,,,,402
1970-06-13,NW,National Weekly,58,61,10,22,5,,,,,,403
1970-06-20,NW,National Weekly,66,65,55,87,61,,,,,,404
1970-06-27,NW,National Weekly,89,6,60,17,52,,,,,,405
1970-07-04,NW,National Weekly,17,67,28,25,81,,,,,,406
1970-07-11,NW,National Weekly,2,68,72,30,40,,,,,,407
1970-07-18,NW,National Weekly,70,60,54,71,22,,,,,,408
1970-07-25,NW,National Weekly,49,70,55,13,5,,,,,,409
1970-08-01,NW,National Weekly,90,56,19,42,15,,,,,,410
1970-08-08,NW,National Weekly,14,41,40,31,47,,,,,,411
1970-08-15,NW,National Weekly,83,32,85,63,43,,,,,,412
1970-08-22,NW,National Weekly,70,9,39,12,2,,,,,,413
1970-08-29,NW,National Weekly,89,49,39,68,4,,,,,,414
1970-09-05,NW,National Weekly,69,9,43,28,17,,,,,,415
1970-09-12,NW,National Weekly,87,31,46,39,79,,,,,,416
1970-09-19,NW,National Weekly,41,33,46,39,9,,,,,,417
1970-09-26,NW,National Weekly,39,31,61,59,28,,,,,,418
1970-10-03,NW,National Weekly,38,58,60,39,44,,,,,,419
1970-10-10,NW,National Weekly,25,83,28,1,2,,,,,,420
1970-10-17,NW,National Weekly,47,46,7,87,79,,,,,,421
1970-10-24,NW,National Weekly,81,41,61,44,86,,,,,,422
1970-10-31,NW,National Weekly,37,34,51,61,15,,,,,,423
1970-11-07,NW,National Weekly,72,36,58,62,29,,,,,,424
1970-11-14,NW,National Weekly,23,3,75,71,54,,,,,,425
1970-11-21,NW,National Weekly,45,90,54,56,89,,,,,,426
1970-11-28,NW,National Weekly,15,4,1,63,70,,,,,,427
1970-12-05,NW,National Weekly,90,44,85,41,4,,,,,,428
1970-12-12,NW,National Weekly,41,82,78,23,28,,,,,,429
1970-12-19,NW,National Weekly,85,80,65,82,20,,,,,,430
1970-12-26,NW,National Weekly,13,9,8,75,79,,,,,,431
1971-01-02,NW,National Weekly,67,63,14,75,17,19,4,39,42,2,432
1971-01-09,NW,National Weekly,8,19,52,10,83,63,75,17,26,59,433
1971-01-16,NW,National Weekly,13,76,26,67,53,64,40,62,33,50,434
1971-01-23,NW,National Weekly,23,22,82,79,65,43,67,12,84,46,435
1971-01-30,NW,National Weekly,39,11,81,44,12,22,25,71,59,41,436
1971-02-06,NW,National Weekly,66,40,31,10,22,59,78,37,75,48,437
1971-02-13,NW,National Weekly,46,2,69,51,28,67,71,57,16,64,438
1971-02-20,NW,National Weekly,2,90,15,3,67,19,42,48,4,56,439
1971-02-27,NW,National Weekly,12,26,73,8,40,60,33,37,51,47,440
1971-03-06,NW,National Weekly,65,60,56,78,49,17,24,76,34,45,441
1971-03-13,NW,National Weekly,86,54,81,73,72,64,80,18,63,5,442
1971-03-20,NW,National Weekly,76,3,88,1,4,58,78,52,29,11,443
1971-03-27,NW,National Weekly,41,58,74,2,29,70,86,54,67,66,444
1971-04-03,NW,National Weekly,39,47,64,80,23,15,79,53,41,21,445
1971-04-10,NW,National Weekly,64,73,16,49,27,12,78,83,6,34,446
1971-04-17,NW,National Weekly,34,37,69,51,36,4,85,50,23,76,447
1971-04-24,NW,National Weekly,81,86,18,30,11,58,74,34,55,47,448
1971-05-01,NW,National Weekly,39,10,28,77,9,33,24,68,20,2,449
1971-05-08,NW,National Weekly,4,42,5,17,78,62,64,31,15,8,450
1971-05-15,NW,National Weekly,24,48,27,15,45,14,38,53,8,19,451
1971-05-22,NW,National Weekly,75,89,33,27,10,29,60,8,77,43,452
1971-05-29,NW,National Weekly,36,1,42,55,28,40,58,47,10,56,453
1971-06-05,NW,National Weekly,17,74,33,69,67,68,89,41,13,35,454
1971-06-12,NW,National Weekly,66,63,77,14,8,45,84,70,50,58,455
1971-06-19,NW,National Weekly,46,11,82,68,21,6,78,62,39,59,456
1971-06-26,NW,National Weekly,23,8,80,67,40,70,29,16,53,61,457
1971-07-03,NW,National Weekly,85,90,4,14,64,69,34,11,44,72,458
1971-07-10,NW,National Weekly,1,35,10,38,52,28,71,84,13,25,459
1971-07-17,NW,National Weekly,16,57,78,81,30,41,48,70,9,49,460
1971-07-24,NW,National Weekly,85,1,41,76,80,13,70,15,50,84,461
1971-07-31,NW,National Weekly,65,52,29,5,50,32,67,59,80,33,462
1971-08-07,NW,National Weekly,2,37,30,81,29,35,44,82,76,1,463
1971-08-14,NW,National Weekly,78,84,51,32,13,47,62,58,4,16,464
1971-08-21,NW,National Weekly,49,36,31,22,15,54,56,52,37,3,465
1971-08-28,NW,National Weekly,45,37,26,47,14,20,67,66,54,4,466
1971-09-04,NW,National Weekly,76,53,86,51,2,19,38,5,77,79,467
1971-09-11,NW,National Weekly,50,34,14,26,43,54,67,46,90,3,468
1971-09-18,NW,National Weekly,62,71,60,39,18,88,76,54,37,57,469
1971-09-25,NW,National Weekly,70,4,51,28,57,59,7,42,54,55,470
1971-10-02,NW,National Weekly,36,5,6,28,10,35,31,26,41,78,471
1971-10-09,NW,National Weekly,26,3,9,75,15,63,57,20,46,17,472
1971-10-16,NW,National Weekly,2,46,43,48,16,78,18,6,50,20,473
1971-10-23,NW,National Weekly,74,13,4,9,70,84,46,48,44,14,474
1971-10-30,NW,National Weekly,24,58,85,49,14,37,87,34,77,55,475
1971-11-06,NW,National Weekly,12,61,36,47,75,6,19,78,58,40,476
1971-11-13,NW,National Weekly,1,48,27,54,16,2,68,37,43,76,477
1971-11-20,NW,National Weekly,14,43,27,39,71,44,23,52,88,36,478
1971-11-27,NW,National Weekly,82,29,45,77,4,43,42,51,39,72,479
1971-12-04,NW,National Weekly,25,1,44,23,71,28,72,5,70,36,480
1971-12-11,NW,National Weekly,24,18,25,26,57,1,20,87,54,23,481
1971-12-18,NW,National Weekly,50,26,87,28,47,7,53,11,43,88,482
1971-12-25,NW,National Weekly,1,56,22,23,52,82,85,68,37,2,483
1972-01-01,NW,National Weekly,7,86,18,71,21,72,64,32,37,88,484
1972-01-08,NW,National Weekly,27,42,52,45,24,57,71,51,2,48,485
1972-01-15,NW,National Weekly,79,73,52,35,17,36,18,9,47,10,486
1972-01-22,NW,National Weekly,57,81,29,12,76,53,58,68,32,59,487
1972-01-29,NW,National Weekly,74,15,71,45,53,43,23,31,25,18,488
1972-02-05,NW,National Weekly,74,51,54,77,47,64,39,66,72,35,489
1972-02-12,NW,National Weekly,12,44,54,28,8,3,42,19,65,4,490
1972-02-19,NW,National Weekly,53,56,49,42,11,88,45,14,2,55,491
1972-02-26,NW,National Weekly,17,6,72,52,1,90,14,32,82,39,492
1972-03-04,NW,National Weekly,21,87,56,42,3,67,48,34,57,58,493
1972-03-11,NW,National Weekly,41,7,29,43,85,30,37,56,4,5,494
1972-03-18,NW,National Weekly,20,11,41,64,2,74,45,38,15,55,495
1972-03-25,NW,National Weekly,55,13,66,81,7,58,89,39,88,83,496
1972-04-01,NW,National Weekly,49,89,67,22,31,79,14,72,45,30,497
1972-04-08,NW,National Weekly,50,65,17,22,34,2,29,46,55,59,498
1972-04-15,NW,National Weekly,1,38,17,31,15,21,76,10,68,25,499
1972-04-22,NW,National Weekly,11,24,83,31,48,70,87,18,44,33,500
1972-04-29,NW,National Weekly,9,18,19,54,23,75,34,3,25,84,501
1972-05-06,NW,National Weekly,79,31,84,36,87,19,76,16,73,80,502
1972-05-13,NW,National Weekly,75,87,20,90,43,1,53,24,39,69,503
1972-05-20,NW,National Weekly,90,71,66,10,62,72,55,78,68,65,504
1972-05-27,NW,National Weekly,74,86,46,79,18,53,75,8,13,15,505
1972-06-03,NW,National Weekly,6,72,12,62,61,27,65,29,20,15,506
1972-06-10,NW,National Weekly,79,66,30,6,84,58,45,89,41,54,507
1972-06-17,NW,National Weekly,22,73,4,64,41,19,56,18,59,37,508
1972-06-24,NW,National Weekly,52,81,6,25,75,31,66,51,71,8,509
1972-07-01,NW,National Weekly,86,90,9,19,23,80,61,62,71,51,510
1972-07-08,NW,National Weekly,26,42,40,38,30,18,80,9,24,57,511
1972-07-15,NW,National Weekly,29,84,74,3,88,64,62,33,10,47,512
1972-07-22,NW,National Weekly,76,17,58,32,89,20,23,3,38,55,513
1972-07-29,NW,National Weekly,57,52,7,25,9,44,68,33,51,79,514
1972-08-05,NW,National Weekly,78,41,74,10,11,66,4,20,13,57,515
1972-08-12,NW,National Weekly,25,26,58,6,88,53,54,4,16,51,516
1972-08-19,NW,National Weekly,47,31,59,82,67,56,20,51,71,37,517
1972-08-26,NW,National Weekly,26,32,35,39,86,23,25,5,22,73,518
1972-09-02,NW,National Weekly,74,17,4,88,53,39,21,8,30,19,519
1972-09-10,NW,National Weekly,7,69,43,48,53,67,82,70,47,37,520
1972-09-16,NW,National Weekly,9,23,39,85,40,32,65,67,48,78,521
1972-09-23,NW,National Weekly,18,74,22,19,1,33,81,80,6,71,522
1972-09-30,NW,National Weekly,84,54,20,22,5,50,73,67,45,49,523
1972-10-07,NW,National Weekly,86,66,4,58,5,52,12,36,50,48,524
1972-10-14,NW,National Weekly,87,43,15,61,37,58,13,17,7,64,525
1972-10-21,NW,National Weekly,49,31,47,56,82,72,3,50,45,36,526
1972-10-28,NW,National Weekly,9,41,25,26,32,55,73,24,57,18,527
1972-11-04,NW,National Weekly,53,9,49,64,17,46,57,16,76,4,528
1972-11-11,NW,National Weekly,58,74,15,12,80,1,54,45,40,4,529
1972-11-18,NW,National Weekly,79,40,38,63,50,55,64,66,23,46,530
1972-11-25,NW,National Weekly,48,21,83,53,50,5,89,30,90,88,531
1972-12-02,NW,National Weekly,12,24,32,45,63,4,29,1,73,10,532
1972-12-09,NW,National Weekly,54,41,53,83,80,42,52,77,17,45,533
1972-12-16,NW,National Weekly,16,2,45,53,88,46,69,74,35,10,534
1972-12-23,NW,National Weekly,85,74,65,33,54,34,8,67,66,68,535
1972-12-30,NW,National Weekly,9,1,42,88,89,66,83,53,80,78,536
1973-01-06,NW,National Weekly,11,90,22,8,62,73,41,86,83,44,537
1973-01-13,NW,National Weekly,60,4,67,71,19,56,50,1,13,55,538
1973-01-20,NW,National Weekly,17,61,16,46,27,6,20,38,49,76,539
1973-01-27,NW,National Weekly,13,33,19,18,49,42,22,8,89,67,540
1973-02-03,NW,National Weekly,3,50,64,52,40,58,17,81,45,71,541
1973-02-10,NW,National Weekly,65,43,68,63,21,48,33,4,5,53,542
1973-02-17,NW,National Weekly,23,50,41,48,75,34,6,42,12,13,543
1973-02-24,NW,National Weekly,8,10,23,3,89,70,25,40,21,46,544
1973-03-03,NW,National Weekly,44,43,90,11,18,84,73,53,33,67,545
1973-03-10,NW,National Weekly,5,11,55,26,31,28,14,80,45,18,546
1973-03-17,NW,National Weekly,25,45,73,55,71,74,40,53,19,62,547
1973-03-24,NW,National Weekly,33,11,27,86,79,61,2,53,87,85,548
1973-03-31,NW,National Weekly,59,90,41,38,49,69,22,15,73,58,549
1973-04-07,NW,National Weekly,69,44,3,9,87,79,4,60,71,54,550
1973-04-14,NW,National Weekly,79,81,72,82,33,62,71,10,56,4,551
1973-04-21,NW,National Weekly,70,67,51,88,24,39,6,59,10,54,552
1973-04-28,NW,National Weekly,8,64,77,53,88,24,23,2,70,27,553
1973-05-05,NW,National Weekly,53,16,64,3,49,66,74,90,12,72,554
1973-05-12,NW,National Weekly,25,16,10,51,78,84,40,47,1,30,555
1973-05-19,NW,National Weekly,39,24,62,80,77,54,70,41,33,72,556
1973-05-26,NW,National Weekly,7,35,13,11,6,70,27,41,32,90,557
1973-06-02,NW,National Weekly,54,90,6,5,50,1,68,37,45,15,558
1973-06-09,NW,National Weekly,35,13,40,82,24,86,49,37,32,57,559
1973-06-16,NW,National Weekly,75,61,37,46,50,78,86,34,36,62,560
1973-06-23,NW,National Weekly,9,24,3,55,18,47,30,59,74,69,561
1973-06-30,NW,National Weekly,1,34,4,81,71,12,83,65,40,79,562
1973-07-07,NW,National Weekly,53,37,13,25,48,46,59,77,18,74,563
1973-07-14,NW,National Weekly,90,60,50,87,15,74,77,17,11,55,564
1973-07-21,NW,National Weekly,88,57,83,89,75,46,63,23,4,55,565
1973-07-28,NW,National Weekly,21,60,49,62,52,86,53,38,4,26,566
1973-08-04,NW,National Weekly,23,70,14,16,22,37,39,30,72,40,567
1973-08-11,NW,National Weekly,71,21,70,36,23,55,58,56,30,34,568
1973-08-18,NW,National Weekly,65,52,15,6,46,24,72,4,83,22,569
1973-08-25,NW,National Weekly,1,32,74,87,47,75,6,36,18,2,570
1973-09-01,NW,National Weekly,5,72,11,75,63,18,20,48,35,58,571
1973-09-08,NW,National Weekly,39,54,23,61,34,67,29,49,62,71,572
1973-09-15,NW,National Weekly,30,71,60,61,80,34,77,26,64,78,573
1973-09-22,NW,National Weekly,32,12,61,20,79,48,36,60,37,46,574
1973-09-29,NW,National Weekly,30,81,67,90,18,59,26,24,1,46,575
1973-10-06,NW,National Weekly,84,47,52,51,83,31,57,20,89,37,576
1973-10-13,NW,National Weekly,13,85,34,40,90,11,48,5,26,47,577
1973-10-20,NW,National Weekly,49,38,20,41,63,47,88,83,9,69,578
1973-10-27,NW,National Weekly,88,66,67,50,49,45,78,47,41,58,579
1973-11-03,NW,National Weekly,16,79,85,54,82,31,4,74,8,32,580
1973-11-10,NW,National Weekly,9,8,11,60,39,58,24,20,36,90,581
1973-11-17,NW,National Weekly,69,24,58,68,12,16,67,40,17,76,582
1973-11-24,NW,National Weekly,2,13,79,86,82,45,87,42,17,81,583
1973-12-01,NW,National Weekly,69,28,85,48,52,33,54,27,73,25,584
1973-12-08,NW,National Weekly,71,33,53,68,11,29,75,36,23,43,585
1973-12-15,NW,National Weekly,75,63,8,73,78,71,31,56,38,11,586
1973-12-22,NW,National Weekly,29,55,31,41,61,79,19,39,68,72,587
1973-12-29,NW,National Weekly,39,63,86,90,25,87,31,37,53,68,588
1974-01-05,NW,National Weekly,28,52,53,12,25,14,48,56,81,77,589
1974-01-12,NW,National Weekly,58,37,49,3,60,85,62,28,69,33,590
1974-01-19,NW,National Weekly,81,51,5,88,58,74,70,56,10,4,591
1974-01-26,NW,National Weekly,70,37,11,19,73,49,48,55,58,22,592
1974-02-02,NW,National Weekly,22,90,81,82,49,1,57,88,23,47,593
1974-02-09,NW,National Weekly,74,13,47,2,10,61,18,26,67,79,594
1974-02-16,NW,National Weekly,22,38,46,21,57,66,76,16,37,79,595
1974-02-23,NW,National Weekly,7,81,76,12,47,55,29,25,60,24,596
1974-03-02,NW,National Weekly,81,44,12,42,25,46,57,75,19,60,597
1974-03-09,NW,National Weekly,35,46,28,41,64,75,36,73,66,49,598
1974-03-16,NW,National Weekly,32,54,19,50,21,87,18,11,31,57,599
1974-03-23,NW,National Weekly,46,10,29,55,77,59,28,42,62,4,600
1974-03-30,NW,National Weekly,6,59,35,52,44,38,71,37,62,46,601
1974-04-06,NW,National Weekly,87,89,56,3,1,78,49,88,12,54,602
1974-04-13,NW,National Weekly,67,4,58,84,78,37,30,66,68,24,603
1974-04-20,NW,National Weekly,56,60,71,5,2,43,79,48,3,36,604
1974-04-27,NW,National Weekly,74,46,71,79,89,41,47,39,25,2,605
1974-05-04,NW,National Weekly,74,40,53,51,77,6,16,35,41,25,606
1974-05-11,NW,National Weekly,49,5,75,9,18,60,1,32,30,17,607
1974-05-18,NW,National Weekly,35,27,9,48,21,50,54,73,26,72,608
1974-05-25,NW,National Weekly,22,67,74,11,50,77,41,9,55,17,609
1974-06-01,NW,National Weekly,15,78,18,5,24,85,88,40,7,86,610
1974-06-08,NW,National Weekly,3,37,66,29,14,72,35,48,47,76,611
1974-06-15,NW,National Weekly,81,25,69,77,17,34,51,1,85,33,612
1974-06-22,NW,National Weekly,57,71,72,1,61,68,56,79,6,55,613
1974-06-29,NW,National Weekly,79,69,85,19,32,48,60,62,37,33,614
1974-07-06,NW,National Weekly,58,50,21,66,18,75,70,4,40,6,615
1974-07-13,NW,National Weekly,63,64,40,44,13,41,28,1,51,4,616
1974-07-20,NW,National Weekly,58,79,25,21,51,67,38,27,75,31,617
1974-07-27,NW,National Weekly,54,7,12,8,88,41,16,72,46,2,618
1974-08-03,NW,National Weekly,30,23,28,56,52,64,22,15,50,37,619
1974-08-10,NW,National Weekly,24,41,31,76,23,10,25,44,89,90,620
1974-08-17,NW,National Weekly,70,21,80,25,35,81,72,50,12,34,621
1974-08-24,NW,National Weekly,15,60,67,40,49,37,53,48,68,45,622
1974-08-31,NW,National Weekly,63,32,72,14,24,1,64,58,85,19,623
1974-09-07,NW,National Weekly,40,14,7,10,81,46,5,70,28,55,624
1974-09-14,NW,National Weekly,32,72,88,30,56,68,31,84,57,18,625
1974-09-21,NW,National Weekly,16,9,64,63,34,62,87,83,70,36,626
1974-09-28,NW,National Weekly,67,1,2,14,49,78,82,36,74,88,627
1974-10-05,NW,National Weekly,47,54,90,48,67,64,50,71,9,26,628
1974-10-12,NW,National Weekly,87,45,53,38,20,28,21,18,49,30,629
1974-10-19,NW,National Weekly,27,1,65,17,22,33,78,7,48,47,630
1974-10-26,NW,National Weekly,41,26,24,64,7,79,59,21,10,37,631
1974-11-02,NW,National Weekly,25,45,3,54,84,75,49,88,56,43,632
1974-11-09,NW,National Weekly,28,84,47,35,43,81,22,24,66,2,633
1974-11-16,NW,National Weekly,13,14,86,33,21,84,75,55,26,49,634
1974-11-23,NW,National Weekly,11,29,34,30,67,4,58,39,83,41,635
1974-11-30,NW,National Weekly,18,2,11,33,21,50,13,62,26,31,636
1974-12-07,NW,National Weekly,70,41,75,49,76,2,13,18,58,26,637
1974-12-14,NW,National Weekly,56,20,79,72,31,89,24,37,77,84,638
1974-12-21,NW,National Weekly,42,63,24,4,11,8,1,73,46,57,639
1974-12-28,NW,National Weekly,1,41,58,18,30,71,80,11,79,84,640
1975-01-04,NW,National Weekly,7,13,15,62,3,33,29,82,58,68,641
1975-01-11,NW,National Weekly,70,33,90,23,25,75,32,17,42,59,642
1975-01-18,NW,National Weekly,76,18,17,8,22,32,80,16,65,15,643
1975-01-25,NW,National Weekly,5,14,67,26,73,79,10,29,28,36,644
1975-02-01,NW,National Weekly,50,13,77,81,34,51,60,19,37,21,645
1975-02-08,NW,National Weekly,40,85,67,5,23,68,82,31,47,58,646
1975-02-15,NW,National Weekly,11,4,28,67,51,1,71,57,45,69,647
1975-02-22,NW,National Weekly,26,51,69,78,52,61,38,58,4,18,648
1975-03-01,NW,National Weekly,85,26,27,25,87,60,45,51,67,13,649
1975-03-08,NW,National Weekly,60,66,86,18,11,67,20,23,4,47,650
1975-03-15,NW,National Weekly,41,28,63,65,82,88,83,44,58,23,651
1975-03-22,NW,National Weekly,53,76,55,71,60,83,32,33,8,41,652
1975-03-29,NW,National Weekly,66,18,51,77,14,75,33,48,10,55,653
1975-04-05,NW,National Weekly,4,22,88,32,6,68,1,89,14,45,654
1975-04-12,NW,National Weekly,35,73,7,86,54,18,14,62,76,56,655
1975-04-19,NW,National Weekly,13,9,26,65,56,21,47,41,31,32,656
1975-04-26,NW,National Weekly,55,3,86,48,9,52,1,81,35,79,657
1975-05-03,NW,National Weekly,85,88,64,40,74,73,17,70,45,50,658
1975-05-10,NW,National Weekly,11,10,75,89,52,69,1,37,71,53,659
1975-05-17,NW,National Weekly,2,27,90,46,42,26,89,67,32,1,660
1975-05-24,NW,National Weekly,11,46,29,26,77,31,81,71,3,86,661
1975-05-31,NW,National Weekly,44,50,53,66,17,59,65,84,21,54,662
1975-06-07,NW,National Weekly,37,72,77,4,23,89,2,58,44,45,663
1975-06-14,NW,National Weekly,64,72,23,46,10,68,43,28,82,12,664
1975-06-21,NW,National Weekly,1,73,52,71,56,84,41,39,78,35,665
1975-06-28,NW,National Weekly,28,78,3,31,10,54,66,34,4,37,666
1975-07-05,NW,National Weekly,22,18,45,9,56,43,87,82,7,47,667
1975-07-12,NW,National Weekly,59,11,55,16,54,66,51,70,24,17,668
1975-07-19,NW,National Weekly,60,8,21,33,27,88,4,32,42,77,669
1975-07-26,NW,National Weekly,58,11,15,77,21,32,76,57,22,73,670
1975-08-02,NW,National Weekly,53,5,86,77,72,10,22,39,60,56,671
1975-08-09,NW,National Weekly,27,34,29,6,32,57,8,39,90,46,672
1975-08-16,NW,National Weekly,52,46,2,64,81,33,40,62,59,45,673
1975-08-23,NW,National Weekly,20,81,75,11,87,77,2,12,4,26,674
1975-08-30,NW,National Weekly,53,87,30,72,16,82,23,47,63,70,675
1975-09-06,NW,National Weekly,87,44,16,52,31,37,36,59,50,90,676
1975-09-13,NW,National Weekly,23,80,64,30,49,9,19,58,25,65,677
1975-09-20,NW,National Weekly,48,57,32,53,21,64,54,67,22,51,678
1975-09-27,NW,National Weekly,6,46,2,88,41,9,35,78,10,24,679
1975-10-04,NW,National Weekly,84,78,39,61,79,29,25,9,70,83,680
1975-10-11,NW,National Weekly,17,79,34,54,90,37,83,27,47,1,681
1975-10-18,NW,National Weekly,86,73,85,20,70,57,78,89,83,6,682
1975-10-25,NW,National Weekly,59,75,37,81,78,4,7,44,57,60,683
1975-11-01,NW,National Weekly,90,38,35,65,17,23,41,6,34,32,684
1975-11-08,NW,National Weekly,54,55,51,11,18,12,39,70,43,58,685
1975-11-15,NW,National Weekly,3,25,44,55,28,18,54,60,56,1,686
1975-11-22,NW,National Weekly,41,74,83,28,9,76,56,1,70,7,687
1975-11-29,NW,National Weekly,26,12,85,88,42,32,25,1,17,49,688
1975-12-06,NW,National Weekly,70,3,42,35,1,85,23,41,86,32,689
1975-12-13,NW,National Weekly,81,68,32,27,37,20,16,33,82,17,690
1975-12-20,NW,National Weekly,29,14,40,62,38,41,24,46,66,28,691
1975-12-27,NW,National Weekly,55,71,77,8,17,80,86,62,33,50,692
1976-01-03,NW,National Weekly,37,33,88,14,58,7,30,52,42,48,693
1976-01-10,NW,National Weekly,59,88,35,5,45,67,75,70,13,55,694
1976-01-17,NW,National Weekly,43,90,88,51,30,24,67,31,3,55,695
1976-01-24,NW,National Weekly,24,58,71,41,6,2,67,85,74,48,696
1976-01-31,NW,National Weekly,19,62,64,33,84,55,59,15,2,3,697
1976-02-07,NW,National Weekly,85,5,81,33,76,27,72,78,74,86,698
1976-02-14,NW,National Weekly,77,36,81,20,64,55,39,21,18,35,699
1976-02-21,NW,National Weekly,28,2,27,4,21,77,31,7,72,22,700
1976-02-28,NW,National Weekly,37,80,65,14,30,32,26,72,87,84,701
1976-03-06,NW,National Weekly,42,37,90,84,20,46,50,75,63,13,702
1976-03-13,NW,National Weekly,72,3,27,6,50,43,1,74,63,79,703
1976-03-20,NW,National Weekly,82,74,88,70,30,27,33,56,75,1,704
1976-03-27,NW,National Weekly,1,74,29,45,8,52,67,57,4,54,705
1976-04-03,NW,National Weekly,5,80,39,13,52,65,90,55,44,81,706
1976-04-10,NW,National Weekly,36,2,65,18,59,54,46,60,3,55,707
1976-04-17,NW,National Weekly,12,65,27,56,46,3,21,32,79,64,708
1976-04-24,NW,National Weekly,32,79,39,64,22,68,88,59,44,86,709
1976-05-01,NW,National Weekly,29,10,52,46,84,15,53,83,57,48,710
1976-05-08,NW,National Weekly,60,6,28,85,57,49,27,33,61,17,711
1976-05-15,NW,National Weekly,20,9,35,61,77,46,55,34,25,2,712
1976-05-22,NW,National Weekly,40,77,19,71,6,22,24,47,26,10,713
1976-05-29,NW,National Weekly,69,70,67,74,17,75,45,53,77,83,714
1976-06-05,NW,National Weekly,85,63,71,24,9,60,17,38,77,35,715
1976-06-12,NW,National Weekly,5,29,73,82,76,65,46,9,87,54,716
1976-06-19,NW,National Weekly,17,75,50,51,63,79,52,64,40,77,717
1976-06-26,NW,National Weekly,21,72,88,37,80,81,38,40,41,77,718
1976-07-03,NW,National Weekly,54,51,50,68,70,58,85,76,86,39,719
1976-07-10,NW,National Weekly,32,83,23,54,71,6,7,41,61,57,720
1976-07-17,NW,National Weekly,77,34,54,81,44,4,39,46,42,60,721
1976-07-24,NW,National Weekly,80,82,13,45,21,29,46,67,38,73,722
1976-07-31,NW,National Weekly,12,66,21,28,46,45,78,3,88,48,723
1976-08-07,NW,National Weekly,81,20,46,40,12,18,26,88,45,62,724
1976-08-14,NW,National Weekly,23,6,75,70,69,19,16,52,21,71,725
1976-08-21,NW,National Weekly,50,55,38,83,11,48,52,40,33,4,726
1976-08-28,NW,National Weekly,47,79,26,68,8,80,11,36,4,39,727
1976-09-04,NW,National Weekly,85,50,76,42,67,26,47,57,55,18,728
1976-09-11,NW,National Weekly,54,79,39,86,67,66,6,36,52,49,729
1976-09-18,NW,National Weekly,7,28,20,73,71,24,74,29,75,4,730
1976-09-25,NW,National Weekly,27,75,11,35,36,49,77,19,45,5,731
1976-10-02,NW,National Weekly,71,4,52,65,10,31,84,17,73,38,732
1976-10-09,NW,National Weekly,58,77,41,18,29,17,56,12,39,83,733
1976-10-16,NW,National Weekly,21,67,55,20,12,7,32,81,68,45,734
1976-10-23,NW,National Weekly,40,17,45,68,56,31,16,15,38,37,735
1976-10-30,NW,National Weekly,85,50,8,73,58,14,38,74,83,64,736
1976-11-06,NW,National Weekly,59,20,10,41,75,66,72,31,24,37,737
1976-11-13,NW,National Weekly,16,12,62,54,46,27,55,71,82,15,738
1976-11-20,NW,National Weekly,19,90,49,36,83,42,60,34,4,59,739
1976-11-27,NW,National Weekly,57,82,19,12,54,18,28,25,61,29,740
1976-12-04,NW,National Weekly,64,33,85,28,7,32,80,37,20,74,741
1976-12-11,NW,National Weekly,59,26,42,34,82,11,33,72,64,74,742
1976-12-18,NW,National Weekly,75,55,67,57,25,24,34,66,45,88,743
1976-12-25,NW,National Weekly,64,52,43,79,51,41,73,66,57,39,744
1977-01-01,NW,National Weekly,13,11,14,25,55,58,51,39,57,69,745
1977-01-08,NW,National Weekly,13,45,33,80,25,79,34,19,11,5,746
1977-01-15,NW,National Weekly,83,73,75,82,51,88,23,30,33,46,747
1977-01-22,NW,National Weekly,22,39,61,57,73,68,89,4,58,8,748
1977-01-29,NW,National Weekly,81,6,71,13,78,70,37,77,67,7,749
1977-02-05,NW,National Weekly,71,48,86,80,34,87,40,6,46,30,750
1977-02-12,NW,National Weekly,75,6,44,63,74,1,2,36,90,51,751
1977-02-19,NW,National Weekly,78,56,85,3,41,2,88,34,24,32,752
1977-02-26,NW,National Weekly,61,80,55,8,84,76,6,9,46,51,753
1977-03-05,NW,National Weekly,73,80,62,48,33,72,67,10,68,32,754
1977-03-12,NW,National Weekly,26,82,7,76,56,11,86,37,69,42,755
1977-03-19,NW,National Weekly,66,64,73,27,5,46,76,44,87,36,756
1977-03-26,NW,National Weekly,45,81,72,75,63,38,30,14,6,25,757
1977-04-02,NW,National Weekly,27,61,18,88,54,66,30,29,35,32,758
1977-04-09,NW,National Weekly,69,79,51,15,57,74,63,70,56,50,759
1977-04-16,NW,National Weekly,84,25,79,41,74,49,11,31,24,66,760
1977-04-23,NW,National Weekly,66,81,50,62,90,16,72,69,30,89,761
1977-04-30,NW,National Weekly,16,82,53,84,73,31,64,33,57,29,762
1977-05-07,NW,National Weekly,34,10,77,37,15,83,80,14,1,52,763
1977-05-14,NW,National Weekly,72,11,2,34,50,47,35,4,41,28,764
1977-05-21,NW,National Weekly,58,70,23,39,84,10,24,2,50,33,765
1977-05-28,NW,National Weekly,54,58,26,28,23,41,77,75,24,51,766
1977-06-04,NW,National Weekly,71,85,37,10,53,24,38,46,88,26,767
1977-06-11,NW,National Weekly,29,71,64,45,22,78,58,11,43,10,768
1977-06-18,NW,National Weekly,10,57,89,75,27,25,90,44,54,56,769
1977-06-25,NW,National Weekly,72,37,76,12,49,66,70,75,54,45,770
1977-07-02,NW,National Weekly,71,22,9,16,4,1,6,3,75,39,771
1977-07-09,NW,National Weekly,83,85,47,34,42,72,13,20,32,27,772
1977-07-16,NW,National Weekly,39,13,5,38,52,63,73,18,1,6,773
1977-07-23,NW,National Weekly,43,52,2,45,70,76,37,32,78,87,774
1977-07-30,NW,National Weekly,6,32,20,66,1,90,43,46,4,64,775
1977-08-06,NW,National Weekly,33,35,48,20,38,90,63,1,43,46,776
1977-08-13,NW,National Weekly,18,67,42,5,38,45,83,79,50,34,777
1977-08-20,NW,National Weekly,15,13,40,37,5,70,35,59,55,74,778
1977-08-27,NW,National Weekly,56,20,64,63,21,65,2,16,30,70,779
1977-09-03,NW,National Weekly,5,52,73,66,8,31,43,61,36,53,780
1977-09-10,NW,National Weekly,36,3,27,21,81,35,70,63,47,48,781
1977-09-17,NW,National Weekly,76,7,10,32,16,66,56,83,22,12,782
1977-09-24,NW,National Weekly,83,78,75,41,9,38,39,63,31,50,783
1977-10-01,NW,National Weekly,36,19,32,30,58,31,83,65,61,86,784
1977-10-08,NW,National Weekly,45,42,73,78,60,13,56,37,59,8,785
1977-10-15,NW,National Weekly,42,60,76,63,10,2,4,69,81,82,786
1977-10-22,NW,National Weekly,89,82,72,57,78,7,8,77,71,66,787
1977-10-29,NW,National Weekly,36,65,62,82,89,54,38,55,29,32,788
1977-11-05,NW,National Weekly,69,17,28,63,38,35,54,9,19,33,789
1977-11-12,NW,National Weekly,89,20,36,53,9,88,70,4,47,32,790
1977-11-19,NW,National Weekly,87,69,18,10,48,65,19,90,22,29,791
1977-11-26,NW,National Weekly,58,81,66,50,5,70,3,68,9,10,792
1977-12-03,NW,National Weekly,83,45,81,20,85,18,74,34,48,57,793
1977-12-10,NW,National Weekly,64,46,6,30,85,83,24,68,84,47,794
1977-12-17,NW,National Weekly,86,2,37,3,88,20,1,68,46,49,795
1977-12-24,NW,National Weekly,26,55,7,57,15,30,27,24,23,47,796
1977-12-31,NW,National Weekly,67,52,63,71,16,18,41,74,25,77,797
1978-01-07,NW,National Weekly,27,81,67,32,62,51,37,88,61,79,798
1978-01-14,NW,National Weekly,45,82,71,10,41,69,21,85,24,3,799
1978-01-21,NW,National Weekly,36,27,53,9,48,73,62,56,57,41,800
1978-01-28,NW,National Weekly,47,32,25,82,17,20,78,52,11,60,801
1978-02-04,NW,National Weekly,60,23,81,55,43,62,29,28,54,16,802
1978-02-11,NW,National Weekly,49,90,75,30,61,42,6,69,34,65,803
1978-02-18,NW,National Weekly,52,53,82,30,66,79,67,62,38,60,804
1978-02-25,NW,National Weekly,76,5,60,73,9,65,70,84,79,29,805
1978-03-04,NW,National Weekly,88,28,29,64,22,80,40,72,19,51,806
1978-03-11,NW,National Weekly,35,37,23,75,63,76,81,46,2,52,807
1978-03-18,NW,National Weekly,23,58,87,60,19,16,56,46,25,42,808
1978-03-25,NW,National Weekly,67,25,88,45,30,87,40,38,66,80,809
1978-04-01,NW,National Weekly,59,25,32,44,50,34,5,79,30,16,810
1978-04-08,NW,National Weekly,51,63,56,3,68,8,74,52,71,44,811
1978-04-15,NW,National Weekly,45,25,27,38,36,58,26,48,88,21,812
1978-04-22,NW,National Weekly,57,21,44,76,14,18,88,79,51,43,813
1978-04-29,NW,National Weekly,57,53,86,72,73,50,2,37,6,47,814
1978-05-06,NW,National Weekly,28,27,15,22,38,83,45,58,30,72,815
1978-05-13,NW,National Weekly,49,43,53,37,39,58,18,21,41,33,816
1978-05-20,NW,National Weekly,64,58,44,53,50,77,87,67,13,19,817
1978-05-27,NW,National Weekly,80,27,77,18,73,34,70,19,83,22,818
1978-06-03,NW,National Weekly,14,67,51,48,21,29,55,64,1,17,819
1978-06-10,NW,National Weekly,44,77,74,47,2,40,18,76,54,84,820
1978-06-17,NW,National Weekly,23,20,21,63,86,57,79,82,5,42,821
1978-06-24,NW,National Weekly,89,23,61,32,24,69,22,86,75,56,822
1978-07-01,NW,National Weekly,79,85,23,84,15,53,77,8,74,39,823
1978-07-08,NW,National Weekly,47,35,56,2,43,33,17,62,26,70,824
1978-07-15,NW,National Weekly,60,7,32,14,34,2,67,38,8,87,825
1978-07-22,NW,National Weekly,23,12,76,62,78,2,54,67,24,58,826
1978-07-29,NW,National Weekly,25,82,55,5,60,66,71,52,36,51,827
1978-08-05,NW,National Weekly,8,42,41,68,52,84,32,50,70,74,828
1978-08-12,NW,National Weekly,64,80,9,39,40,85,26,88,50,42,829
1978-08-19,NW,National Weekly,39,20,5,52,24,28,16,89,58,71,830
1978-08-26,NW,National Weekly,46,39,7,90,82,30,78,8,57,33,831
1978-09-02,NW,National Weekly,26,69,6,37,44,32,36,49,86,39,832
1978-09-09,NW,National Weekly,73,9,72,57,25,32,62,56,50,48,833
1978-09-16,NW,National Weekly,50,37,12,66,54,58,61,57,46,34,834
1978-09-23,NW,National Weekly,57,19,86,34,89,64,18,90,4,51,835
1978-09-30,NW,National Weekly,68,26,15,5,43,53,13,67,52,35,836
1978-10-07,NW,National Weekly,40,33,25,20,54,19,82,32,79,48,837
1978-10-14,NW,National Weekly,27,40,45,6,3,70,44,84,47,32,838
1978-10-21,NW,National Weekly,77,84,67,55,18,64,45,5,90,83,839
1978-10-28,NW,National Weekly,40,50,6,77,59,49,3,18,80,55,840
1978-11-04,NW,National Weekly,41,14,49,50,33,36,45,79,88,62,841
1978-11-18,NW,National Weekly,75,41,83,47,61,84,3,39,74,62,842
1978-11-25,NW,National Weekly,8,20,81,71,41,53,82,39,26,58,843
1978-12-02,NW,National Weekly,78,74,31,48,88,36,18,33,82,28,844
1978-12-09,NW,National Weekly,5,87,27,52,29,8,74,56,81,44,845
1978-12-16,NW,National Weekly,63,36,66,79,25,22,6,30,11,35,846
1978-12-23,NW,National Weekly,7,70,58,23,35,67,24,36,59,87,847
1978-12-30,NW,National Weekly,48,86,69,3,56,77,89,82,51,10,848
1979-01-06,NW,National Weekly,75,6,57,13,9,52,51,33,82,84,849
1979-01-13,NW,National Weekly,69,23,4,20,77,11,43,71,58,48,850
1979-01-20,NW,National Weekly,35,12,85,39,59,46,74,30,77,38,851
1979-01-27,NW,National Weekly,41,83,51,61,57,38,56,82,17,39,852
1979-02-03,NW,National Weekly,66,63,55,37,1,53,69,70,71,84,853
1979-02-10,NW,National Weekly,11,65,27,82,32,79,50,72,37,15,854
1979-02-17,NW,National Weekly,21,9,77,82,85,26,2,25,54,30,855
1979-02-24,NW,National Weekly,90,16,82,21,55,85,26,32,20,51,856
1979-03-03,NW,National Weekly,75,63,65,13,52,37,17,11,80,4,857
1979-03-10,NW,National Weekly,83,51,16,34,46,52,65,60,79,18,858
1979-03-17,NW,National Weekly,16,56,14,21,85,4,57,2,7,71,859
1979-03-24,NW,National Weekly,35,31,42,27,14,64,57,67,49,47,860
1979-03-31,NW,National Weekly,52,30,82,63,59,54,9,81,35,56,861
1979-04-07,NW,National Weekly,65,89,33,60,68,15,7,24,58,28,862
1979-04-14,NW,National Weekly,18,50,12,6,2,55,68,81,52,53,863
1979-04-21,NW,National Weekly,16,60,32,27,20,41,47,21,73,71,864
1979-04-28,NW,National Weekly,77,56,24,85,75,5,62,46,60,54,865
1979-05-05,NW,National Weekly,52,76,30,38,60,77,88,12,49,22,866
1979-05-12,NW,National Weekly,28,85,77,88,3,7,67,27,17,71,867
1979-05-19,NW,National Weekly,45,56,64,20,36,63,3,32,34,78,868
1979-05-26,NW,National Weekly,54,71,85,21,45,48,36,83,55,50,869
1979-06-02,NW,National Weekly,77,62,9,17,39,1,56,35,73,52,870
1979-06-09,NW,National Weekly,42,57,27,5,9,19,48,51,75,32,871
1979-06-16,NW,National Weekly,33,36,7,64,72,60,21,38,18,83,872
1979-06-23,NW,National Weekly,78,82,74,51,27,58,3,25,87,37,873
1979-06-30,NW,National Weekly,90,25,47,9,22,84,36,32,19,8,874
1979-07-07,NW,National Weekly,9,69,71,53,12,67,66,18,78,37,875
1979-07-14,NW,National Weekly,85,51,17,8,66,87,79,73,82,23,876
1979-07-21,NW,National Weekly,9,49,12,17,55,83,45,37,67,72,877
1979-07-28,NW,National Weekly,49,74,41,22,20,16,38,45,2,27,878
1979-08-04,NW,National Weekly,52,50,58,21,30,37,23,66,1,90,879
1979-08-11,NW,National Weekly,23,88,14,54,15,58,4,81,47,53,880
1979-08-18,NW,National Weekly,26,79,88,44,10,6,32,17,12,73,881
1979-08-25,NW,National Weekly,72,63,70,66,83,17,23,34,31,90,882
1979-09-01,NW,National Weekly,28,18,23,27,89,51,56,45,60,37,883
1979-09-08,NW,National Weekly,16,7,65,82,74,35,66,68,11,88,884
1979-09-15,NW,National Weekly,72,60,53,66,35,84,79,74,58,33,885
1979-09-22,NW,National Weekly,42,63,25,4,87,53,58,66,22,41,886
1979-09-29,NW,National Weekly,35,63,85,2,75,41,16,51,84,67,887
1979-10-06,NW,National Weekly,41,81,88,30,46,53,84,42,90,11,888
1979-10-13,NW,National Weekly,87,11,69,47,6,3,50,81,30,72,889
1979-10-20,NW,National Weekly,27,22,80,85,26,57,35,6,54,14,890
1979-10-27,NW,National Weekly,13,76,30,67,40,31,83,74,36,62,891
1979-11-03,NW,National Weekly,12,49,48,29,38,59,19,90,18,74,892
1979-11-10,NW,National Weekly,56,5,88,62,71,32,87,2,82,10,893
1979-11-17,NW,National Weekly,77,8,58,47,69,27,86,84,36,55,894
1979-11-24,NW,National Weekly,88,9,39,13,2,66,41,34,1,58,895
1979-12-01,NW,National Weekly,51,37,11,65,4,73,13,9,48,45,896
1979-12-08,NW,National Weekly,74,58,77,9,16,62,71,46,55,52,897
1979-12-15,NW,National Weekly,10,24,49,11,51,75,77,56,4,87,898
1979-12-22,NW,National Weekly,81,83,68,90,29,80,11,26,72,34,899
1979-12-29,NW,National Weekly,52,33,85,37,7,67,4,60,15,21,900
1980-01-05,NW,National Weekly,6,9,59,89,21,56,43,3,46,53,901
1980-01-12,NW,National Weekly,78,27,24,28,37,74,83,60,8,63,902
1980-01-19,NW,National Weekly,11,78,48,20,71,51,6,56,16,79,903
1980-01-26,NW,National Weekly,52,34,76,19,5,49,50,58,31,55,904
1980-02-02,NW,National Weekly,28,11,22,39,24,78,67,60,9,27,905
1980-02-09,NW,National Weekly,61,63,45,19,18,28,37,20,54,24,906
1980-02-16,NW,National Weekly,89,16,83,50,69,1,3,32,57,67,907
1980-02-23,NW,National Weekly,50,13,2,90,24,29,49,28,66,74,908
1980-03-01,NW,National Weekly,44,9,12,74,24,31,83,26,68,78,909
1980-03-08,NW,National Weekly,52,26,72,69,39,49,48,1,57,38,910
1980-03-15,NW,National Weekly,52,35,89,15,10,63,37,62,55,54,911
1980-03-22,NW,National Weekly,5,28,31,50,54,51,30,66,53,32,912
1980-03-29,NW,National Weekly,31,87,4,80,54,24,82,76,28,66,913
1980-04-05,NW,National Weekly,2,19,47,16,52,53,49,10,28,20,914
1980-04-12,NW,National Weekly,6,47,21,35,62,61,39,73,26,12,915
1980-04-19,NW,National Weekly,1,16,2,29,27,60,87,71,58,40,916
1980-04-26,NW,National Weekly,70,63,7,76,90,53,54,61,67,47,917
1980-05-03,NW,National Weekly,82,10,45,66,77,58,49,40,56,60,918
1980-05-10,NW,National Weekly,18,85,56,63,9,2,44,72,54,17,919
1980-05-17,NW,National Weekly,63,55,56,5,72,70,79,22,76,8,920
1980-05-24,NW,National Weekly,43,55,23,60,56,28,88,72,2,22,921
1980-05-31,NW,National Weekly,89,70,28,54,35,78,85,55,88,81,922
1980-06-07,NW,National Weekly,79,49,57,83,17,81,38,72,56,74,923
1980-06-14,NW,National Weekly,73,28,38,25,4,46,84,22,81,48,924
1980-06-21,NW,National Weekly,40,61,89,76,24,41,86,58,42,79,925
1980-06-28,NW,National Weekly,53,70,22,7,12,21,87,72,18,57,926
1980-07-05,NW,National Weekly,65,29,21,3,42,30,15,68,87,31,927
1980-07-12,NW,National Weekly,47,33,14,35,10,4,57,18,3,26,928
1980-07-19,NW,National Weekly,86,51,46,28,90,88,66,54,84,47,929
1980-07-26,NW,National Weekly,77,25,43,20,28,21,48,69,33,47,930
1980-08-02,NW,National Weekly,15,5,80,49,35,86,53,26,11,79,931
1980-08-09,NW,National Weekly,61,49,88,16,42,2,28,24,51,17,932
1980-08-16,NW,National Weekly,52,58,45,1,78,5,82,2,3,33,933
1980-08-23,NW,National Weekly,69,34,44,71,79,36,49,4,42,47,934
1980-08-30,NW,National Weekly,17,44,43,37,29,6,89,70,59,57,935
1980-09-06,NW,National Weekly,28,37,58,30,42,82,40,90,24,57,936
1980-09-13,NW,National Weekly,68,73,63,76,65,8,11,79,39,61,937
1980-09-20,NW,National Weekly,38,68,11,80,60,39,4,1,42,74,938
1980-09-27,NW,National Weekly,6,32,26,60,41,76,59,38,5,72,939
1980-10-04,NW,National Weekly,34,85,75,27,87,36,26,43,68,59,940
1980-10-11,NW,National Weekly,56,1,50,26,80,89,55,32,71,37,941
1980-10-18,NW,National Weekly,71,29,89,16,68,56,64,37,50,32,942
1980-10-25,NW,National Weekly,55,12,4,35,37,89,16,48,31,30,943
1980-11-01,NW,National Weekly,59,45,34,86,30,72,48,58,44,70,944
1980-11-08,NW,National Weekly,55,29,63,52,1,19,8,26,45,68,945
1980-11-15,NW,National Weekly,8,47,52,34,2,27,39,83,28,58,946
1980-11-22,NW,National Weekly,46,30,73,9,17,41,25,56,61,5,947
1980-11-29,NW,National Weekly,55,87,4,48,51,62,39,66,52,69,948
1980-12-06,NW,National Weekly,18,22,51,20,42,27,54,48,49,31,949
1980-12-13,NW,National Weekly,48,51,69,72,29,27,43,57,13,39,950
1980-12-20,NW,National Weekly,16,80,37,26,81,18,46,40,4,63,951
1980-12-27,NW,National Weekly,56,88,17,75,35,13,54,4,42,48,952
1981-01-03,NW,National Weekly,42,58,14,34,15,79,46,22,82,50,953
1981-01-10,NW,National Weekly,20,13,56,78,59,22,77,42,82,45,954
1981-01-17,NW,National Weekly,90,51,21,40,54,84,80,55,49,43,955
1981-01-24,NW,National Weekly,71,23,72,56,37,32,54,80,84,30,956
1981-01-31,NW,National Weekly,54,37,16,19,42,70,45,86,8,55,957
1981-02-07,NW,National Weekly,87,62,32,80,3,28,18,83,39,7,958
1981-02-14,NW,National Weekly,86,24,76,32,77,2,18,59,67,45,959
1981-02-21,NW,National Weekly,87,12,41,19,75,47,6,74,45,70,960
1981-02-28,NW,National Weekly,13,86,59,76,82,84,31,65,52,24,961
1981-03-07,NW,National Weekly,41,37,25,62,81,60,50,64,14,32,962
1981-03-14,NW,National Weekly,66,79,20,46,32,8,86,74,13,26,963
1981-03-21,NW,National Weekly,34,55,41,32,54,88,1,71,60,90,964
1981-03-28,NW,National Weekly,4,72,42,39,43,50,46,3,87,71,965
1981-04-04,NW,National Weekly,23,49,17,63,44,10,84,52,55,68,966
1981-04-11,NW,National Weekly,63,51,3,21,81,39,23,60,57,2,967
1981-04-18,NW,National Weekly,5,76,46,63,35,60,47,45,74,56,968
1981-04-25,NW,National Weekly,22,12,19,61,48,45,13,90,2,79,969
1981-05-02,NW,National Weekly,86,56,3,73,11,58,38,49,60,89,970
1981-05-09,NW,National Weekly,3,75,7,38,86,70,50,79,10,60,971
1981-05-16,NW,National Weekly,10,5,54,57,72,58,33,30,41,79,972
1981-05-23,NW,National Weekly,23,48,73,35,1,56,2,20,37,69,973
1981-05-30,NW,National Weekly,73,4,8,52,83,28,63,67,79,56,974
1981-06-06,NW,National Weekly,25,50,22,3,51,26,56,58,55,19,975
1981-06-13,NW,National Weekly,51,62,44,81,29,87,71,12,18,27,976
1981-06-20,NW,National Weekly,9,48,39,38,67,17,75,68,26,42,977
1981-06-27,NW,National Weekly,90,31,1,8,4,41,6,86,49,72,978
1981-07-04,NW,National Weekly,45,12,19,63,89,21,58,67,2,78,979
1981-07-11,NW,National Weekly,48,67,20,29,88,61,79,5,39,2,980
1981-07-18,NW,National Weekly,85,6,76,88,5,30,81,4,56,28,981
1981-07-25,NW,National Weekly,58,57,8,40,82,31,90,4,32,18,982
1981-08-01,NW,National Weekly,56,27,33,62,74,79,47,45,36,83,983
1981-08-08,NW,National Weekly,69,85,55,42,50,70,11,77,36,14,984
1981-08-15,NW,National Weekly,35,11,9,46,80,18,19,34,27,21,985
1981-08-22,NW,National Weekly,3,67,29,8,85,38,76,56,1,89,986
1981-08-29,NW,National Weekly,85,51,56,35,33,73,24,90,71,50,987
1981-09-05,NW,National Weekly,47,58,13,65,59,16,89,73,85,56,988
1981-09-12,NW,National Weekly,25,50,63,56,32,72,16,4,46,33,989
1981-09-19,NW,National Weekly,70,71,44,28,6,17,1,76,38,66,990
1981-09-26,NW,National Weekly,21,86,16,28,56,55,6,49,50,78,991
1981-10-03,NW,National Weekly,62,60,78,16,65,49,55,79,24,27,992
1981-10-10,NW,National Weekly,90,27,52,70,54,3,87,34,57,71,993
1981-10-17,NW,National Weekly,8,43,90,44,27,52,40,4,85,58,994
1981-10-24,NW,National Weekly,87,88,64,57,49,39,24,32,82,17,995
1981-10-31,NW,National Weekly,32,69,84,67,58,71,22,70,48,72,996
1981-11-07,NW,National Weekly,7,84,11,61,26,67,5,19,59,16,997
1981-11-14,NW,National Weekly,44,33,10,89,6,24,86,7,55,82,998
1981-11-21,NW,National Weekly,51,9,88,26,7,1,58,57,53,45,999
1981-11-28,NW,National Weekly,70,69,54,25,35,15,61,79,38,82,1000
1981-12-05,NW,National Weekly,75,3,68,88,90,23,51,46,58,32,1001
1981-12-12,NW,National Weekly,88,10,41,66,32,63,67,84,47,5,1002
1981-12-19,NW,National Weekly,5,24,38,59,64,39,26,69,13,40,1003
1981-12-26,NW,National Weekly,75,1,58,40,60,72,37,3,54,4,1004
1982-01-02,NW,National Weekly,66,33,83,52,8,36,64,73,87,32,1005
1982-01-09,NW,National Weekly,80,65,22,69,27,26,64,83,79,59,1006
1982-01-16,NW,National Weekly,65,74,23,27,12,34,45,46,75,56,1007
1982-01-23,NW,National Weekly,64,48,51,45,57,28,39,90,3,86,1008
1982-01-30,NW,National Weekly,50,79,76,53,86,31,8,23,58,2,1009
1982-02-06,NW,National Weekly,30,85,63,49,57,73,9,28,24,36,1010
1982-02-13,NW,National Weekly,45,17,75,50,41,34,13,77,23,74,1011
1982-02-20,NW,National Weekly,61,3,74,68,40,55,17,24,72,80,1012
1982-02-27,NW,National Weekly,16,58,57,18,38,79,90,87,24,80,1013
1982-03-06,NW,National Weekly,70,53,2,52,11,71,30,50,68,14,1014
1982-03-13,NW,National Weekly,5,46,74,71,12,47,30,22,55,41,1015
1982-03-20,NW,National Weekly,82,33,84,57,54,66,53,40,59,77,1016
1982-03-27,NW,National Weekly,3,5,14,32,61,27,41,69,63,56,1017
1982-04-03,NW,National Weekly,49,36,15,51,29,37,3,53,75,41,1018
1982-04-10,NW,National Weekly,26,82,41,47,66,77,83,7,13,32,1019
1982-04-17,NW,National Weekly,61,1,39,6,18,55,88,36,3,4,1020
1982-04-24,NW,National Weekly,77,43,16,32,80,3,85,75,19,68,1021
1982-05-01,NW,National Weekly,19,57,40,72,70,58,46,67,78,32,1022
1982-05-08,NW,National Weekly,45,9,30,65,15,68,42,39,12,79,1023
1982-05-15,NW,National Weekly,6,87,57,83,3,42,24,71,54,44,1024
1982-05-22,NW,National Weekly,2,88,51,69,70,15,31,58,32,81,1025
1982-05-29,NW,National Weekly,30,37,42,7,90,11,67,32,24,33,1026
1982-06-05,NW,National Weekly,77,75,39,13,71,62,68,45,37,32,1027
1982-06-12,NW,National Weekly,83,86,62,68,35,44,79,26,57,39,1028
1982-06-19,NW,National Weekly,24,87,62,18,21,46,78,61,74,39,1029
1982-06-26,NW,National Weekly,52,38,82,17,20,39,79,61,81,37,1030
1982-07-03,NW,National Weekly,71,65,52,48,50,40,33,67,32,68,1031
1982-07-10,NW,National Weekly,41,15,54,47,11,81,18,40,56,64,1032
1982-07-17,NW,National Weekly,60,36,2,23,68,32,1,54,46,78,1033
1982-07-24,NW,National Weekly,81,50,70,14,44,21,68,65,87,37,1034
1982-07-31,NW,National Weekly,67,79,9,6,21,3,5,49,71,38,1035
1982-08-07,NW,National Weekly,38,79,8,4,58,11,63,72,48,70,1036
1982-08-14,NW,National Weekly,38,89,72,13,36,23,9,30,73,12,1037
1982-08-21,NW,National Weekly,64,47,68,90,10,9,71,11,37,31,1038
1982-08-28,NW,National Weekly,83,15,47,55,32,42,53,61,67,30,1039
1982-09-04,NW,National Weekly,23,26,21,42,85,83,37,11,33,84,1040
1982-09-11,NW,National Weekly,67,77,69,15,20,4,1,51,78,36,1041
1982-09-18,NW,National Weekly,13,21,74,52,8,18,72,51,17,64,1042
1982-09-25,NW,National Weekly,65,71,55,87,1,3,18,56,9,33,1043
1982-10-02,NW,National Weekly,44,18,71,83,5,52,50,7,37,74,1044
1982-10-09,NW,National Weekly,36,62,81,16,61,32,24,66,84,53,1045
1982-10-16,NW,National Weekly,38,3,41,73,46,72,16,5,23,48,1046
1982-10-23,NW,National Weekly,1,11,64,3,39,22,32,42,29,59,1047
1982-10-30,NW,National Weekly,81,89,27,14,88,29,70,80,57,31,1048
1982-11-06,NW,National Weekly,80,38,62,84,4,89,24,50,79,46,1049
1982-11-13,NW,National Weekly,53,50,48,49,44,15,80,38,33,24,1050
1982-11-20,NW,National Weekly,2,57,14,80,7,37,31,6,48,49,1051
1982-11-27,NW,National Weekly,1,64,3,9,69,82,74,79,71,43,1052
1982-12-04,NW,National Weekly,61,85,76,65,30,20,39,74,56,71,1053
1982-12-11,NW,National Weekly,76,34,43,56,32,54,85,37,52,41,1054
1982-12-18,NW,National Weekly,30,77,36,78,10,59,45,73,42,18,1055
1982-12-25,NW,National Weekly,77,43,37,59,7,15,83,12,48,35,1056
1983-01-01,NW,National Weekly,68,65,16,58,22,52,39,75,67,1,1057
1983-01-08,NW,National Weekly,34,29,31,25,75,72,47,8,11,56,1058
1983-01-15,NW,National Weekly,80,20,71,42,64,78,36,52,39,45,1059
1983-01-22,NW,National Weekly,2,20,70,60,78,21,17,87,53,38,1060
1983-01-29,NW,National Weekly,5,32,8,46,37,4,42,78,67,72,1061
1983-02-05,NW,National Weekly,52,45,30,15,69,2,71,62,78,75,1062
1983-02-12,NW,National Weekly,9,68,6,70,19,72,74,2,39,83,1063
1983-02-19,NW,National Weekly,49,22,10,83,84,85,68,59,14,82,1064
1983-02-26,NW,National Weekly,40,57,51,72,65,54,38,6,49,55,1065
1983-03-05,NW,National Weekly,45,44,31,12,5,51,56,42,54,59,1066
1983-03-12,NW,National Weekly,24,43,68,86,75,53,63,51,67,54,1067
1983-03-19,NW,National Weekly,55,73,41,62,53,56,39,28,70,26,1068
1983-03-26,NW,National Weekly,37,21,54,75,87,74,16,12,9,81,1069
1983-04-02,NW,National Weekly,87,45,30,38,70,74,65,55,71,67,1070
1983-04-09,NW,National Weekly,11,43,12,65,63,48,2,38,73,51,1071
1983-04-16,NW,National Weekly,11,47,64,13,30,84,48,57,78,28,1072
1983-04-23,NW,National Weekly,61,17,31,15,32,70,85,53,50,20,1073
1983-04-30,NW,National Weekly,47,88,43,64,1,20,87,41,53,55,1074
1983-05-07,NW,National Weekly,22,69,12,65,19,15,82,38,18,48,1075
1983-05-14,NW,National Weekly,55,86,12,22,10,51,58,52,59,57,1076
1983-05-21,NW,National Weekly,77,57,11,28,63,17,22,33,24,25,1077
1983-05-28,NW,National Weekly,90,81,37,36,47,45,82,46,29,86,1078
1983-06-04,NW,National Weekly,68,84,19,18,10,87,47,71,37,53,1079
1983-06-11,NW,National Weekly,88,30,22,63,65,66,15,84,35,79,1080
1983-06-18,NW,National Weekly,35,34,5,76,74,16,52,88,49,25,1081
1983-06-25,NW,National Weekly,44,32,22,51,61,80,83,67,45,1,1082
1983-07-02,NW,National Weekly,27,22,11,59,16,19,4,33,81,84,1083
1983-07-09,NW,National Weekly,31,28,72,48,40,41,20,56,25,74,1084
1983-07-16,NW,National Weekly,6,77,51,50,71,52,45,54,39,12,1085
1983-07-23,NW,National Weekly,89,32,15,36,79,41,85,68,67,40,1086
1983-07-30,NW,National Weekly,49,12,8,40,76,81,75,47,78,17,1087
1983-08-06,NW,National Weekly,90,15,6,62,24,82,65,7,31,83,1088
1983-08-13,NW,National Weekly,57,6,34,49,84,43,71,22,5,56,1089
1983-08-20,NW,National Weekly,52,63,71,50,67,47,80,29,33,28,1090
1983-08-27,NW,National Weekly,36,45,8,60,64,72,35,48,73,71,1091
1983-09-03,NW,National Weekly,5,63,70,83,3,18,53,28,17,74,1092
1983-09-10,NW,National Weekly,27,32,52,48,38,34,75,15,73,37,1093
1983-09-17,NW,National Weekly,87,56,35,38,77,85,14,52,39,22,1094
1983-09-24,NW,National Weekly,63,32,84,46,37,80,10,18,56,82,1095
1983-10-01,NW,National Weekly,4,36,79,39,20,46,87,21,38,89,1096
1983-10-08,NW,National Weekly,25,3,53,80,58,10,18,87,2,51,1097
1983-10-15,NW,National Weekly,27,72,12,31,54,51,43,2,11,49,1098
1983-10-22,NW,National Weekly,87,64,9,28,6,76,58,63,47,82,1099
1983-10-29,NW,National Weekly,70,54,30,71,24,17,13,33,60,9,1100
1983-11-05,NW,National Weekly,19,9,34,33,52,39,2,20,6,66,1101
1983-11-12,NW,National Weekly,64,53,54,85,43,82,87,72,74,67,1102
1983-11-19,NW,National Weekly,41,21,16,13,20,6,34,45,70,33,1103
1983-11-26,NW,National Weekly,82,74,42,46,81,17,4,16,57,21,1104
1983-12-03,NW,National Weekly,43,19,65,56,61,79,55,82,84,41,1105
1983-12-10,NW,National Weekly,2,60,90,28,66,3,46,18,35,14,1106
1983-12-17,NW,National Weekly,69,20,34,33,29,50,82,57,73,70,1107
1983-12-24,NW,National Weekly,61,38,46,43,77,41,57,31,56,63,1108
1983-12-31,NW,National Weekly,44,82,34,42,6,57,11,80,88,16,1109
1984-01-07,NW,National Weekly,52,42,17,26,9,21,61,7,39,78,1110
1984-01-14,NW,National Weekly,73,3,49,37,35,22,17,38,48,42,1111
1984-01-21,NW,National Weekly,53,38,26,11,61,35,49,50,44,59,1112
1984-01-28,NW,National Weekly,74,65,8,80,15,22,20,79,68,47,1113
1984-02-04,NW,National Weekly,32,78,11,61,42,27,34,55,22,73,1114
1984-02-11,NW,National Weekly,88,3,17,6,5,48,37,19,68,39,1115
1984-02-18,NW,National Weekly,72,83,11,68,37,1,10,88,36,16,1116
1984-02-25,NW,National Weekly,61,69,41,90,88,39,78,18,32,10,1117
1984-03-03,NW,National Weekly,72,60,30,5,73,31,40,39,33,7,1118
1984-03-10,NW,National Weekly,62,65,47,80,50,55,72,44,70,77,1119
1984-03-17,NW,National Weekly,90,44,53,61,69,39,54,77,74,68,1120
1984-03-24,NW,National Weekly,8,46,41,73,30,57,84,72,49,56,1121
1984-03-31,NW,National Weekly,15,40,11,21,45,4,74,50,68,69,1122
1984-04-07,NW,National Weekly,60,69,36,68,34,81,53,44,21,51,1123
1984-04-14,NW,National Weekly,54,27,38,84,89,87,25,60,68,17,1124
1984-04-21,NW,National Weekly,89,79,88,16,76,8,26,41,69,73,1125
1984-04-28,NW,National Weekly,52,89,70,53,7,31,32,80,36,55,1126
1984-05-05,NW,National Weekly,17,76,11,20,82,13,45,53,44,39,1127
1984-05-12,NW,National Weekly,7,23,78,19,83,21,77,45,72,66,1128
1984-05-19,NW,National Weekly,82,20,53,22,55,30,10,79,44,16,1129
1984-05-26,NW,National Weekly,76,34,39,37,59,31,25,49,68,54,1130
1984-06-02,NW,National Weekly,67,79,65,8,45,58,22,37,48,21,1131
1984-06-09,NW,National Weekly,31,29,35,47,90,74,46,33,57,73,1132
1984-06-16,NW,National Weekly,47,68,2,85,64,29,51,46,77,17,1133
1984-06-23,NW,National Weekly,46,19,63,11,8,1,58,18,21,85,1134
1984-06-30,NW,National Weekly,61,55,28,10,89,69,20,76,72,34,1135
1984-07-07,NW,National Weekly,67,3,76,5,58,17,52,34,56,89,1136
1984-07-14,NW,National Weekly,89,65,29,37,10,68,20,86,66,61,1137
1984-07-21,NW,National Weekly,43,57,8,36,1,5,84,41,82,71,1138
1984-07-28,NW,National Weekly,75,58,83,59,49,21,56,1,36,60,1139
1984-08-04,NW,National Weekly,20,89,41,65,46,54,78,10,87,50,1140
1984-08-11,NW,National Weekly,31,74,71,39,13,36,26,40,43,73,1141
1984-08-18,NW,National Weekly,69,47,79,6,28,51,58,43,38,31,1142
1984-08-25,NW,National Weekly,2,14,47,73,69,58,26,34,67,22,1143
1984-09-01,NW,National Weekly,56,43,87,88,78,5,76,45,64,77,1144
1984-09-08,NW,National Weekly,65,3,52,25,44,79,21,34,88,23,1145
1984-09-15,NW,National Weekly,26,23,76,80,16,84,75,34,6,11,1146
1984-09-22,NW,National Weekly,45,78,76,55,44,54,82,46,74,52,1147
1984-09-29,NW,National Weekly,86,31,25,80,61,32,85,10,77,42,1148
1984-10-06,NW,National Weekly,23,36,50,30,89,70,10,77,74,13,1149
1984-10-13,NW,National Weekly,62,66,88,69,19,75,31,3,17,52,1150
1984-10-20,NW,National Weekly,37,31,65,50,66,58,40,86,5,11,1151
1984-10-27,NW,National Weekly,40,74,18,32,65,39,84,42,68,8,1152
1984-11-03,NW,National Weekly,12,19,57,36,8,46,48,67,51,55,1153
1984-11-10,NW,National Weekly,25,52,38,64,86,19,21,1,37,4,1154
1984-11-17,NW,National Weekly,73,48,16,58,35,41,79,37,83,34,1155
1984-11-24,NW,National Weekly,43,16,30,81,22,3,59,58,37,1,1156
1984-12-01,NW,National Weekly,70,80,29,81,90,58,46,64,7,69,1157
1984-12-08,NW,National Weekly,32,80,45,22,79,90,77,68,41,56,1158
1984-12-15,NW,National Weekly,84,39,83,60,75,34,79,43,24,59,1159
1984-12-22,NW,National Weekly,72,56,70,42,25,32,17,15,57,19,1160
1984-12-29,NW,National Weekly,64,71,28,59,83,88,81,75,19,60,1161
1985-01-05,NW,National Weekly,73,26,5,22,64,38,6,47,75,8,1162
1985-01-12,NW,National Weekly,6,77,36,24,68,62,73,63,65,41,1163
1985-01-19,NW,National Weekly,50,72,40,69,45,58,25,43,59,76,1164
1985-01-26,NW,National Weekly,48,41,79,44,15,36,40,14,35,11,1165
1985-02-02,NW,National Weekly,16,74,59,20,55,65,37,25,83,33,1166
1985-02-09,NW,National Weekly,72,84,34,4,21,83,59,39,40,79,1167
1985-02-16,NW,National Weekly,75,85,84,8,68,72,61,38,60,57,1168
1985-02-23,NW,National Weekly,66,45,41,11,22,40,57,76,17,8,1169
1985-03-02,NW,National Weekly,54,76,29,72,4,82,30,20,13,38,1170
1985-03-09,NW,National Weekly,58,12,79,89,61,83,10,42,35,1,1171
1985-03-16,NW,National Weekly,25,49,27,11,8,80,83,36,14,57,1172
1985-03-23,NW,National Weekly,19,64,14,66,88,84,18,86,79,33,1173
1985-03-30,NW,National Weekly,5,43,73,68,65,78,58,35,13,1,1174
1985-04-06,NW,National Weekly,9,13,78,20,63,3,26,12,47,22,1175
1985-04-13,NW,National Weekly,28,55,45,61,54,42,74,76,3,32,1176
1985-04-20,NW,National Weekly,74,76,31,69,6,54,27,19,14,79,1177
1985-04-27,NW,National Weekly,70,8,14,1,37,85,64,83,21,20,1178
1985-05-04,NW,National Weekly,74,52,73,80,22,65,85,14,34,86,1179
1985-05-11,NW,National Weekly,16,77,2,64,9,58,32,52,54,18,1180
1985-05-18,NW,National Weekly,30,22,47,9,65,88,20,48,10,87,1181
1985-05-25,NW,National Weekly,69,61,71,62,5,31,6,74,45,28,1182
1985-06-01,NW,National Weekly,68,62,72,42,40,81,22,85,20,44,1183
1985-06-08,NW,National Weekly,67,89,7,86,54,6,16,19,50,55,1184
1985-06-15,NW,National Weekly,46,57,41,34,3,19,27,75,72,79,1185
1985-06-22,NW,National Weekly,44,64,90,32,29,31,25,47,48,58,1186
1985-06-29,NW,National Weekly,50,54,61,55,76,29,60,3,22,64,1187
1985-07-06,NW,National Weekly,23,21,9,81,79,60,68,44,74,4,1188
1985-07-13,NW,National Weekly,8,35,7,18,13,36,47,77,53,29,1189
1985-07-20,NW,National Weekly,38,36,76,65,72,13,28,42,70,55,1190
1985-07-27,NW,National Weekly,58,7,83,88,53,43,1,23,60,76,1191
1985-08-03,NW,National Weekly,50,65,89,40,60,9,46,37,16,3,1192
1985-08-10,NW,National Weekly,10,24,13,31,38,84,26,46,47,4,1193
1985-08-17,NW,National Weekly,3,2,79,44,13,78,73,53,64,17,1194
1985-08-24,NW,National Weekly,54,62,10,90,57,70,2,17,3,48,1195
1985-08-31,NW,National Weekly,24,34,33,21,36,82,5,20,2,57,1196
1985-09-07,NW,National Weekly,65,24,72,76,16,14,5,23,82,53,1197
1985-09-14,NW,National Weekly,63,44,43,69,24,28,17,56,37,18,1198
1985-09-21,NW,National Weekly,23,62,32,57,75,21,78,9,82,12,1199
1985-09-28,NW,National Weekly,89,30,65,87,29,80,71,16,86,58,1200
1985-10-05,NW,National Weekly,7,41,8,18,9,32,19,83,16,59,1201
1985-10-12,NW,National Weekly,87,8,53,13,47,42,75,71,65,72,1202
1985-10-19,NW,National Weekly,22,52,24,6,29,30,64,78,21,16,1203
1985-10-26,NW,National Weekly,86,82,56,68,53,30,71,67,66,16,1204
1985-11-02,NW,National Weekly,75,12,57,29,40,67,9,74,85,32,1205
1985-11-09,NW,National Weekly,22,32,44,47,34,53,89,74,12,55,1206
1985-11-16,NW,National Weekly,37,63,12,80,82,64,83,85,5,45,1207
1985-11-23,NW,National Weekly,34,37,17,72,15,87,30,19,68,4,1208
1985-11-30,NW,National Weekly,83,26,23,31,54,62,90,7,74,59,1209
1985-12-07,NW,National Weekly,37,51,38,59,28,55,75,60,15,21,1210
1985-12-14,NW,National Weekly,23,77,31,86,53,89,64,73,10,24,1211
1985-12-21,NW,National Weekly,18,48,17,28,77,36,32,42,38,7,1212
1985-12-28,NW,National Weekly,26,28,87,80,14,37,5,42,54,2,1213
1986-01-04,NW,National Weekly,9,39,89,4,60,50,17,70,37,20,1214
1986-01-11,NW,National Weekly,88,65,48,26,67,60,23,81,7,44,1215
1986-01-18,NW,National Weekly,71,68,81,35,59,16,63,18,78,4,1216
1986-01-25,NW,National Weekly,16,43,50,33,3,46,40,13,68,10,1217
1986-02-01,NW,National Weekly,47,32,38,29,73,59,26,50,42,22,1218
1986-02-08,NW,National Weekly,31,34,61,29,39,65,51,33,42,7,1219
1986-02-15,NW,National Weekly,53,83,50,61,15,45,22,74,12,4,1220
1986-02-22,NW,National Weekly,14,51,88,2,61,37,90,38,74,50,1221
1986-03-01,NW,National Weekly,50,47,77,52,64,56,9,20,87,78,1222
1986-03-08,NW,National Weekly,52,69,60,19,80,86,17,15,39,48,1223
1986-03-15,NW,National Weekly,19,16,78,23,12,13,33,47,75,50,1224
1986-03-22,NW,National Weekly,52,55,20,40,22,3,29,58,17,60,1225
1986-03-29,NW,National Weekly,59,31,48,55,22,71,1,86,49,87,1226
1986-04-05,NW,National Weekly,63,67,13,87,90,14,42,45,51,58,1227
1986-04-12,NW,National Weekly,48,25,21,7,77,57,60,44,59,63,1228
1986-04-19,NW,National Weekly,24,76,71,82,31,89,55,75,51,22,1229
1986-04-26,NW,National Weekly,89,2,27,26,77,51,43,60,19,4,1230
1986-05-03,NW,National Weekly,76,81,8,43,48,70,59,62,67,58,1231
1986-05-10,NW,National Weekly,43,25,66,22,33,89,36,34,79,77,1232
1986-05-17,NW,National Weekly,72,1,31,10,17,75,76,16,56,58,1233
1986-05-24,NW,National Weekly,74,40,49,8,19,34,75,2,45,39,1234
1986-05-31,NW,National Weekly,30,61,24,78,42,49,28,6,56,10,1235
1986-06-07,NW,National Weekly,9,28,45,30,35,76,87,43,34,37,1236
1986-06-14,NW,National Weekly,33,86,10,11,19,38,59,85,41,71,1237
1986-06-21,NW,National Weekly,57,69,52,35,34,79,38,48,18,75,1238
1986-06-28,NW,National Weekly,25,15,62,65,10,81,14,80,56,2,1239
1986-07-05,NW,National Weekly,67,4,81,80,55,59,73,77,78,56,1240
1986-07-12,NW,National Weekly,63,78,36,16,23,86,50,34,49,67,1241
1986-07-19,NW,National Weekly,39,65,56,73,54,76,70,64,3,21,1242
1986-07-26,NW,National Weekly,31,21,46,27,74,22,4,11,30,53,1243
1986-08-02,NW,National Weekly,47,52,3,25,40,68,58,72,34,77,1244
1986-08-09,NW,National Weekly,2,83,54,17,78,1,21,36,6,42,1245
1986-08-16,NW,National Weekly,51,74,84,40,26,33,53,87,62,22,1246
1986-08-23,NW,National Weekly,49,69,15,57,17,32,45,28,48,31,1247
1986-08-30,NW,National Weekly,71,2,61,19,15,78,48,38,60,88,1248
1986-09-06,NW,National Weekly,69,52,66,62,67,39,46,4,32,44,1249
1986-09-13,NW,National Weekly,65,44,56,21,34,53,46,82,39,48,1250
1986-09-20,NW,National Weekly,7,50,41,74,35,17,33,81,6,73,1251
1986-09-27,NW,National Weekly,1,55,6,10,57,32,47,84,61,33,1252
1986-10-04,NW,National Weekly,38,28,36,12,22,8,58,70,44,83,1253
1986-10-11,NW,National Weekly,61,4,80,54,17,25,29,48,12,72,1254
1986-10-18,NW,National Weekly,75,71,2,21,69,27,78,7,66,45,1255
1986-10-25,NW,National Weekly,35,40,10,52,81,3,13,88,45,63,1256
1986-11-01,NW,National Weekly,69,67,9,16,43,88,74,26,51,56,1257
1986-11-08,NW,National Weekly,53,14,9,50,84,12,79,1,23,55,1258
1986-11-15,NW,National Weekly,2,22,47,74,78,84,76,21,52,77,1259
1986-11-22,NW,National Weekly,66,89,15,34,83,45,72,23,65,2,1260
1986-11-29,NW,National Weekly,3,9,20,78,36,11,30,56,76,45,1261
1986-12-06,NW,National Weekly,41,10,4,20,79,27,26,14,56,51,1262
1986-12-13,NW,National Weekly,88,73,51,30,75,33,89,37,10,55,1263
1986-12-20,NW,National Weekly,1,63,78,62,65,41,55,88,86,61,1264
1986-12-27,NW,National Weekly,68,51,89,88,20,9,66,58,75,81,1265
1987-01-03,NW,National Weekly,22,25,26,50,35,19,31,15,21,30,1266
1987-01-10,NW,National Weekly,29,74,75,9,19,50,61,8,24,37,1267
1987-01-17,NW,National Weekly,4,85,68,56,8,16,65,6,49,40,1268
1987-01-24,NW,National Weekly,68,76,78,17,63,51,46,67,1,41,1269
1987-01-31,NW,National Weekly,69,51,45,81,8,62,48,39,49,72,1270
1987-02-07,NW,National Weekly,83,40,74,25,51,71,64,36,43,65,1271
1987-02-14,NW,National Weekly,57,9,65,55,84,68,48,72,39,88,1272
1987-02-21,NW,National Weekly,64,70,76,56,69,79,45,13,16,52,1273
1987-02-28,NW,National Weekly,5,44,36,20,65,62,28,4,16,30,1274
1987-03-07,NW,National Weekly,39,13,14,43,51,77,55,4,9,7,1275
1987-03-14,NW,National Weekly,69,6,73,62,45,17,37,72,50,57,1276
1987-03-21,NW,National Weekly,16,25,15,24,51,55,28,32,79,53,1277
1987-03-28,NW,National Weekly,55,24,4,54,52,79,85,13,39,64,1278
1987-04-04,NW,National Weekly,46,35,90,3,78,87,33,67,45,7,1279
1987-04-11,NW,National Weekly,71,53,75,79,51,49,37,26,15,33,1280
1987-04-18,NW,National Weekly,32,60,33,38,27,74,23,55,36,81,1281
1987-04-25,NW,National Weekly,65,10,48,70,59,18,86,85,20,34,1282
1987-05-02,NW,National Weekly,22,25,67,44,46,61,71,60,72,37,1283
1987-05-09,NW,National Weekly,7,66,89,54,78,72,87,23,48,39,1284
1987-05-16,NW,National Weekly,4,90,87,9,81,19,56,72,76,17,1285
1987-05-23,NW,National Weekly,59,21,30,54,73,8,57,75,58,72,1286
1987-05-30,NW,National Weekly,49,21,28,63,44,62,1,57,69,46,1287
1987-06-06,NW,National Weekly,19,65,9,50,28,63,72,45,36,51,1288
1987-06-13,NW,National Weekly,48,75,78,25,36,23,17,21,14,70,1289
1987-06-20,NW,National Weekly,58,9,41,6,82,30,72,80,24,44,1290
1987-06-27,NW,National Weekly,24,2,72,46,55,69,15,50,8,40,1291
1987-07-04,NW,National Weekly,75,14,65,10,70,71,57,68,45,81,1292
1987-07-11,NW,National Weekly,5,18,80,51,89,75,31,1,22,21,1293
1987-07-18,NW,National Weekly,83,17,46,81,21,24,47,51,49,33,1294
1987-07-25,NW,National Weekly,62,14,12,11,72,38,13,61,79,56,1295
1987-08-01,NW,National Weekly,82,58,51,40,61,67,48,27,47,44,1296
1987-08-08,NW,National Weekly,52,50,2,89,19,85,36,40,14,67,1297
1987-08-15,NW,National Weekly,9,70,13,35,80,81,6,79,74,75,1298
1987-08-22,NW,National Weekly,21,50,32,42,60,80,16,41,58,33,1299
1987-08-29,NW,National Weekly,9,61,7,84,25,76,54,14,10,55,1300
1987-09-05,NW,National Weekly,26,50,43,75,74,77,14,21,53,33,1301
1987-09-12,NW,National Weekly,69,23,51,57,86,52,55,31,37,18,1302
1987-09-19,NW,National Weekly,46,1,35,10,30,21,16,48,42,83,1303
1987-09-26,NW,National Weekly,84,36,89,19,6,43,48,8,83,74,1304
1987-10-03,NW,National Weekly,28,16,68,19,7,85,61,49,45,47,1305
1987-10-10,NW,National Weekly,53,69,4,14,90,7,34,9,26,22,1306
1987-10-17,NW,National Weekly,34,51,29,50,90,39,82,8,20,49,1307
1987-10-24,NW,National Weekly,29,15,55,35,39,46,30,13,22,31,1308
1987-10-31,NW,National Weekly,11,53,15,50,2,13,60,23,20,27,1309
1987-11-07,NW,National Weekly,55,30,2,44,23,49,41,29,8,61,1310
1987-11-14,NW,National Weekly,79,77,56,21,39,68,60,23,45,83,1311
1987-11-21,NW,National Weekly,74,29,48,69,28,75,58,57,79,45,1312
1987-11-28,NW,National Weekly,24,72,82,34,11,20,22,75,53,76,1313
1987-12-05,NW,National Weekly,80,24,86,28,70,8,74,31,47,4,1314
1987-12-12,NW,National Weekly,27,10,90,21,26,56,71,38,3,82,1315
1987-12-19,NW,National Weekly,21,42,79,38,2,17,25,72,27,68,1316
1987-12-26,NW,National Weekly,45,74,53,9,49,23,66,27,54,16,1317
1988-01-02,NW,National Weekly,41,57,38,14,71,82,90,81,9,2,1318
1988-01-09,NW,National Weekly,75,27,56,24,40,31,8,47,35,42,1319
1988-01-16,NW,National Weekly,46,49,24,62,83,9,74,66,34,51,1320
1988-01-23,NW,National Weekly,45,19,62,43,15,33,71,12,13,37,1321
1988-01-30,NW,National Weekly,18,5,89,29,48,56,51,75,42,71,1322
1988-02-06,NW,National Weekly,68,76,39,46,51,1,26,87,71,58,1323
1988-02-13,NW,National Weekly,29,18,15,78,73,59,36,53,14,39,1324
1988-02-20,NW,National Weekly,50,22,38,90,52,11,8,78,2,24,1325
1988-02-27,NW,National Weekly,6,22,30,62,23,20,65,25,44,45,1326
1988-03-05,NW,National Weekly,30,7,37,52,20,65,22,8,19,62,1327
1988-03-12,NW,National Weekly,66,28,62,36,49,73,57,64,40,8,1328
1988-03-19,NW,National Weekly,63,88,5,15,9,66,50,2,79,32,1329
1988-03-26,NW,National Weekly,31,45,25,40,68,23,11,87,28,6,1330
1988-04-02,NW,National Weekly,51,12,10,78,16,37,2,38,9,8,1331
1988-04-09,NW,National Weekly,26,16,32,59,69,10,39,38,17,27,1332
1988-04-16,NW,National Weekly,42,52,14,54,76,29,25,3,81,68,1333
1988-04-23,NW,National Weekly,85,41,12,79,47,77,10,28,27,14,1334
1988-04-30,NW,National Weekly,10,82,83,29,78,49,19,45,2,53,1335
1988-05-07,NW,National Weekly,16,85,9,7,33,34,56,68,69,88,1336
1988-05-14,NW,National Weekly,57,15,46,35,27,71,39,54,33,88,1337
1988-05-21,NW,National Weekly,67,31,72,40,83,5,56,49,6,1,1338
1988-05-28,NW,National Weekly,65,75,19,46,39,72,3,85,80,69,1339
1988-06-04,NW,National Weekly,24,77,51,70,35,78,39,30,20,47,1340
1988-06-11,NW,National Weekly,15,50,84,47,28,36,74,42,63,46,1341
1988-06-18,NW,National Weekly,22,70,44,29,89,3,2,42,45,43,1342
1988-06-25,NW,National Weekly,4,60,1,7,72,34,43,14,31,10,1343
1988-07-02,NW,National Weekly,6,13,65,82,74,39,16,29,23,18,1344
1988-07-09,NW,National Weekly,79,54,61,3,51,1,85,45,11,39,1345
1988-07-16,NW,National Weekly,3,38,59,76,22,75,74,12,7,87,1346
1988-07-23,NW,National Weekly,79,53,88,19,36,39,82,48,34,74,1347
1988-07-30,NW,National Weekly,51,19,45,13,14,22,57,42,33,49,1348
1988-08-06,NW,National Weekly,1,14,26,82,72,31,87,62,66,59,1349
1988-08-13,NW,National Weekly,65,81,70,72,26,35,66,74,42,13,1350
1988-08-20,NW,National Weekly,73,20,21,6,31,23,72,50,16,79,1351
1988-08-27,NW,National Weekly,20,27,83,51,35,39,22,12,74,55,1352
1988-09-03,NW,National Weekly,32,72,80,4,45,68,10,63,3,62,1353
1988-09-10,NW,National Weekly,40,74,23,63,76,50,84,28,38,82,1354
1988-09-17,NW,National Weekly,73,55,65,50,64,75,68,67,10,20,1355
1988-09-24,NW,National Weekly,7,31,85,65,21,14,86,67,18,36,1356
1988-10-01,NW,National Weekly,11,87,62,55,49,76,88,61,44,5,1357
1988-10-08,NW,National Weekly,43,72,84,15,75,55,74,7,23,87,1358
1988-10-15,NW,National Weekly,8,45,34,42,46,59,87,85,7,9,1359
1988-10-22,NW,National Weekly,33,60,59,77,84,54,78,13,25,37,1360
1988-10-29,NW,National Weekly,41,61,52,35,6,87,2,77,19,23,1361
1988-11-05,NW,National Weekly,48,37,74,13,24,82,26,11,3,56,1362
1988-11-12,NW,National Weekly,32,2,78,21,73,47,34,69,20,67,1363
1988-11-19,NW,National Weekly,74,61,82,42,77,49,2,4,5,7,1364
1988-11-26,NW,National Weekly,55,25,5,56,35,46,15,69,3,42,1365
1988-12-03,NW,National Weekly,76,26,67,13,48,66,8,24,74,35,1366
1988-12-10,NW,National Weekly,38,46,81,90,60,30,52,70,22,44,1367
1988-12-17,NW,National Weekly,62,78,72,39,6,2,48,47,45,42,1368
1988-12-24,NW,National Weekly,16,34,19,50,49,45,36,59,90,33,1369
1988-12-31,NW,National Weekly,83,72,45,59,1,58,27,86,87,57,1370
1989-01-07,NW,National Weekly,59,31,27,14,57,28,73,13,8,56,1371
1989-01-14,NW,National Weekly,17,34,78,28,89,27,62,42,40,4,1372
1989-01-21,NW,National Weekly,59,40,25,33,13,79,70,44,68,48,1373
1989-01-28,NW,National Weekly,82,39,23,75,78,59,53,19,90,31,1374
1989-02-04,NW,National Weekly,28,24,18,25,82,74,10,17,68,39,1375
1989-02-11,NW,National Weekly,15,4,14,57,5,74,80,55,26,86,1376
1989-02-18,NW,National Weekly,1,87,49,85,40,39,89,63,16,38,1377
1989-02-25,NW,National Weekly,71,81,62,16,83,12,8,23,74,36,1378
1989-03-04,NW,National Weekly,38,8,19,63,78,47,37,40,31,48,1379
1989-03-11,NW,National Weekly,3,83,30,74,46,61,11,85,63,34,1380
1989-03-18,NW,National Weekly,34,10,88,39,75,47,46,52,48,74,1381
1989-03-25,NW,National Weekly,44,58,36,89,74,25,72,19,17,1,1382
1989-04-01,NW,National Weekly,79,26,61,60,16,76,67,71,7,4,1383
1989-04-08,NW,National Weekly,54,38,46,82,57,34,42,81,18,69,1384
1989-04-15,NW,National Weekly,26,57,19,10,4,67,17,74,33,53,1385
1989-04-22,NW,National Weekly,38,71,62,45,6,89,48,4,32,65,1386
1989-04-29,NW,National Weekly,56,61,78,7,74,8,51,14,48,36,1387
1989-05-06,NW,National Weekly,62,49,12,51,38,42,59,17,55,74,1388
1989-05-13,NW,National Weekly,88,42,82,15,20,43,14,62,64,46,1389
1989-05-20,NW,National Weekly,36,59,33,44,40,51,17,85,9,45,1390
1989-05-27,NW,National Weekly,40,12,56,10,87,27,81,61,86,13,1391
1989-06-03,NW,National Weekly,78,25,40,24,48,90,77,86,62,37,1392
1989-06-10,NW,National Weekly,19,47,14,39,11,85,58,50,33,44,1393
1989-06-17,NW,National Weekly,57,26,83,48,24,11,89,70,1,13,1394
1989-06-24,NW,National Weekly,88,68,26,9,65,46,63,28,19,21,1395
1989-07-01,NW,National Weekly,49,51,70,2,76,34,79,4,18,11,1396
1989-07-08,NW,National Weekly,59,67,6,8,45,85,10,70,16,90,1397
1989-07-15,NW,National Weekly,45,83,35,81,53,39,49,47,46,30,1398
1989-07-22,NW,National Weekly,26,30,50,82,90,20,86,18,78,49,1399
1989-07-29,NW,National Weekly,66,80,56,3,77,16,46,37,57,35,1400
1989-08-05,NW,National Weekly,6,18,13,47,74,60,31,67,82,20,1401
1989-08-12,NW,National Weekly,51,27,1,69,22,85,45,74,80,64,1402
1989-08-19,NW,National Weekly,12,71,51,68,72,60,42,65,38,16,1403
1989-08-26,NW,National Weekly,59,19,4,78,86,20,21,74,40,49,1404
1989-09-02,NW,National Weekly,54,62,41,69,86,73,16,34,44,88,1405
1989-09-09,NW,National Weekly,20,70,41,4,39,32,14,80,33,13,1406
1989-09-16,NW,National Weekly,78,70,6,21,76,5,90,54,73,3,1407
1989-09-23,NW,National Weekly,72,43,60,58,49,44,88,1,42,89,1408
1989-09-30,NW,National Weekly,86,2,7,36,72,52,42,25,65,12,1409
1989-10-07,NW,National Weekly,84,17,60,38,71,79,50,75,24,88,1410
1989-10-14,NW,National Weekly,58,51,86,29,27,47,59,7,11,64,1411
1989-10-21,NW,National Weekly,45,84,32,74,50,38,31,70,2,78,1412
1989-10-28,NW,National Weekly,67,55,8,2,70,76,72,86,69,88,1413
1989-11-04,NW,National Weekly,56,82,19,20,6,67,64,33,75,38,1414
1989-11-11,NW,National Weekly,87,86,78,21,50,75,35,6,16,63,1415
1989-11-18,NW,National Weekly,43,75,57,56,13,17,20,5,33,36,1416
1989-11-25,NW,National Weekly,20,56,18,55,58,75,24,66,51,22,1417
1989-12-02,NW,National Weekly,3,82,74,48,14,66,16,71,6,85,1418
1989-12-09,NW,National Weekly,75,34,90,17,86,32,47,52,16,59,1419
1989-12-16,NW,National Weekly,69,81,26,49,40,46,61,89,32,15,1420
1989-12-23,NW,National Weekly,1,57,31,63,77,88,18,62,44,20,1421
1989-12-30,NW,National Weekly,78,56,82,14,28,73,64,29,59,41,1422
1990-01-06,NW,National Weekly,6,1,87,60,49,57,19,51,37,42,1423
1990-01-13,NW,National Weekly,75,83,62,33,27,81,87,71,16,34,1424
1990-01-20,NW,National Weekly,4,23,42,55,28,29,33,5,19,35,1425
1990-01-27,NW,National Weekly,33,72,67,55,89,41,34,36,10,38,1426
1990-02-03,NW,National Weekly,16,45,69,11,79,75,12,88,18,39,1427
1990-02-10,NW,National Weekly,84,39,45,12,89,57,58,62,54,11,1428
1990-02-17,NW,National Weekly,23,54,48,88,70,77,51,44,67,18,1429
1990-02-24,NW,National Weekly,58,49,7,61,76,16,6,12,53,51,1430
1990-03-03,NW,National Weekly,34,44,8,55,40,60,25,85,49,70,1431
1990-03-10,NW,National Weekly,27,72,24,48,58,35,90,11,40,79,1432
1990-03-17,NW,National Weekly,86,57,40,63,81,37,79,41,44,76,1433
1990-03-24,NW,National Weekly,29,90,30,71,5,15,10,45,49,53,1434
1990-03-31,NW,National Weekly,73,2,40,55,88,27,36,49,87,7,1435
1990-04-07,NW,National Weekly,32,37,30,79,25,65,80,66,54,24,1436
1990-04-14,NW,National Weekly,71,21,26,72,36,1,42,88,28,35,1437
1990-04-21,NW,National Weekly,73,46,25,4,33,63,9,79,87,38,1438
1990-04-28,NW,National Weekly,35,44,78,40,13,85,30,88,89,22,1439
1990-05-05,NW,National Weekly,13,39,56,6,69,26,32,51,85,52,1440
1990-05-12,NW,National Weekly,18,71,15,41,73,2,30,44,74,47,1441
1990-05-19,NW,National Weekly,68,37,70,19,80,69,21,52,60,61,1442
1990-05-26,NW,National Weekly,41,90,35,43,78,48,74,21,60,46,1443
1990-06-02,NW,National Weekly,72,82,43,39,63,9,54,85,38,23,1444
1990-06-09,NW,National Weekly,35,28,36,2,54,71,43,18,31,48,1445
1990-06-16,NW,National Weekly,30,34,48,65,82,35,54,19,89,24,1446
1990-06-23,NW,National Weekly,18,29,78,54,42,59,76,81,51,63,1447
1990-06-30,NW,National Weekly,27,14,37,47,22,40,11,56,71,51,1448
1990-07-07,NW,National Weekly,20,1,90,14,46,9,60,39,35,40,1449
1990-07-14,NW,National Weekly,51,73,79,26,10,34,28,19,69,5,1450
1990-07-21,NW,National Weekly,83,20,64,29,7,5,13,66,53,63,1451
1990-07-28,NW,National Weekly,9,18,58,53,67,89,59,36,31,46,1452
1990-08-04,NW,National Weekly,18,51,73,21,31,79,89,41,86,45,1453
1990-08-11,NW,National Weekly,35,56,59,25,54,88,18,60,5,66,1454
1990-08-18,NW,National Weekly,17,20,81,32,52,49,50,28,62,46,1455
1990-08-25,NW,National Weekly,10,23,27,74,5,46,48,20,56,18,1456
1990-09-01,NW,National Weekly,86,33,54,85,37,27,19,41,63,15,1457
1990-09-08,NW,National Weekly,11,13,2,29,3,59,87,66,14,38,1458
1990-09-15,NW,National Weekly,10,57,40,70,54,19,53,32,61,43,1459
1990-09-22,NW,National Weekly,66,72,23,83,59,90,74,62,88,51,1460
1990-09-29,NW,National Weekly,20,69,30,78,48,70,54,77,60,75,1461
1990-10-06,NW,National Weekly,84,36,33,48,15,67,82,14,17,79,1462
1990-10-13,NW,National Weekly,11,17,50,77,12,55,53,30,46,71,1463
1990-10-20,NW,National Weekly,35,90,30,55,47,25,12,69,75,70,1464
1990-10-27,NW,National Weekly,49,15,67,48,25,14,21,2,41,82,1465
1990-11-03,NW,National Weekly,15,62,69,73,70,71,60,49,66,21,1466
1990-11-10,NW,National Weekly,76,75,24,60,35,74,45,36,59,41,1467
1990-11-17,NW,National Weekly,79,19,13,72,20,54,6,62,34,46,1468
1990-11-24,NW,National Weekly,84,20,67,76,33,61,37,73,39,55,1469
1990-12-01,NW,National Weekly,3,32,61,87,80,68,57,59,88,60,1470
1990-12-08,NW,National Weekly,89,80,12,44,76,53,74,40,33,34,1471
1990-12-15,NW,National Weekly,43,32,18,31,7,15,76,54,39,73,1472
1990-12-22,NW,National Weekly,3,84,66,48,64,19,13,2,89,14,1473
1990-12-29,NW,National Weekly,32,71,21,86,36,89,60,16,12,51,1474
1991-01-05,NW,National Weekly,44,51,38,1,78,73,42,31,41,54,1475
1991-01-12,NW,National Weekly,7,22,6,65,46,8,10,23,35,85,1476
1991-01-19,NW,National Weekly,77,21,9,38,28,46,47,30,63,88,1477
1991-01-26,NW,National Weekly,76,79,53,23,81,83,70,42,89,40,1478
1991-02-02,NW,National Weekly,16,63,32,70,15,52,64,68,77,44,1479
1991-02-09,NW,National Weekly,40,77,86,73,85,26,84,31,38,87,1480
1991-02-16,NW,National Weekly,86,49,74,31,88,58,60,84,55,65,1481
1991-02-23,NW,National Weekly,44,11,58,33,89,38,36,75,63,61,1482
1991-03-02,NW,National Weekly,1,79,48,9,30,57,76,56,3,90,1483
1991-03-09,NW,National Weekly,3,52,44,29,42,90,39,56,70,59,1484
1991-03-16,NW,National Weekly,74,43,83,12,5,52,24,55,46,68,1485
1991-03-23,NW,National Weekly,12,15,7,46,48,73,11,42,88,61,1486
1991-03-30,NW,National Weekly,51,57,33,61,3,35,74,40,34,67,1487
1991-04-06,NW,National Weekly,48,83,43,14,10,32,57,87,53,71,1488
1991-04-13,NW,National Weekly,79,70,45,82,16,19,4,69,67,40,1489
1991-04-20,NW,National Weekly,4,33,64,86,7,66,28,59,52,54,1490
1991-04-27,NW,National Weekly,13,71,3,83,64,70,53,82,48,16,1491
1991-05-04,NW,National Weekly,42,87,3,86,28,84,48,41,70,12,1492
1991-05-11,NW,National Weekly,29,22,73,9,74,50,36,90,70,18,1493
1991-05-18,NW,National Weekly,32,38,42,49,87,34,89,69,41,75,1494
1991-05-25,NW,National Weekly,87,25,3,55,89,65,54,90,46,85,1495
1991-06-01,NW,National Weekly,63,28,33,60,14,35,48,47,75,41,1496
1991-06-08,NW,National Weekly,63,29,61,53,18,22,82,57,9,72,1497
1991-06-15,NW,National Weekly,70,5,44,41,25,46,63,71,75,65,1498
1991-06-22,NW,National Weekly,53,23,44,21,58,75,40,6,27,49,1499
1991-06-29,NW,National Weekly,18,9,24,40,41,10,90,63,56,17,1500
1991-07-06,NW,National Weekly,39,52,82,88,33,10,14,79,63,24,1501
1991-07-13,NW,National Weekly,68,60,63,13,28,52,5,80,73,85,1502
1991-07-20,NW,National Weekly,40,32,51,86,19,83,73,70,20,22,1503
1991-07-27,NW,National Weekly,32,60,70,31,35,54,26,69,47,4,1504
1991-08-03,NW,National Weekly,87,81,62,25,39,60,63,47,10,69,1505
1991-08-10,NW,National Weekly,15,7,47,70,88,20,28,36,86,30,1506
1991-08-17,NW,National Weekly,39,48,57,72,44,70,58,83,69,54,1507
1991-08-24,NW,National Weekly,85,61,53,78,52,63,41,33,8,48,1508
1991-08-31,NW,National Weekly,55,6,74,73,16,22,56,53,75,68,1509
1991-09-07,NW,National Weekly,29,28,44,9,76,46,56,19,83,21,1510
1991-09-14,NW,National Weekly,32,51,70,21,68,63,9,8,5,37,1511
1991-09-21,NW,National Weekly,53,75,59,19,26,60,52,89,81,15,1512
1991-09-28,NW,National Weekly,84,1,48,50,78,57,53,21,55,87,1513
1991-10-05,NW,National Weekly,67,85,82,47,83,33,9,18,10,14,1514
1991-10-12,NW,National Weekly,65,38,9,8,77,1,45,76,50,7,1515
1991-10-19,NW,National Weekly,36,86,37,32,21,17,59,67,68,49,1516
1991-10-26,NW,National Weekly,77,52,22,64,54,2,12,21,55,6,1517
1991-11-02,NW,National Weekly,86,22,50,36,20,83,29,32,68,73,1518
1991-11-09,NW,National Weekly,69,72,76,50,75,57,79,77,28,23,1519
1991-11-16,NW,National Weekly,35,1,24,64,80,22,61,9,17,90,1520
1991-11-23,NW,National Weekly,16,2,42,35,41,60,18,17,56,30,1521
1991-11-30,NW,National Weekly,23,13,60,62,87,49,29,90,40,33,1522
1991-12-07,NW,National Weekly,68,83,11,52,3,8,63,77,35,85,1523
1991-12-14,NW,National Weekly,13,15,60,32,2,6,54,30,62,14,1524
1991-12-21,NW,National Weekly,55,50,63,56,5,87,38,54,13,7,1525
1991-12-28,NW,National Weekly,40,28,58,5,88,20,79,48,83,59,1526
1992-01-04,NW,National Weekly,60,57,4,72,74,7,19,20,45,38,1527
1992-01-11,NW,National Weekly,22,13,12,74,71,29,75,47,6,26,1528
1992-01-18,NW,National Weekly,26,20,47,35,8,46,41,72,90,10,1529
1992-01-25,NW,National Weekly,89,21,39,26,71,40,10,78,41,87,1530
1992-02-01,NW,National Weekly,85,55,87,75,31,61,33,9,25,7,1531
1992-02-08,NW,National Weekly,42,90,89,19,87,63,14,12,45,33,1532
1992-02-15,NW,National Weekly,50,16,1,79,20,2,83,49,9,65,1533
1992-02-22,NW,National Weekly,1,30,86,80,90,38,70,71,79,8,1534
1992-02-29,NW,National Weekly,52,88,81,79,59,77,55,24,54,66,1535
1992-03-07,NW,National Weekly,2,57,61,21,19,26,29,23,81,17,1536
1992-03-14,NW,National Weekly,58,69,6,45,1,72,86,85,67,43,1537
1992-03-21,NW,National Weekly,14,23,31,88,7,25,65,36,44,33,1538
1992-03-28,NW,National Weekly,28,59,64,10,47,66,23,69,11,57,1539
1992-04-04,NW,National Weekly,81,89,11,23,22,8,42,87,66,5,1540
1992-04-11,NW,National Weekly,1,64,47,25,67,74,61,6,76,71,1541
1992-04-18,NW,National Weekly,66,61,76,21,65,28,53,64,23,68,1542
1992-04-25,NW,National Weekly,75,67,66,40,33,84,18,52,79,10,1543
1992-05-02,NW,National Weekly,8,80,47,50,37,56,15,24,10,7,1544
1992-05-09,NW,National Weekly,12,26,65,7,23,90,33,9,87,17,1545
1992-05-16,NW,National Weekly,77,56,63,24,88,50,21,85,25,32,1546
1992-05-23,NW,National Weekly,85,55,12,62,42,80,77,78,51,40,1547
1992-05-30,NW,National Weekly,82,10,60,85,46,73,83,31,7,24,1548
1992-06-06,NW,National Weekly,53,77,84,22,28,37,59,51,23,31,1549
1992-06-13,NW,National Weekly,13,43,56,45,75,82,77,60,21,42,1550
1992-06-20,NW,National Weekly,77,84,34,2,56,33,32,36,70,35,1551
1992-06-27,NW,National Weekly,83,25,13,6,79,89,26,39,16,24,1552
1992-07-04,NW,National Weekly,80,89,70,23,42,75,59,55,58,34,1553
1992-07-11,NW,National Weekly,73,83,56,76,16,66,53,46,19,35,1554
1992-07-18,NW,National Weekly,4,88,62,76,25,5,68,39,66,82,1555
1992-07-25,NW,National Weekly,81,2,86,72,14,89,37,51,70,9,1556
1992-08-01,NW,National Weekly,47,70,18,23,39,55,77,50,81,89,1557
1992-08-08,NW,National Weekly,78,83,77,9,6,87,79,12,36,65,1558
1992-08-15,NW,National Weekly,69,42,9,73,34,17,21,77,4,26,1559
1992-08-22,NW,National Weekly,71,37,34,18,65,27,22,20,14,35,1560
1992-08-29,NW,National Weekly,46,43,19,48,41,5,4,87,36,39,1561
1992-09-05,NW,National Weekly,4,50,16,60,34,86,24,56,29,28,1562
1992-09-12,NW,National Weekly,8,7,66,33,10,38,6,13,17,61,1563
1992-09-19,NW,National Weekly,6,16,15,33,39,90,53,2,50,55,1564
1992-09-26,NW,National Weekly,5,74,6,57,60,17,8,29,33,84,1565
1992-10-03,NW,National Weekly,1,10,18,4,7,14,60,43,34,61,1566
1992-10-10,NW,National Weekly,65,85,75,25,6,44,45,58,69,64,1567
1992-10-17,NW,National Weekly,63,29,18,35,80,55,57,30,61,40,1568
1992-10-24,NW,National Weekly,21,59,36,25,7,17,2,72,62,41,1569
1992-10-31,NW,National Weekly,59,15,58,62,44,7,49,2,42,33,1570
1992-11-07,NW,National Weekly,63,73,12,15,48,49,7,33,39,1,1571
1992-11-14,NW,National Weekly,89,61,21,83,81,48,86,11,3,10,1572
1992-11-21,NW,National Weekly,80,47,41,65,27,21,84,2,49,87,1573
1992-11-28,NW,National Weekly,83,50,36,27,90,31,1,48,34,54,1574
1992-12-05,NW,National Weekly,56,84,81,12,23,19,79,33,57,80,1575
1992-12-12,NW,National Weekly,17,65,69,80,26,45,2,83,23,19,1576
1992-12-19,NW,National Weekly,77,35,28,25,7,15,24,69,64,71,1577
1992-12-26,NW,National Weekly,44,87,28,56,80,74,90,68,84,39,1578
1993-01-02,NW,National Weekly,86,36,24,48,37,58,9,90,35,3,1579
1993-01-09,NW,National Weekly,54,64,29,22,82,49,59,32,33,48,1580
1993-01-16,NW,National Weekly,18,36,26,71,13,65,6,49,63,40,1581
1993-01-23,NW,National Weekly,69,12,35,36,9,64,58,66,60,3,1582
1993-01-30,NW,National Weekly,57,82,81,26,32,21,5,37,17,28,1583
1993-02-06,NW,National Weekly,13,11,60,52,63,10,49,68,77,82,1584
1993-02-13,NW,National Weekly,5,17,77,84,42,16,76,35,48,63,1585
1993-02-20,NW,National Weekly,2,8,77,46,72,35,90,44,27,12,1586
1993-02-27,NW,National Weekly,10,58,43,14,79,56,77,25,40,73,1587
1993-03-06,NW,National Weekly,75,55,83,53,3,2,86,43,61,56,1588
1993-03-13,NW,National Weekly,76,84,33,49,20,11,17,80,22,37,1589
1993-03-20,NW,National Weekly,67,43,2,23,55,26,42,83,20,84,1590
1993-03-27,NW,National Weekly,46,43,55,29,18,71,26,23,72,83,1591
1993-04-03,NW,National Weekly,27,7,61,33,29,42,32,50,6,2,1592
1993-04-10,NW,National Weekly,66,36,3,53,25,35,38,18,60,59,1593
1993-04-17,NW,National Weekly,43,60,22,6,52,8,79,62,24,37,1594
1993-04-24,NW,National Weekly,6,62,30,33,67,21,71,26,16,81,1595
1993-05-01,NW,National Weekly,25,87,3,77,54,1,49,15,40,51,1596
1993-05-08,NW,National Weekly,42,46,8,61,22,57,39,62,37,35,1597
1993-05-15,NW,National Weekly,45,34,81,73,46,77,78,72,16,54,1598
1993-05-22,NW,National Weekly,19,79,85,36,42,53,78,8,89,17,1599
1993-05-29,NW,National Weekly,54,64,69,75,6,1,5,43,57,58,1600
1993-06-05,NW,National Weekly,74,90,49,70,36,71,59,4,57,80,1601
1993-06-12,NW,National Weekly,65,45,12,71,61,34,62,68,15,26,1602
1993-06-19,NW,National Weekly,76,33,26,24,61,1,84,15,16,81,1603
1993-06-26,NW,National Weekly,14,31,82,47,89,2,84,56,65,48,1604
1993-07-03,NW,National Weekly,68,83,34,69,81,13,41,55,19,45,1605
1993-07-10,NW,National Weekly,25,32,68,33,81,58,83,71,17,12,1606
1993-07-17,NW,National Weekly,37,52,74,70,83,42,47,15,23,19,1607
1993-07-24,NW,National Weekly,8,28,39,32,89,59,76,49,16,14,1608
1993-07-31,NW,National Weekly,40,30,88,65,36,31,16,52,61,66,1609
1993-08-07,NW,National Weekly,70,27,78,28,19,84,56,81,11,72,1610
1993-08-14,NW,National Weekly,41,83,81,27,33,49,57,58,61,86,1611
1993-08-21,NW,National Weekly,36,6,37,71,1,10,21,74,83,41,1612
1993-08-28,NW,National Weekly,87,78,40,88,57,29,80,50,86,12,1613
1993-09-04,NW,National Weekly,19,50,16,41,75,36,49,86,56,3,1614
1993-09-11,NW,National Weekly,17,72,81,9,64,79,46,52,80,47,1615
1993-09-18,NW,National Weekly,78,66,67,9,83,70,58,33,18,62,1616
1993-09-25,NW,National Weekly,61,64,78,12,23,87,15,19,70,5,1617
1993-10-02,NW,National Weekly,19,28,27,17,85,45,61,53,49,36,1618
1993-10-09,NW,National Weekly,53,65,63,48,13,90,86,26,19,70,1619
1993-10-16,NW,National Weekly,36,57,84,75,89,11,85,53,82,55,1620
1993-10-23,NW,National Weekly,30,2,65,17,32,10,24,29,52,90,1621
1993-10-30,NW,National Weekly,12,28,78,57,14,68,24,58,42,85,1622
1993-11-06,NW,National Weekly,10,24,28,2,47,9,59,21,74,8,1623
1993-11-13,NW,National Weekly,62,36,59,44,82,11,76,18,21,4,1624
1993-11-20,NW,National Weekly,83,2,75,31,86,29,56,25,61,47,1625
1993-11-27,NW,National Weekly,50,20,10,82,26,22,37,49,75,23,1626
1993-12-04,NW,National Weekly,47,37,82,21,44,46,40,35,22,72,1627
1993-12-11,NW,National Weekly,59,63,80,15,81,64,33,75,5,34,1628
1993-12-18,NW,National Weekly,56,90,16,43,22,59,50,63,89,86,1629
1993-12-25,NW,National Weekly,60,45,53,40,87,28,74,39,10,85,1630
1994-01-01,NW,National Weekly,31,22,86,20,57,70,87,37,13,6,1631
1994-01-08,NW,National Weekly,69,68,49,38,11,55,4,57,14,34,1632
1994-01-15,NW,National Weekly,43,89,45,40,86,84,37,6,67,7,1633
1994-01-22,NW,National Weekly,52,80,35,78,70,9,22,58,39,53,1634
1994-01-29,NW,National Weekly,76,75,21,58,19,55,34,79,61,28,1635
1994-02-05,NW,National Weekly,5,50,77,36,20,32,75,70,90,10,1636
1994-02-12,NW,National Weekly,56,75,49,52,82,13,67,66,40,85,1637
1994-02-19,NW,National Weekly,43,42,27,15,2,63,51,75,50,45,1638
1994-02-26,NW,National Weekly,79,23,20,50,87,41,43,10,78,45,1639
1994-03-05,NW,National Weekly,1,70,33,74,37,21,26,36,88,10,1640
1994-03-12,NW,National Weekly,31,89,52,36,75,55,54,9,47,82,1641
1994-03-19,NW,National Weekly,37,51,78,21,59,5,24,90,44,70,1642
1994-03-26,NW,National Weekly,33,27,6,84,39,69,59,50,12,66,1643
1994-04-02,NW,National Weekly,52,50,35,74,57,87,30,13,24,44,1644
1994-04-09,NW,National Weekly,88,31,25,57,59,19,86,66,26,70,1645
1994-04-16,NW,National Weekly,34,23,21,30,53,52,65,3,56,33,1646
1994-04-23,NW,National Weekly,45,82,69,3,47,10,74,76,20,15,1647
1994-04-30,NW,National Weekly,78,19,50,86,69,52,71,47,5,20,1648
1994-05-07,NW,National Weekly,2,87,57,12,13,24,78,36,37,75,1649
1994-05-14,NW,National Weekly,16,51,74,15,70,12,6,71,85,55,1650
1994-05-21,NW,National Weekly,23,85,24,84,82,64,25,86,21,20,1651
1994-05-28,NW,National Weekly,70,51,28,26,64,34,75,13,65,57,1652
1994-06-04,NW,National Weekly,71,34,21,37,62,76,38,16,46,3,1653
1994-06-11,NW,National Weekly,61,70,29,90,43,73,19,14,18,12,1654
1994-06-18,NW,National Weekly,71,8,46,70,62,9,34,80,86,50,1655
1994-06-25,NW,National Weekly,20,53,86,46,70,9,19,35,68,47,1656
1994-07-02,NW,National Weekly,18,2,36,65,90,80,54,34,31,22,1657
1994-07-09,NW,National Weekly,54,31,14,52,28,11,86,79,53,21,1658
1994-07-16,NW,National Weekly,68,15,46,44,64,70,88,22,81,45,1659
1994-07-23,NW,National Weekly,31,12,33,77,6,64,29,18,55,68,1660
1994-07-30,NW,National Weekly,4,89,6,5,34,71,87,33,1,60,1661
1994-08-06,NW,National Weekly,58,23,52,83,6,74,59,44,1,42,1662
1994-08-13,NW,National Weekly,58,21,71,1,43,81,82,63,31,25,1663
1994-08-20,NW,National Weekly,37,81,36,33,38,58,29,84,68,77,1664
1994-08-27,NW,National Weekly,87,46,65,88,13,84,57,31,33,15,1665
1994-09-03,NW,National Weekly,69,5,88,7,41,38,66,63,10,16,1666
1994-09-10,NW,National Weekly,3,52,54,41,86,66,28,31,83,65,1667
1994-09-17,NW,National Weekly,22,26,64,89,61,60,71,48,20,25,1668
1994-09-24,NW,National Weekly,30,84,22,73,28,43,39,59,17,49,1669
1994-10-01,NW,National Weekly,9,65,86,53,74,2,22,15,46,34,1670
1994-10-08,NW,National Weekly,27,8,19,5,50,26,35,16,68,15,1671
1994-10-15,NW,National Weekly,3,34,24,85,78,7,19,9,2,82,1672
1994-10-22,NW,National Weekly,54,27,60,35,71,84,52,1,59,86,1673
1994-10-29,NW,National Weekly,63,19,64,28,60,14,45,78,48,6,1674
1994-11-05,NW,National Weekly,68,65,88,27,53,19,41,45,70,5,1675
1994-11-12,NW,National Weekly,9,52,81,18,31,22,56,63,78,65,1676
1994-11-19,NW,National Weekly,59,45,80,34,40,3,7,71,86,43,1677
1994-11-26,NW,National Weekly,85,45,66,51,55,58,52,62,60,3,1678
1994-12-03,NW,National Weekly,77,40,61,28,65,48,8,1,90,14,1679
1994-12-10,NW,National Weekly,7,63,49,14,24,89,3,42,28,81,1680
1994-12-17,NW,National Weekly,80,11,10,48,73,20,15,64,21,2,1681
1994-12-24,NW,National Weekly,11,68,31,9,30,25,61,22,78,73,1682
1994-12-31,NW,National Weekly,69,49,40,53,10,32,88,55,74,29,1683
1995-01-07,NW,National Weekly,11,25,29,20,56,37,42,65,46,74,1684
1995-01-14,NW,National Weekly,43,2,85,38,8,32,27,54,36,50,1685
1995-01-21,NW,National Weekly,27,88,60,22,73,65,42,10,57,50,1686
1995-01-28,NW,National Weekly,90,40,76,7,48,46,28,82,35,58,1687
1995-02-04,NW,National Weekly,86,45,59,13,36,80,49,19,29,62,1688
1995-02-11,NW,National Weekly,32,19,80,33,22,50,35,76,85,14,1689
1995-02-18,NW,National Weekly,90,53,31,17,19,57,46,52,44,29,1690
1995-02-25,NW,National Weekly,26,62,59,7,33,46,34,2,57,44,1691
1995-03-04,NW,National Weekly,52,14,9,87,62,2,40,79,34,11,1692
1995-03-11,NW,National Weekly,52,51,40,31,38,78,80,85,77,21,1693
1995-03-18,NW,National Weekly,55,16,1,17,36,33,22,69,61,60,1694
1995-03-25,NW,National Weekly,46,60,29,41,49,38,86,50,51,11,1695
1995-04-01,NW,National Weekly,70,53,23,82,37,80,76,38,50,4,1696
1995-04-08,NW,National Weekly,69,77,87,52,81,10,53,51,73,64,1697
1995-04-15,NW,National Weekly,14,12,38,61,88,89,29,2,55,33,1698
1995-04-22,NW,National Weekly,42,87,3,16,28,30,78,81,80,1,1699
1995-04-29,NW,National Weekly,73,69,76,21,2,57,71,6,31,30,1700
1995-05-06,NW,National Weekly,42,16,6,10,81,26,36,40,21,86,1701
1995-05-13,NW,National Weekly,49,3,4,65,66,62,26,81,23,60,1702
1995-05-20,NW,National Weekly,43,36,59,14,58,21,51,17,9,75,1703
1995-05-27,NW,National Weekly,67,29,65,60,81,26,36,72,47,48,1704
1995-06-03,NW,National Weekly,84,28,86,19,66,25,68,31,37,36,1705
1995-06-10,NW,National Weekly,24,61,62,82,52,51,43,58,3,60,1706
1995-06-17,NW,National Weekly,9,17,71,20,40,57,24,32,90,19,1707
1995-06-24,NW,National Weekly,64,22,55,4,43,34,2,63,81,8,1708
1995-07-01,NW,National Weekly,65,44,83,31,42,56,46,68,81,15,1709
1995-07-08,NW,National Weekly,32,87,40,54,31,88,69,10,26,56,1710
1995-07-15,NW,National Weekly,23,35,77,75,21,69,18,48,60,5,1711
1995-07-22,NW,National Weekly,63,13,86,9,51,67,74,55,75,3,1712
1995-07-29,NW,National Weekly,65,40,1,18,87,82,14,63,71,3,1713
1995-08-05,NW,National Weekly,48,60,49,78,83,34,1,54,19,3,1714
1995-08-12,NW,National Weekly,30,50,40,49,65,73,37,48,38,81,1715
1995-08-19,NW,National Weekly,49,30,6,36,18,8,81,9,85,31,1716
1995-08-26,NW,National Weekly,6,68,66,58,45,50,39,22,29,1,1717
1995-09-02,NW,National Weekly,48,29,39,53,12,37,16,42,75,14,1718
1995-09-09,NW,National Weekly,66,30,65,80,51,88,59,9,47,35,1719
1995-09-16,NW,National Weekly,25,54,1,55,68,34,5,59,7,72,1720
1995-09-23,NW,National Weekly,6,22,28,8,38,13,30,45,58,46,1721
1995-09-30,NW,National Weekly,80,11,75,41,87,52,9,57,63,77,1722
1995-10-07,NW,National Weekly,74,25,10,61,64,39,63,82,28,5,1723
1995-10-14,NW,National Weekly,78,48,68,41,77,30,39,82,56,10,1724
1995-10-21,NW,National Weekly,82,14,62,5,49,79,48,58,73,75,1725
1995-10-28,NW,National Weekly,23,45,46,87,48,70,7,65,90,75,1726
1995-11-04,NW,National Weekly,39,41,18,35,8,6,32,87,78,17,1727
1995-11-11,NW,National Weekly,88,54,24,32,42,14,67,61,15,51,1728
1995-11-18,NW,National Weekly,64,60,9,57,37,29,48,38,21,13,1729
1995-11-25,NW,National Weekly,66,50,37,17,64,29,53,16,56,36,1730
1995-12-02,NW,National Weekly,72,18,41,44,77,82,3,75,64,78,1731
1995-12-09,NW,National Weekly,48,1,39,12,23,76,14,41,64,52,1732
1995-12-16,NW,National Weekly,85,9,71,26,35,65,28,12,80,23,1733
1995-12-23,NW,National Weekly,16,1,56,87,13,31,2,6,73,83,1734
1995-12-30,NW,National Weekly,79,80,87,21,6,89,48,52,8,86,1735
1996-01-06,NW,National Weekly,76,34,51,41,66,8,50,38,61,29,1736
1996-01-13,NW,National Weekly,48,14,16,47,79,8,77,24,87,35,1737
1996-01-20,NW,National Weekly,85,66,75,76,17,34,62,19,58,23,1738
1996-01-27,NW,National Weekly,89,62,43,22,80,19,65,20,4,9,1739
1996-02-03,NW,National Weekly,7,48,9,39,1,59,57,4,51,62,1740
1996-02-10,NW,National Weekly,87,84,49,82,28,2,13,4,21,66,1741
1996-02-17,NW,National Weekly,64,17,53,1,85,31,77,65,28,38,1742
1996-02-24,NW,National Weekly,18,39,57,66,17,63,35,13,86,2,1743
1996-03-02,NW,National Weekly,81,15,5,43,48,36,55,76,38,40,1744
1996-03-09,NW,National Weekly,39,10,50,53,35,32,56,57,5,69,1745
1996-03-16,NW,National Weekly,56,59,27,48,80,76,74,53,32,20,1746
1996-03-23,NW,National Weekly,40,90,63,42,89,52,62,56,69,12,1747
1996-03-30,NW,National Weekly,71,89,58,31,32,3,19,45,44,6,1748
1996-04-06,NW,National Weekly,61,80,8,44,60,40,79,31,15,30,1749
1996-04-13,NW,National Weekly,60,43,59,34,77,61,85,29,70,18,1750
1996-04-20,NW,National Weekly,29,19,88,82,28,90,24,22,53,79,1751
1996-04-27,NW,National Weekly,59,57,44,28,52,89,5,10,30,73,1752
1996-05-04,NW,National Weekly,13,77,67,12,26,4,3,63,82,65,1753
1996-05-11,NW,National Weekly,20,33,29,2,43,19,11,78,66,30,1754
1996-05-18,NW,National Weekly,13,86,32,63,64,1,53,87,56,57,1755
1996-05-25,NW,National Weekly,76,32,1,19,66,60,37,81,41,51,1756
1996-06-01,NW,National Weekly,45,35,83,30,20,12,88,59,71,25,1757
1996-06-08,NW,National Weekly,84,88,33,28,14,36,12,35,24,78,1758
1996-06-15,NW,National Weekly,17,74,66,70,24,85,38,42,29,88,1759
1996-06-22,NW,National Weekly,3,38,55,45,74,59,69,22,28,10,1760
1996-06-29,NW,National Weekly,64,25,56,61,39,36,48,43,90,7,1761
1996-07-06,NW,National Weekly,21,24,66,51,49,50,64,7,57,29,1762
1996-07-13,NW,National Weekly,5,87,3,54,57,80,74,27,33,90,1763
1996-07-20,NW,National Weekly,11,28,60,40,90,7,78,85,45,59,1764
1996-07-27,NW,National Weekly,28,67,53,82,77,15,24,85,4,42,1765
1996-08-03,NW,National Weekly,67,37,62,5,7,69,24,41,46,14,1766
1996-08-10,NW,National Weekly,65,47,2,53,56,80,69,22,14,86,1767
1996-08-17,NW,National Weekly,56,5,75,50,83,16,31,66,9,59,1768
1996-08-24,NW,National Weekly,46,4,33,25,80,76,9,59,42,66,1769
1996-08-31,NW,National Weekly,74,67,68,85,6,66,52,80,50,42,1770
1996-09-07,NW,National Weekly,13,38,2,83,57,78,29,70,54,89,1771
1996-09-14,NW,National Weekly,1,10,54,46,82,51,43,81,67,41,1772
1996-09-21,NW,National Weekly,2,7,84,32,59,79,39,71,23,9,1773
1996-09-28,NW,National Weekly,35,90,70,22,57,81,5,36,40,39,1774
1996-10-05,NW,National Weekly,9,35,38,31,13,79,78,8,61,51,1775
1996-10-12,NW,National Weekly,70,32,88,12,23,27,5,61,17,7,1776
1996-10-19,NW,National Weekly,39,48,47,3,20,84,1,64,54,70,1777
1996-10-26,NW,National Weekly,63,18,72,68,20,32,2,8,44,56,1778
1996-11-02,NW,National Weekly,31,59,87,79,23,30,40,56,74,63,1779
1996-11-09,NW,National Weekly,15,28,14,50,77,79,86,27,76,59,1780
1996-11-16,NW,National Weekly,76,44,83,26,11,5,25,89,40,41,1781
1996-11-23,NW,National Weekly,88,41,53,71,11,89,16,4,39,56,1782
1996-11-30,NW,National Weekly,9,11,65,72,70,88,66,19,30,50,1783
1996-12-07,NW,National Weekly,4,51,63,69,75,20,49,70,71,10,1784
1996-12-14,NW,National Weekly,47,33,70,13,4,23,3,22,14,7,1785
1996-12-21,NW,National Weekly,22,37,39,45,35,8,59,75,76,5,1786
1996-12-28,NW,National Weekly,25,1,50,2,27,55,51,14,63,90,1787
1997-01-04,NW,National Weekly,82,15,32,47,79,57,4,61,42,24,1788
1997-01-11,NW,National Weekly,21,3,47,39,36,68,74,89,67,49,1789
1997-01-18,NW,National Weekly,71,29,83,63,44,79,80,19,64,15,1790
1997-01-25,NW,National Weekly,73,16,42,55,90,29,17,60,7,38,1791
1997-02-01,NW,National Weekly,16,68,19,4,36,15,31,90,26,25,1792
1997-02-08,NW,National Weekly,69,30,75,65,12,19,21,61,80,57,1793
1997-02-15,NW,National Weekly,65,21,71,8,46,15,74,81,43,55,1794
1997-02-22,NW,National Weekly,22,86,7,55,18,42,77,36,56,41,1795
1997-03-01,NW,National Weekly,45,57,62,42,56,46,87,29,14,16,1796
1997-03-08,NW,National Weekly,5,54,48,56,3,59,85,4,6,40,1797
1997-03-15,NW,National Weekly,1,13,66,78,26,43,27,8,21,6,1798
1997-03-22,NW,National Weekly,20,16,76,37,69,12,41,57,27,86,1799
1997-03-29,NW,National Weekly,40,1,88,66,75,41,25,48,55,76,1800
1997-04-05,NW,National Weekly,26,63,27,79,77,17,44,9,41,64,1801
1997-04-12,NW,National Weekly,38,54,75,35,86,62,87,81,84,49,1802
1997-04-19,NW,National Weekly,35,22,19,59,76,79,7,2,10,20,1803
1997-04-26,NW,National Weekly,42,9,28,81,70,7,79,73,8,30,1804
1997-05-03,NW,National Weekly,11,40,75,12,20,50,5,18,19,54,1805
1997-05-10,NW,National Weekly,58,60,10,61,44,24,5,73,42,1,1806
1997-05-17,NW,National Weekly,31,78,43,81,80,75,5,76,45,51,1807
1997-05-24,NW,National Weekly,10,17,81,45,27,62,57,52,8,68,1808
1997-05-31,NW,National Weekly,58,50,35,83,86,31,49,85,20,37,1809
1997-06-07,NW,National Weekly,33,65,39,69,9,68,11,57,18,35,1810
1997-06-14,NW,National Weekly,48,67,33,52,66,35,59,15,25,37,1811
1997-06-21,NW,National Weekly,44,4,1,21,56,57,58,47,52,7,1812
1997-06-28,NW,National Weekly,7,57,32,35,25,36,75,82,38,61,1813
1997-07-05,NW,National Weekly,63,23,41,21,83,24,68,64,9,4,1814
1997-07-12,NW,National Weekly,51,61,35,17,2,37,19,78,55,76,1815
1997-07-19,NW,National Weekly,3,7,87,49,9,83,51,55,1,64,1816
1997-07-26,NW,National Weekly,39,52,83,32,17,56,1,53,65,6,1817
1997-08-02,NW,National Weekly,10,86,54,21,52,56,68,45,20,76,1818
1997-08-09,NW,National Weekly,48,2,41,55,17,46,34,29,53,23,1819
1997-08-16,NW,National Weekly,79,50,47,82,89,12,13,18,72,63,1820
1997-08-23,NW,National Weekly,24,19,13,59,35,6,48,81,18,53,1821
1997-08-30,NW,National Weekly,5,74,9,6,88,22,48,4,40,57,1822
1997-09-06,NW,National Weekly,65,58,12,78,64,83,56,88,80,89,1823
1997-09-13,NW,National Weekly,27,36,17,4,26,90,53,45,13,43,1824
1997-09-20,NW,National Weekly,28,41,35,2,51,43,71,44,24,34,1825
1997-09-27,NW,National Weekly,18,45,81,39,23,21,63,25,77,70,1826
1997-10-04,NW,National Weekly,45,5,75,37,39,64,67,22,46,18,1827
1997-10-11,NW,National Weekly,82,15,60,17,23,88,70,58,79,72,1828
1997-10-18,NW,National Weekly,64,44,53,86,33,83,18,62,32,47,1829
1997-10-25,NW,National Weekly,49,44,27,80,54,8,14,45,3,81,1830
1997-11-01,NW,National Weekly,21,84,4,13,78,15,75,81,74,86,1831
1997-11-08,NW,National Weekly,15,32,45,68,79,41,47,62,12,3,1832
1997-11-15,NW,National Weekly,89,6,22,87,12,75,76,3,84,15,1833
1997-11-22,NW,National Weekly,16,32,55,77,13,26,18,50,53,28,1834
1997-11-29,NW,National Weekly,25,22,87,54,69,68,21,16,62,4,1835
1997-12-06,NW,National Weekly,19,89,70,3,31,68,42,12,1,23,1836
1997-12-13,NW,National Weekly,42,26,87,41,14,72,71,74,76,75,1837
1997-12-20,NW,National Weekly,90,24,69,27,49,76,60,88,59,19,1838
1997-12-27,NW,National Weekly,8,67,77,57,25,60,89,18,55,62,1839
1998-01-03,NW,National Weekly,21,87,86,54,29,25,5,46,36,83,1840
1998-01-10,NW,National Weekly,10,82,33,89,8,15,1,38,84,85,1841
1998-01-17,NW,National Weekly,40,14,44,77,13,67,75,22,30,63,1842
1998-01-24,NW,National Weekly,9,66,39,43,27,84,85,40,20,60,1843
1998-01-31,NW,National Weekly,49,7,86,47,18,76,41,85,44,89,1844
1998-02-07,NW,National Weekly,25,10,9,34,27,73,77,4,74,14,1845
1998-02-14,NW,National Weekly,1,84,7,5,60,85,73,75,88,32,1846
1998-02-21,NW,National Weekly,74,79,77,39,29,80,40,62,13,8,1847
1998-02-28,NW,National Weekly,84,33,42,90,1,26,5,67,74,57,1848
1998-03-07,NW,National Weekly,32,43,52,35,83,66,18,2,55,73,1849
1998-03-14,NW,National Weekly,22,45,76,84,17,35,68,85,27,62,1850
1998-03-21,NW,National Weekly,90,28,68,23,38,84,3,70,54,88,1851
1998-03-28,NW,National Weekly,50,88,3,26,39,36,4,29,19,72,1852
1998-04-04,NW,National Weekly,88,76,19,42,80,86,8,55,59,53,1853
1998-04-11,NW,National Weekly,63,64,4,85,6,90,23,73,67,65,1854
1998-04-18,NW,National Weekly,21,87,66,32,50,33,16,90,82,8,1855
1998-04-25,NW,National Weekly,71,40,14,62,79,61,5,24,11,67,1856
1998-05-02,NW,National Weekly,85,88,87,29,45,59,67,20,27,71,1857
1998-05-09,NW,National Weekly,29,27,36,57,70,4,31,63,1,28,1858
1998-05-16,NW,National Weekly,66,13,81,80,22,47,86,30,39,73,1859
1998-05-23,NW,National Weekly,36,7,16,31,37,42,86,44,68,83,1860
1998-05-30,NW,National Weekly,54,22,16,66,59,71,14,26,7,3,1861
1998-06-06,NW,National Weekly,67,63,14,4,77,69,87,52,35,41,1862
1998-06-13,NW,National Weekly,64,55,30,71,23,48,89,70,47,24,1863
1998-06-20,NW,National Weekly,22,89,29,2,66,84,59,87,64,80,1864
1998-06-27,NW,National Weekly,67,77,68,40,52,89,4,56,20,15,1865
1998-07-04,NW,National Weekly,69,90,24,26,38,63,62,57,11,50,1866
1998-07-11,NW,National Weekly,5,50,20,78,9,46,51,21,12,90,1867
1998-07-18,NW,National Weekly,24,36,62,23,50,4,61,64,3,72,1868
1998-07-25,NW,National Weekly,51,74,37,68,28,33,30,45,61,2,1869
1998-08-01,NW,National Weekly,17,62,75,52,36,55,37,5,73,89,1870
1998-08-08,NW,National Weekly,38,68,86,36,31,23,89,13,90,32,1871
1998-08-15,NW,National Weekly,85,46,87,33,43,89,74,60,64,78,1872
1998-08-22,NW,National Weekly,12,89,25,22,54,47,16,20,10,41,1873
1998-08-29,NW,National Weekly,55,38,51,3,76,83,75,32,41,9,1874
1998-09-05,NW,National Weekly,30,79,35,80,66,58,13,62,26,57,1875
1998-09-12,NW,National Weekly,10,78,19,49,24,57,67,23,79,77,1876
1998-09-19,NW,National Weekly,16,24,3,48,71,11,58,73,82,4,1877
1998-09-26,NW,National Weekly,39,43,59,86,38,77,79,8,10,14,1878
1998-10-03,NW,National Weekly,29,67,81,68,39,53,26,2,72,50,1879
1998-10-10,NW,National Weekly,73,36,54,70,78,56,5,53,87,85,1880
1998-10-17,NW,National Weekly,53,54,30,3,67,43,58,90,31,20,1881
1998-10-24,NW,National Weekly,16,74,58,54,48,21,43,89,55,56,1882
1998-10-31,NW,National Weekly,8,44,86,3,18,70,89,26,46,33,1883
1998-11-07,NW,National Weekly,90,58,29,4,70,71,44,20,14,30,1884
1998-11-14,NW,National Weekly,83,17,40,11,56,27,80,87,13,9,1885
1998-11-21,NW,National Weekly,39,82,77,56,58,84,22,38,75,60,1886
1998-11-28,NW,National Weekly,78,74,10,8,83,43,54,5,46,30,1887
1998-12-05,NW,National Weekly,40,69,87,22,68,85,54,36,37,76,1888
1998-12-12,NW,National Weekly,58,32,7,3,27,28,55,31,46,5,1889
1998-12-19,NW,National Weekly,41,65,74,57,31,16,70,15,47,87,1890
1998-12-26,NW,National Weekly,50,39,90,75,61,40,77,30,1,69,1891
1999-01-02,NW,National Weekly,34,57,12,1,72,63,78,64,75,62,1892
1999-01-09,NW,National Weekly,33,86,2,9,61,22,25,12,11,14,1893
1999-01-16,NW,National Weekly,65,59,17,90,77,5,39,47,3,29,1894
1999-01-23,NW,National Weekly,79,36,47,30,35,44,48,11,40,23,1895
1999-01-30,NW,National Weekly,66,40,42,87,53,52,15,44,2,65,1896
1999-02-06,NW,National Weekly,25,76,17,18,30,63,43,59,6,77,1897
1999-02-13,NW,National Weekly,73,57,51,80,46,75,41,49,83,7,1898
1999-02-20,NW,National Weekly,38,84,53,9,28,1,65,41,46,23,1899
1999-02-27,NW,National Weekly,59,16,20,84,62,61,52,42,87,74,1900
1999-03-06,NW,National Weekly,31,58,25,84,51,43,19,29,11,83,1901
1999-03-13,NW,National Weekly,83,22,54,36,45,28,24,4,1,87,1902
1999-03-20,NW,National Weekly,2,77,81,86,64,36,70,17,13,12,1903
1999-03-27,NW,National Weekly,58,37,87,42,89,86,27,18,85,47,1904
1999-04-03,NW,National Weekly,74,70,50,44,53,3,33,47,20,90,1905
1999-04-10,NW,National Weekly,86,49,32,88,64,28,42,56,5,55,1906
1999-04-17,NW,National Weekly,17,51,69,59,36,87,78,63,46,9,1907
1999-04-24,NW,National Weekly,62,58,61,53,29,59,43,40,76,14,1908
1999-05-01,NW,National Weekly,79,77,52,81,61,36,87,26,20,9,1909
1999-05-08,NW,National Weekly,30,31,27,38,62,73,29,66,17,23,1910
1999-05-15,NW,National Weekly,75,69,57,77,76,49,60,38,17,80,1911
1999-05-22,NW,National Weekly,23,42,83,85,9,73,66,24,19,72,1912
1999-05-29,NW,National Weekly,64,42,47,75,36,55,63,67,46,70,1913
1999-06-05,NW,National Weekly,74,8,69,25,51,45,43,23,2,48,1914
1999-06-12,NW,National Weekly,61,14,53,77,4,6,18,89,40,21,1915
1999-06-19,NW,National Weekly,17,63,52,5,79,62,25,14,86,32,1916
1999-06-26,NW,National Weekly,76,71,36,45,9,41,70,48,6,58,1917
1999-07-03,NW,National Weekly,67,72,51,56,33,50,7,83,58,75,1918
1999-07-10,NW,National Weekly,41,22,44,7,51,30,65,86,26,29,1919
1999-07-17,NW,National Weekly,72,74,90,61,80,7,15,17,46,29,1920
1999-07-24,NW,National Weekly,50,19,41,26,80,32,20,67,49,70,1921
1999-07-31,NW,National Weekly,32,89,53,16,43,68,10,25,34,6,1922
1999-08-07,NW,National Weekly,48,17,86,26,3,74,54,87,37,31,1923
1999-08-14,NW,National Weekly,65,71,26,16,66,79,58,12,88,78,1924
1999-08-21,NW,National Weekly,64,89,61,2,24,78,53,85,49,71,1925
1999-08-28,NW,National Weekly,82,70,59,5,44,67,58,47,2,56,1926
1999-09-04,NW,National Weekly,26,34,84,60,35,89,47,90,81,39,1927
1999-09-11,NW,National Weekly,24,60,58,72,49,84,9,17,5,6,1928
1999-09-18,NW,National Weekly,88,2,22,31,80,51,77,28,70,10,1929
1999-09-25,NW,National Weekly,52,85,33,36,79,17,73,40,6,14,1930
1999-10-02,NW,National Weekly,13,47,21,81,9,33,39,83,46,37,1931
1999-10-09,NW,National Weekly,11,85,57,69,58,42,19,45,72,90,1932
1999-10-16,NW,National Weekly,14,45,3,90,40,55,46,7,22,16,1933
1999-10-23,NW,National Weekly,72,60,32,6,74,88,12,47,10,26,1934
1999-10-30,NW,National Weekly,59,44,22,51,56,49,78,35,81,14,1935
1999-11-06,NW,National Weekly,20,74,90,76,63,84,50,72,32,81,1936
1999-11-13,NW,National Weekly,71,51,33,66,50,64,77,73,43,32,1937
1999-11-20,NW,National Weekly,90,16,12,59,27,13,7,72,56,8,1938
1999-11-27,NW,National Weekly,51,84,44,54,63,2,76,42,29,65,1939
1999-12-04,NW,National Weekly,66,48,5,85,19,33,55,83,63,44,1940
1999-12-11,NW,National Weekly,42,66,63,2,52,48,68,3,47,40,1941
1999-12-18,NW,National Weekly,87,84,42,40,26,31,69,39,72,38,1942
1999-12-25,NW,National Weekly,45,28,30,20,49,46,32,12,10,67,1943
2000-01-01,NW,National Weekly,75,80,8,17,33,13,63,76,89,15,1944
2000-01-08,NW,National Weekly,35,34,12,47,87,17,37,1,24,11,1945
2000-01-15,NW,National Weekly,76,18,1,40,45,5,58,22,86,79,1946
2000-01-22,NW,National Weekly,48,39,26,51,67,68,30,81,3,2,1947
2000-01-29,NW,National Weekly,6,28,38,15,5,46,40,43,33,17,1948
2000-02-05,NW,National Weekly,23,83,57,74,42,90,50,68,30,31,1949
2000-02-12,NW,National Weekly,1,48,42,78,26,88,45,55,12,29,1950
2000-02-19,NW,National Weekly,72,24,57,5,36,6,88,63,78,23,1951
2000-02-26,NW,National Weekly,33,44,54,30,4,74,70,5,2,10,1952
2000-03-04,NW,National Weekly,5,83,56,18,11,66,44,49,14,29,1953
2000-03-11,NW,National Weekly,24,27,88,75,89,26,25,44,17,14,1954
2000-03-18,NW,National Weekly,38,41,4,82,66,54,32,73,79,8,1955
2000-03-25,NW,National Weekly,10,34,18,11,19,48,90,16,43,4,1956
2000-04-01,NW,National Weekly,30,36,4,67,69,21,59,15,3,60,1957
2000-04-08,NW,National Weekly,2,82,44,75,84,81,80,10,72,69,1958
2000-04-29,NW,National Weekly,3,4,88,27,11,80,83,33,55,37,1959
2000-05-06,NW,National Weekly,86,48,34,81,25,64,61,89,82,49,1960
2000-05-13,NW,National Weekly,52,28,19,6,21,8,48,86,11,39,1961
2000-05-20,NW,National Weekly,42,57,56,79,50,87,19,2,63,10,1962
2000-05-27,NW,National Weekly,66,79,44,81,48,46,12,51,17,73,1963
2000-06-03,NW,National Weekly,33,57,76,6,52,45,64,50,27,74,1964
2000-06-10,NW,National Weekly,31,39,65,23,89,57,19,48,78,71,1965
2000-06-17,NW,National Weekly,89,77,60,10,75,7,69,74,78,8,1966
2000-06-24,NW,National Weekly,32,73,59,85,44,31,66,63,47,29,1967
2000-07-01,NW,National Weekly,42,69,27,30,7,33,10,5,74,43,1968
2000-07-08,NW,National Weekly,15,78,19,51,48,32,77,57,1,20,1969
2000-07-15,NW,National Weekly,23,89,42,55,88,21,9,15,7,31,1970
2000-07-22,NW,National Weekly,50,88,2,68,55,81,75,52,78,36,1971
2000-07-29,NW,National Weekly,82,9,90,60,5,79,41,18,14,87,1972
2000-08-05,NW,National Weekly,19,85,1,49,39,34,30,83,48,6,1973
2000-08-12,NW,National Weekly,24,57,53,62,29,36,78,58,87,89,1974
2000-08-19,NW,National Weekly,8,79,5,30,89,55,39,56,20,15,1975
2000-08-26,NW,National Weekly,70,78,45,9,8,10,89,20,5,12,1976
2000-09-02,NW,National Weekly,23,5,79,72,15,39,71,12,81,42,1977
2000-09-09,NW,National Weekly,58,35,54,70,32,18,50,10,42,30,1978
2000-09-16,NW,National Weekly,49,32,76,59,9,29,77,35,84,50,1979
2000-09-23,NW,National Weekly,58,63,21,76,33,89,51,14,70,17,1980
2000-09-30,NW,National Weekly,76,68,34,50,11,4,56,51,47,14,1981
2000-10-07,NW,National Weekly,5,50,88,51,14,22,20,26,82,32,1982
2000-10-14,NW,National Weekly,30,57,9,68,42,80,31,33,1,12,1983
2000-10-21,NW,National Weekly,30,37,20,47,72,10,49,64,52,76,1984
2000-10-28,NW,National Weekly,87,46,43,74,11,10,67,73,33,24,1985
2000-11-04,NW,National Weekly,86,64,80,17,18,21,59,84,33,28,1986
2000-11-04,NW,National Weekly,53,28,31,10,5,63,39,82,76,41,1987
2000-11-18,NW,National Weekly,77,7,43,37,33,5,66,6,10,84,1988
2000-11-25,NW,National Weekly,60,46,86,40,65,77,75,29,9,39,1989
2000-12-02,NW,National Weekly,87,54,35,90,52,19,62,8,31,24,1990
2000-12-09,NW,National Weekly,59,65,22,67,78,48,60,55,2,15,1991
2000-12-16,NW,National Weekly,76,82,30,85,10,12,6,69,29,19,1992
2000-12-23,NW,National Weekly,53,40,15,30,86,21,73,90,48,52,1993
2000-12-30,NW,National Weekly,86,63,77,10,38,27,65,42,54,14,1994
2001-01-06,NW,National Weekly,51,25,77,63,73,58,29,66,13,47,1995
2001-01-13,NW,National Weekly,52,65,40,14,48,23,85,19,29,68,1996
2001-01-20,NW,National Weekly,26,83,87,39,3,75,36,18,89,85,1997
2001-01-27,NW,National Weekly,54,52,61,8,77,43,51,15,73,44,1998
2001-02-03,NW,National Weekly,35,48,54,78,56,16,55,73,29,70,1999
2001-02-10,NW,National Weekly,88,22,61,64,50,3,15,8,27,70,2000
2001-02-17,NW,National Weekly,74,50,67,25,56,44,76,60,2,51,2001
2001-02-24,NW,National Weekly,14,73,65,89,87,9,11,55,57,77,2002
2001-03-03,NW,National Weekly,36,13,7,75,9,53,32,10,26,42,2003
2001-03-10,NW,National Weekly,54,60,14,49,37,61,78,45,41,52,2004
2001-03-17,NW,National Weekly,55,21,76,69,57,35,60,81,4,74,2005
2001-03-24,NW,National Weekly,85,35,30,76,7,90,63,61,71,77,2006
2001-03-31,NW,National Weekly,5,57,81,10,12,86,6,51,16,55,2007
2001-04-07,NW,National Weekly,20,41,37,48,57,17,9,81,78,38,2008
2001-04-14,NW,National Weekly,45,77,78,68,2,16,60,53,65,13,2009
2001-04-21,NW,National Weekly,73,19,77,22,30,52,76,9,44,36,2010
2001-04-28,NW,National Weekly,56,90,77,12,84,73,59,78,46,71,2011
2001-05-05,NW,National Weekly,20,39,6,54,65,14,29,61,2,60,2012
2001-05-12,NW,National Weekly,90,49,79,86,73,56,21,84,80,83,2013
2001-05-19,NW,National Weekly,79,43,90,41,48,25,34,36,53,30,2014
2001-05-26,NW,National Weekly,15,21,55,10,43,8,36,14,89,52,2015
2001-06-02,NW,National Weekly,57,66,59,77,29,69,55,86,35,39,2016
2001-06-09,NW,National Weekly,50,61,68,11,29,67,62,12,13,38,2017
2001-06-16,NW,National Weekly,27,1,68,59,9,69,56,25,34,80,2018
2001-06-23,NW,National Weekly,12,26,77,60,52,67,47,70,89,44,2019
2001-06-30,NW,National Weekly,35,32,15,37,72,64,39,6,59,36,2020
2001-07-07,NW,National Weekly,30,47,63,29,58,12,82,15,88,2,2021
2001-07-14,NW,National Weekly,63,67,74,89,64,56,85,1,39,18,2022
2001-07-21,NW,National Weekly,89,85,50,2,82,64,65,8,66,29,2023
2001-07-28,NW,National Weekly,57,42,72,3,45,28,7,38,24,66,2024
2001-08-04,NW,National Weekly,80,27,10,21,76,54,1,35,16,73,2025
2001-08-11,NW,National Weekly,28,42,49,55,69,38,12,66,72,11,2026
2001-08-18,NW,National Weekly,56,27,72,12,35,25,79,75,14,46,2027
2001-08-25,NW,National Weekly,37,31,38,10,80,71,9,12,81,13,2028
2001-09-01,NW,National Weekly,46,73,22,63,30,88,19,52,18,10,2029
2001-09-08,NW,National Weekly,44,62,10,19,72,87,90,58,2,84,2030
2001-09-15,NW,National Weekly,68,47,67,78,66,27,46,20,55,73,2031
2001-09-22,NW,National Weekly,51,73,12,27,32,38,33,86,81,68,2032
2001-09-29,NW,National Weekly,50,26,75,22,70,36,27,29,64,73,2033
2001-10-06,NW,National Weekly,20,28,25,14,31,58,18,42,55,15,2034
2001-10-13,NW,National Weekly,79,83,31,49,60,23,47,4,82,37,2035
2001-10-20,NW,National Weekly,6,35,54,21,24,17,64,49,16,1,2036
2001-10-27,NW,National Weekly,32,21,9,66,25,36,13,15,75,86,2037
2001-11-03,NW,National Weekly,33,87,53,25,40,23,4,50,28,13,2038
2001-11-10,NW,National Weekly,31,20,45,1,78,51,60,70,6,88,2039
2001-11-17,NW,National Weekly,69,81,3,27,80,70,7,64,65,75,2040
2001-11-24,NW,National Weekly,67,37,59,68,48,36,57,52,80,25,2041
2001-12-01,NW,National Weekly,25,2,49,8,36,47,77,51,19,61,2042
2001-12-08,NW,National Weekly,45,25,88,87,23,46,90,86,32,60,2043
2001-12-15,NW,National Weekly,25,10,78,27,48,84,80,31,87,9,2044
2001-12-22,NW,National Weekly,16,82,73,51,52,41,35,39,34,83,2045
2001-12-29,NW,National Weekly,35,3,16,21,41,75,60,45,53,82,2046
2002-01-05,NW,National Weekly,58,71,37,17,56,46,61,60,63,28,2047
2002-01-12,NW,National Weekly,87,7,4,66,49,45,12,39,73,9,2048
2002-01-19,NW,National Weekly,16,18,44,12,86,58,59,36,20,14,2049
2002-01-26,NW,National Weekly,69,40,37,66,36,39,14,48,5,42,2050
2002-02-02,NW,National Weekly,18,86,48,8,61,15,65,25,24,63,2051
2002-02-09,NW,National Weekly,12,81,65,74,29,48,24,47,9,3,2052
2002-02-16,NW,National Weekly,56,7,83,6,66,78,86,41,30,54,2053
2002-02-23,NW,National Weekly,54,49,10,12,16,7,14,53,68,64,2054
2002-03-02,NW,National Weekly,52,55,24,26,18,5,78,4,27,67,2055
2002-03-09,NW,National Weekly,68,47,53,41,84,19,18,83,44,36,2056
2002-03-16,NW,National Weekly,59,19,20,58,88,73,26,82,52,29,2057
2002-03-23,NW,National Weekly,29,60,26,3,20,46,59,31,70,85,2058
2002-03-30,NW,National Weekly,19,53,27,82,72,67,81,73,33,36,2059
2002-04-06,NW,National Weekly,14,15,4,5,32,46,25,16,10,53,2060
2002-04-13,NW,National Weekly,88,57,15,80,45,1,24,5,48,46,2061
2002-04-20,NW,National Weekly,18,20,57,23,37,84,53,52,31,15,2062
2002-04-27,NW,National Weekly,38,21,45,47,17,78,27,61,67,43,2063
2002-05-04,NW,National Weekly,30,20,46,79,50,48,29,81,32,33,2064
2002-05-11,NW,National Weekly,30,40,38,8,67,86,9,71,24,31,2065
2002-05-18,NW,National Weekly,35,69,12,70,45,20,75,90,47,34,2066
2002-05-25,NW,National Weekly,39,89,36,18,22,58,70,6,76,69,2067
2002-06-01,NW,National Weekly,25,9,78,35,49,2,8,51,53,61,2068
2002-06-08,NW,National Weekly,36,3,77,55,10,84,7,81,27,67,2069
2002-06-15,NW,National Weekly,50,7,3,22,41,19,85,51,80,43,2070
2002-06-22,NW,National Weekly,43,23,73,64,54,46,26,31,84,37,2071
2002-06-29,NW,National Weekly,32,68,41,83,2,28,30,56,36,31,2072
2002-07-06,NW,National Weekly,65,3,36,73,10,56,89,7,43,38,2073
2002-07-13,NW,National Weekly,22,19,32,67,13,7,71,80,57,38,2074
2002-07-20,NW,National Weekly,52,58,40,42,83,49,82,78,2,80,2075
2002-07-27,NW,National Weekly,42,26,5,77,67,56,34,69,65,60,2076
2002-08-03,NW,National Weekly,38,24,1,30,83,49,12,33,11,25,2077
2002-08-10,NW,National Weekly,46,16,47,43,12,58,75,21,4,2,2078
2002-08-17,NW,National Weekly,7,87,51,35,32,57,55,80,81,44,2079
2002-08-24,NW,National Weekly,21,26,86,45,50,6,55,87,42,52,2080
2002-08-31,NW,National Weekly,11,69,74,22,13,4,56,88,39,81,2081
2002-09-07,NW,National Weekly,80,47,37,39,63,20,82,53,33,72,2082
2002-09-14,NW,National Weekly,63,35,14,7,6,52,62,1,36,15,2083
2002-09-21,NW,National Weekly,61,32,73,67,17,60,7,16,19,24,2084
2002-09-28,NW,National Weekly,50,32,78,29,63,27,82,14,70,81,2085
2002-10-05,NW,National Weekly,86,46,82,25,5,71,65,73,59,80,2086
2002-10-12,NW,National Weekly,88,83,36,53,20,74,11,68,24,76,2087
2002-10-19,NW,National Weekly,85,38,58,87,2,83,49,59,52,86,2088
2002-10-26,NW,National Weekly,15,58,35,76,12,55,50,81,59,14,2089
2002-11-02,NW,National Weekly,71,77,82,1,78,72,67,87,48,42,2090
2002-11-09,NW,National Weekly,55,75,60,37,84,64,28,7,76,11,2091
2002-11-16,NW,National Weekly,48,31,9,66,17,38,8,63,41,28,2092
2002-11-23,NW,National Weekly,65,86,76,45,58,72,11,42,73,66,2093
2002-11-30,NW,National Weekly,57,40,31,32,18,81,26,30,88,64,2094
2002-12-07,NW,National Weekly,84,81,68,43,41,77,9,90,38,26,2095
2002-12-14,NW,National Weekly,6,73,33,67,66,63,78,70,83,58,2096
2002-12-21,NW,National Weekly,49,19,63,52,87,6,86,62,21,26,2097
2002-12-28,NW,National Weekly,41,86,43,6,39,35,20,10,22,19,2098
2003-01-04,NW,National Weekly,31,35,71,1,27,69,57,58,85,6,2099
2003-01-11,NW,National Weekly,35,33,86,46,56,29,37,24,21,67,2100
2003-01-18,NW,National Weekly,63,44,64,58,77,81,39,8,53,89,2101
2003-01-25,NW,National Weekly,65,87,14,57,54,40,83,35,17,56,2102
2003-02-01,NW,National Weekly,37,4,45,36,59,21,40,15,41,32,2103
2003-02-08,NW,National Weekly,84,38,6,70,45,54,39,62,47,7,2104
2003-02-15,NW,National Weekly,50,57,26,9,82,30,18,87,52,75,2105
2003-02-22,NW,National Weekly,54,60,48,36,2,18,56,89,26,7,2106
2003-03-01,NW,National Weekly,36,67,64,52,44,26,79,53,43,61,2107
2003-03-08,NW,National Weekly,90,41,47,38,59,40,28,19,60,8,2108
2003-03-15,NW,National Weekly,30,70,5,22,8,75,23,49,28,80,2109
2003-03-22,NW,National Weekly,28,25,1,58,89,88,49,76,27,35,2110
2003-03-29,NW,National Weekly,22,87,26,60,58,17,52,54,33,34,2111
2003-04-05,NW,National Weekly,42,3,14,72,5,24,11,70,80,36,2112
2003-04-12,NW,National Weekly,71,73,37,29,19,41,77,80,74,13,2113
2003-04-19,NW,National Weekly,55,30,4,15,51,22,78,58,86,84,2114
2003-04-26,NW,National Weekly,11,81,64,18,14,5,71,8,50,9,2115
2003-05-03,NW,National Weekly,36,50,86,88,27,78,43,61,54,21,2116
2003-05-10,NW,National Weekly,63,73,55,86,6,20,44,35,30,76,2117
2003-05-17,NW,National Weekly,37,13,33,30,51,36,59,53,17,45,2118
2003-05-24,NW,National Weekly,14,44,13,82,70,38,84,61,86,53,2119
2003-05-31,NW,National Weekly,54,74,44,75,37,12,86,5,10,38,2120
2003-06-07,NW,National Weekly,64,7,67,89,40,90,70,83,71,54,2121
2003-06-14,NW,National Weekly,26,60,54,6,75,67,23,50,65,36,2122
2003-06-21,NW,National Weekly,22,77,51,54,48,90,86,74,84,41,2123
2003-06-28,NW,National Weekly,55,62,59,65,1,22,61,16,90,72,2124
2003-07-05,NW,National Weekly,45,24,64,33,37,71,1,18,20,76,2125
2003-07-12,NW,National Weekly,86,75,50,13,63,8,77,34,30,69,2126
2003-07-19,NW,National Weekly,73,41,66,16,36,13,70,60,9,46,2127
2003-07-26,NW,National Weekly,57,37,62,33,76,73,24,84,28,43,2128
2003-08-02,NW,National Weekly,7,14,71,37,78,35,42,84,65,8,2129
2003-08-09,NW,National Weekly,72,86,57,54,16,65,27,75,89,58,2130
2003-08-15,MW,MidWeek,55,3,4,61,32,72,89,50,69,5,1
2003-08-15,MW,MidWeek,55,79,64,34,47,88,5,28,29,48,2
2003-08-15,MW,MidWeek,10,84,88,51,14,64,23,59,50,76,3
2003-08-16,NW,National Weekly,60,72,52,7,59,89,48,25,13,76,2131
2003-08-20,MW,MidWeek,39,74,3,66,9,35,30,82,58,54,4
2003-08-23,NW,National Weekly,23,51,31,67,45,72,82,79,43,32,2132
2003-08-27,MW,MidWeek,63,34,5,41,28,48,10,44,65,6,5
2003-08-30,NW,National Weekly,26,63,49,64,56,80,79,25,58,66,2133
2003-09-03,MW,MidWeek,87,11,67,4,37,47,25,72,62,82,6
2003-09-06,NW,National Weekly,63,42,48,1,76,81,39,71,66,40,2134
2003-09-10,MW,MidWeek,6,80,39,47,33,31,10,79,25,19,7
2003-09-13,NW,National Weekly,27,65,5,39,38,78,90,43,58,6,2135
2003-09-17,MW,MidWeek,40,1,72,32,77,21,83,37,74,35,8
2003-09-20,NW,National Weekly,6,23,75,60,54,49,33,7,46,19,2136
2003-09-24,MW,MidWeek,25,82,6,66,69,78,23,43,67,61,9
2003-09-27,NW,National Weekly,9,46,56,10,43,90,51,34,4,73,2137
2003-10-01,MW,MidWeek,15,26,62,82,36,9,54,66,17,45,10
2003-10-04,NW,National Weekly,16,82,21,22,76,86,87,29,62,48,2138
2003-10-08,MW,MidWeek,13,62,3,59,15,58,34,21,73,66,11
2003-10-11,NW,National Weekly,2,70,3,81,87,64,7,89,26,30,2139
2003-10-15,MW,MidWeek,76,32,40,85,89,60,10,14,53,65,12
2003-10-18,NW,National Weekly,72,54,89,22,48,58,88,86,13,44,2140
2003-10-22,MW,MidWeek,29,77,9,5,47,25,30,88,68,50,13
2003-10-25,NW,National Weekly,18,40,12,79,25,14,53,58,70,22,2141
2003-10-29,MW,MidWeek,28,83,59,41,68,58,79,43,19,72,14
2003-11-01,NW,National Weekly,31,44,49,76,67,42,55,6,57,74,2142
2003-11-05,MW,MidWeek,89,26,5,50,86,8,10,62,11,31,15
2003-11-08,NW,National Weekly,51,43,63,37,88,39,73,32,67,34,2143
2003-11-12,MW,MidWeek,4,73,30,49,76,33,62,85,47,60,16
2003-11-15,NW,National Weekly,47,86,78,46,28,84,52,2,56,62,2144
2003-11-19,MW,MidWeek,7,75,32,9,3,1,76,36,88,55,17
2003-11-22,NW,National Weekly,19,58,56,2,10,31,34,53,27,73,2145
2003-11-26,MW,MidWeek,49,87,16,54,4,23,67,30,10,62,18
2003-11-29,NW,National Weekly,40,47,3,38,59,21,77,66,64,58,2146
2003-12-03,MW,MidWeek,63,9,58,2,18,5,37,26,15,62,19
2003-12-06,NW,National Weekly,6,87,39,64,1,5,31,85,55,52,2147
2003-12-10,MW,MidWeek,19,28,26,10,53,64,20,63,31,32,20
2003-12-13,NW,National Weekly,6,2,23,10,68,56,87,88,78,41,2148
2003-12-17,MW,MidWeek,82,45,33,16,61,86,60,30,55,49,21
2003-12-20,NW,National Weekly,62,4,53,46,6,33,1,32,27,52,2149
2003-12-24,MW,MidWeek,76,45,57,31,87,83,67,53,18,74,22
2003-12-27,NW,National Weekly,77,15,62,28,18,55,26,82,10,74,2150
2003-12-31,MW,MidWeek,45,46,6,81,60,50,12,42,36,67,23
2004-01-03,NW,National Weekly,51,52,13,75,76,11,27,58,46,33,2151
2004-01-07,MW,MidWeek,8,2,33,62,59,64,3,6,29,86,24
2004-01-10,NW,National Weekly,22,80,38,54,43,70,61,40,27,87,2152
2004-01-14,MW,MidWeek,13,57,55,60,23,6,11,62,20,17,25
2004-01-17,NW,National Weekly,6,87,60,76,36,64,75,26,58,89,2153
2004-01-21,MW,MidWeek,46,69,68,82,66,31,17,63,38,34,26
2004-01-24,NW,National Weekly,19,70,67,9,89,46,15,24,30,61,2154
2004-01-28,MW,MidWeek,39,56,18,10,2,64,37,40,90,1,27
2004-01-31,NW,National Weekly,74,76,13,18,8,4,60,67,33,37,2155
2004-02-04,MW,MidWeek,65,71,18,29,7,14,44,49,27,24,28
2004-02-07,NW,National Weekly,63,30,48,39,20,22,1,29,61,77,2156
2004-02-11,MW,MidWeek,86,3,52,40,38,28,75,7,24,56,29
2004-02-14,NW,National Weekly,76,64,90,40,9,57,29,43,19,35,2157
2004-02-18,MW,MidWeek,71,65,22,29,6,87,88,18,63,38,30
2004-02-21,NW,National Weekly,21,14,79,48,19,12,42,84,68,65,2158
2004-02-25,MW,MidWeek,20,28,82,52,23,48,50,26,16,85,31
2004-02-28,NW,National Weekly,15,17,19,9,6,10,7,86,25,11,2159
2004-03-03,MW,MidWeek,18,68,23,22,43,30,37,75,38,63,32
2004-03-06,NW,National Weekly,38,15,37,7,23,13,11,27,9,87,2160
2004-03-10,MW,MidWeek,58,72,59,20,60,35,8,28,77,12,33
2004-03-13,NW,National Weekly,1,11,16,48,47,9,29,85,8,6,2161
2004-03-17,MW,MidWeek,12,64,75,4,8,38,78,10,43,7,34
2004-03-20,NW,National Weekly,17,39,69,63,30,27,82,44,7,76,2162
2004-03-24,MW,MidWeek,18,60,31,65,37,85,12,22,76,62,35
2004-03-27,NW,National Weekly,10,30,6,43,44,63,33,85,1,36,2163
2004-03-31,MW,MidWeek,47,62,12,86,9,15,60,88,75,54,36
2004-04-03,NW,National Weekly,47,62,3,30,75,77,11,61,81,82,2164
2004-04-07,MW,MidWeek,21,32,28,27,78,64,52,13,38,22,37
2004-04-10,NW,National Weekly,37,20,7,55,62,38,49,30,23,69,2165
2004-04-14,MW,MidWeek,29,71,57,20,34,65,2,61,74,89,38
2004-04-17,NW,National Weekly,38,88,29,62,89,13,81,77,10,90,2166
2004-04-21,MW,MidWeek,44,2,40,65,6,84,79,20,58,15,39
2004-04-24,NW,National Weekly,31,33,79,25,19,5,60,82,4,72,2167
2004-04-28,MW,MidWeek,85,11,56,55,48,24,35,9,41,72,40
2004-05-01,NW,National Weekly,38,52,13,86,59,16,43,23,17,51,2168
2004-05-05,MW,MidWeek,63,70,62,26,54,51,5,74,64,10,41
2004-05-08,NW,National Weekly,51,14,15,39,59,48,13,50,90,29,2169
2004-05-12,MW,MidWeek,14,61,85,31,71,10,6,16,41,59,42
2004-05-15,NW,National Weekly,87,1,6,60,85,90,17,21,18,44,2170
2004-05-19,MW,MidWeek,66,8,68,22,20,23,34,45,6,88,43
2004-05-22,NW,National Weekly,19,61,71,25,80,52,70,69,38,45,2171
2004-05-26,MW,MidWeek,29,65,1,42,25,7,79,13,19,54,44
2004-05-29,NW,National Weekly,49,12,51,9,87,8,40,53,35,54,2172
2004-06-02,MW,MidWeek,69,20,27,10,90,15,52,31,47,76,45
2004-06-05,NW,National Weekly,2,46,78,67,3,23,44,82,64,15,2173
2004-06-09,MW,MidWeek,75,70,63,61,55,66,33,57,47,19,46
2004-06-12,NW,National Weekly,55,27,11,35,87,58,70,36,56,79,2174
2004-06-16,MW,MidWeek,56,66,36,47,46,2,50,81,15,84,47
2004-06-19,NW,National Weekly,5,28,35,37,21,2,9,38,40,56,2175
2004-06-23,MW,MidWeek,62,79,34,57,30,32,78,71,45,21,48
2004-06-26,NW,National Weekly,40,80,12,13,55,85,19,31,56,65,2176
2004-06-30,MW,MidWeek,65,14,88,4,83,21,56,7,51,87,49
2004-07-03,NW,National Weekly,58,67,27,31,57,85,36,73,51,71,2177
2004-07-07,MW,MidWeek,61,53,25,7,21,48,54,40,29,83,50
2004-07-10,NW,National Weekly,8,83,57,21,29,78,51,89,15,90,2178
2004-07-14,MW,MidWeek,63,31,55,26,20,74,79,67,82,51,51
2004-07-17,NW,National Weekly,85,11,62,39,29,42,58,82,83,2,2179
2004-07-21,MW,MidWeek,67,29,39,4,58,55,41,48,28,35,52
2004-07-24,NW,National Weekly,73,78,53,9,11,14,75,69,1,37,2180
2004-07-28,MW,MidWeek,49,31,33,54,23,14,10,19,52,48,53
2004-07-31,NW,National Weekly,35,57,59,80,28,89,36,18,5,49,2181
2004-08-04,MW,MidWeek,16,37,65,45,68,86,57,81,50,20,54
2004-08-07,NW,National Weekly,88,83,33,12,75,71,68,80,26,73,2182
2004-08-11,MW,MidWeek,29,17,69,11,23,22,10,84,12,59,55
2004-08-14,NW,National Weekly,8,33,55,1,62,65,27,41,12,3,2183
2004-08-18,MW,MidWeek,20,15,43,68,21,18,82,12,10,22,56
2004-08-21,NW,National Weekly,68,19,29,41,35,46,40,30,65,31,2184
2004-08-25,MW,MidWeek,19,31,60,59,77,55,46,32,30,7,57
2004-08-28,NW,National Weekly,12,88,3,39,66,14,41,19,86,16,2185
2004-09-01,MW,MidWeek,9,27,38,40,89,20,84,63,41,37,58
2004-09-04,NW,National Weekly,53,73,58,89,71,2,62,74,11,52,2186
2004-09-08,MW,MidWeek,75,74,87,11,79,52,70,25,9,53,59
2004-09-11,NW,National Weekly,44,37,79,70,49,29,33,32,27,77,2187
2004-09-15,MW,MidWeek,36,38,7,70,84,43,17,3,16,8,60
2004-09-18,NW,National Weekly,48,3,35,51,6,56,10,53,43,71,2188
2004-09-22,MW,MidWeek,6,64,35,89,4,83,65,87,13,81,61
2004-09-25,NW,National Weekly,14,29,53,47,55,69,80,66,31,81,2189
2004-09-29,MW,MidWeek,76,51,69,54,42,10,66,21,26,33,62
2004-10-02,NW,National Weekly,69,15,68,45,23,10,38,25,40,26,2190
2004-10-06,MW,MidWeek,67,11,50,75,48,51,5,60,52,53,63
2004-10-09,NW,National Weekly,21,74,10,82,65,85,27,59,73,5,2191
2004-10-13,MW,MidWeek,72,26,11,59,87,9,2,56,57,83,64
2004-10-16,NW,National Weekly,13,50,79,16,90,61,67,14,89,44,2192
2004-10-20,MW,MidWeek,55,61,50,52,1,57,23,53,18,88,65
2004-10-23,NW,National Weekly,64,46,49,35,77,57,67,72,48,4,2193
2004-10-27,MW,MidWeek,85,55,19,42,9,81,49,37,40,65,66
2004-10-30,NW,National Weekly,73,27,77,55,31,35,11,65,58,25,2194
2004-11-03,MW,MidWeek,40,37,28,57,10,54,41,73,68,36,67
2004-11-06,NW,National Weekly,19,41,36,89,54,61,10,40,49,85,2195
2004-11-10,MW,MidWeek,51,61,38,86,9,50,1,83,4,68,68
2004-11-13,NW,National Weekly,18,51,16,58,63,89,61,88,82,17,2196
2004-11-17,MW,MidWeek,43,59,68,39,30,47,37,78,79,72,69
2004-11-20,NW,National Weekly,38,88,68,55,39,76,64,44,78,72,2197
2004-11-24,MW,MidWeek,41,34,21,47,13,25,37,1,40,62,70
2004-11-27,NW,National Weekly,19,32,56,25,26,82,12,44,4,37,2198
2004-12-01,MW,MidWeek,24,85,86,25,89,26,62,3,90,77,71
2004-12-04,NW,National Weekly,79,69,34,27,31,39,15,88,60,20,2199
2004-12-08,MW,MidWeek,65,53,28,40,64,70,69,72,45,54,72
2004-12-11,NW,National Weekly,66,49,19,30,68,22,67,70,62,61,2200
2004-12-15,MW,MidWeek,58,40,32,63,31,90,27,30,1,21,73
2004-12-18,NW,National Weekly,28,11,72,14,78,87,79,31,63,55,2201
2004-12-22,MW,MidWeek,84,39,81,41,61,68,26,77,58,71,74
2004-12-25,NW,National Weekly,34,51,16,47,86,55,2,24,74,64,2202
2004-12-29,MW,MidWeek,11,48,47,89,70,77,86,19,13,9,75
2005-01-01,NW,National Weekly,2,10,62,61,1,19,50,66,16,41,2203
2005-01-05,MW,MidWeek,88,57,47,41,87,37,23,59,49,61,76
2005-01-08,NW,National Weekly,11,55,53,46,72,3,4,61,8,29,2204
2005-01-12,MW,MidWeek,44,82,74,32,53,83,22,10,15,68,77
2005-01-15,NW,National Weekly,16,69,51,15,48,36,55,34,65,80,2205
2005-01-19,MW,MidWeek,72,82,52,31,26,6,67,11,28,84,78
2005-01-22,NW,National Weekly,7,37,63,44,89,82,86,39,84,53,2206
2005-01-26,MW,MidWeek,85,26,80,66,84,13,45,20,23,50,79
2005-01-29,NW,National Weekly,33,61,71,44,80,88,8,83,62,40,2207
2005-02-02,MW,MidWeek,82,81,64,39,54,60,77,84,73,59,80
2005-02-05,NW,National Weekly,30,82,41,43,40,47,24,71,29,54,2208
2005-02-09,MW,MidWeek,16,49,46,39,74,36,11,78,22,84,81
2005-02-12,NW,National Weekly,82,5,57,73,34,21,15,49,68,89,2209
2005-02-16,MW,MidWeek,52,78,30,11,74,33,71,48,18,54,82
2005-02-19,NW,National Weekly,79,33,22,69,48,83,47,82,73,75,2210
2005-02-23,MW,MidWeek,39,65,69,53,48,14,43,18,86,51,83
2005-02-26,NW,National Weekly,17,54,58,36,44,8,49,55,28,72,2211
2005-03-02,MW,MidWeek,34,6,39,25,75,3,87,14,16,89,84
2005-03-05,NW,National Weekly,58,14,1,69,37,59,28,76,81,84,2212
2005-03-09,MW,MidWeek,34,11,38,17,54,56,58,50,4,85,85
2005-03-12,NW,National Weekly,23,65,58,19,12,41,50,9,10,2,2213
2005-03-16,MW,MidWeek,34,48,26,79,2,70,10,11,36,56,86
2005-03-19,NW,National Weekly,15,75,44,6,68,54,24,43,32,11,2214
2005-03-23,MW,MidWeek,8,50,52,30,63,46,64,71,10,78,87
2005-03-26,NW,National Weekly,83,60,14,24,13,23,22,6,89,77,2215
2005-03-30,MW,MidWeek,32,49,37,31,47,33,51,36,63,18,88
2005-04-02,NW,National Weekly,29,80,60,36,67,51,37,55,12,44,2216
2005-04-06,MW,MidWeek,55,48,64,61,14,51,11,4,19,46,89
2005-04-09,NW,National Weekly,5,27,1,50,60,15,26,44,84,47,2217
2005-04-13,MW,MidWeek,45,33,19,30,7,81,65,88,16,28,90
2005-04-16,NW,National Weekly,81,83,71,88,3,53,42,9,37,36,2218
2005-04-20,MW,MidWeek,12,18,35,31,60,82,39,1,75,52,91
2005-04-23,NW,National Weekly,84,50,78,69,57,38,53,52,10,48,2219
2005-04-27,MW,MidWeek,26,50,89,52,38,84,69,31,48,80,92
2005-04-30,NW,National Weekly,50,59,19,52,76,9,40,47,68,84,2220
2005-05-04,MW,MidWeek,59,45,74,75,62,49,78,66,44,69,93
2005-05-07,NW,National Weekly,57,63,47,13,74,23,11,39,51,3,2221
2005-05-11,MW,MidWeek,40,81,59,57,70,14,37,19,58,79,94
2005-05-14,NW,National Weekly,43,3,14,4,90,64,36,13,65,23,2222
2005-05-18,MW,MidWeek,75,44,21,14,40,39,16,47,66,23,95
2005-05-21,NW,National Weekly,58,50,47,48,45,54,90,1,57,44,2223
2005-05-25,MW,MidWeek,62,3,57,23,53,78,34,89,86,63,96
2005-05-28,NW,National Weekly,14,7,18,64,49,15,72,45,44,8,2224
2005-06-01,MW,MidWeek,23,85,4,33,51,15,39,71,10,75,97
2005-06-04,NW,National Weekly,87,31,64,59,88,53,69,12,79,18,2225
2005-06-08,MW,MidWeek,43,19,21,44,76,35,41,79,23,36,98
2005-06-11,NW,National Weekly,26,90,1,14,84,70,10,47,74,61,2226
2005-06-15,MW,MidWeek,88,29,87,1,11,17,21,90,56,72,99
2005-06-18,NW,National Weekly,32,89,33,52,35,1,86,12,79,73,2227
2005-06-22,MW,MidWeek,25,53,21,90,19,20,83,81,77,3,100
2005-06-25,NW,National Weekly,8,29,82,42,49,35,40,22,1,77,2228
2005-06-27,MS,Monday Special,74,44,89,10,84,17,32,4,15,66,1
2005-06-27,MS,Monday Special,20,52,8,79,61,57,24,23,63,86,2
2005-06-29,MW,MidWeek,31,6,86,70,69,14,75,12,67,3,101
2005-07-02,NW,National Weekly,39,20,55,10,58,86,87,17,9,18,2229
2005-07-04,MS,Monday Special,75,53,10,39,86,40,21,17,44,47,3
2005-07-04,MS,Monday Special,65,32,9,2,16,3,1,11,28,86,4
2005-07-06,MW,MidWeek,59,30,55,50,15,19,61,58,26,52,102
2005-07-09,NW,National Weekly,25,35,42,66,31,80,3,52,65,57,2230
2005-07-11,MS,Monday Special,49,16,64,14,5,32,77,67,55,51,5
2005-07-11,MS,Monday Special,3,73,29,65,49,78,90,57,4,30,6
2005-07-13,MW,MidWeek,90,73,88,49,4,76,36,30,6,7,103
2005-07-16,NW,National Weekly,3,70,46,26,82,44,79,83,35,2,2231
2005-07-20,MW,MidWeek,86,32,23,62,6,64,40,29,75,61,104
2005-07-23,NW,National Weekly,88,70,51,25,39,7,71,64,65,14,2232
2005-07-27,MW,MidWeek,61,63,80,79,32,46,53,41,34,40,105
2005-07-30,NW,National Weekly,57,74,53,58,90,5,86,38,9,27,2233
2005-08-01,MS,Monday Special,4,35,69,46,52,22,37,72,19,68,7
2005-08-03,MW,MidWeek,84,29,78,17,15,76,28,52,46,48,106
2005-08-06,NW,National Weekly,70,28,26,76,30,90,18,73,20,12,2234
2005-08-08,MS,Monday Special,12,1,78,14,50,80,32,41,59,84,8
2005-08-10,MW,MidWeek,53,64,82,13,83,26,9,37,17,28,107
2005-08-13,NW,National Weekly,70,51,88,49,59,29,12,40,67,20,2235
2005-08-15,MS,Monday Special,71,47,39,54,27,7,46,43,4,73,9
2005-08-17,MW,MidWeek,42,15,79,90,33,21,56,50,66,6,108
2005-08-20,NW,National Weekly,23,22,38,13,2,80,70,40,18,49,2236
2005-08-22,MS,Monday Special,82,72,31,77,35,56,10,16,1,28,10
2005-08-24,MW,MidWeek,54,82,32,81,35,16,24,7,29,89,109
2005-08-27,NW,National Weekly,79,38,86,18,12,83,88,21,60,14,2237
2005-08-29,MS,Monday Special,29,53,66,84,31,74,50,85,4,14,11
2005-08-31,MW,MidWeek,44,70,13,48,81,28,63,52,14,21,110
2005-09-03,NW,National Weekly,86,52,71,41,79,56,44,20,6,61,2238
2005-09-05,MS,Monday Special,34,43,84,85,46,36,18,48,73,86,12
2005-09-07,MW,MidWeek,33,18,54,53,22,60,10,80,45,37,111
2005-09-10,NW,National Weekly,71,80,37,3,53,13,52,33,9,87,2239
2005-09-12,MS,Monday Special,52,4,23,62,55,22,8,11,27,41,13
2005-09-14,MW,MidWeek,5,59,13,74,63,71,39,54,83,88,112
2005-09-17,NW,National Weekly,46,78,36,80,16,4,55,7,57,50,2240
2005-09-19,MS,Monday Special,4,48,74,6,37,17,52,60,9,32,14
2005-09-21,MW,MidWeek,7,30,74,36,12,56,23,35,22,24,113
2005-09-24,NW,National Weekly,15,16,58,28,63,36,24,30,53,48,2241
2005-09-26,MS,Monday Special,39,62,25,15,18,84,1,41,80,61,15
2005-09-28,MW,MidWeek,53,14,48,35,65,84,70,51,46,16,114
2005-10-01,NW,National Weekly,43,55,82,15,86,88,60,36,6,77,2242
2005-10-03,MS,Monday Special,50,33,69,18,2,88,77,84,72,87,16
2005-10-05,MW,MidWeek,87,10,42,1,12,76,44,64,75,18,115
2005-10-08,NW,National Weekly,82,52,55,32,5,68,73,33,77,14,2243
2005-10-10,MS,Monday Special,19,25,11,82,88,47,56,40,39,23,17
2005-10-12,MW,MidWeek,27,38,63,55,82,4,10,21,41,22,116
2005-10-15,NW,National Weekly,61,42,80,57,83,40,7,86,88,64,2244
2005-10-17,MS,Monday Special,70,27,35,36,23,22,60,4,28,81,18
2005-10-19,MW,MidWeek,69,83,42,54,14,76,48,53,86,68,117
2005-10-22,NW,National Weekly,46,65,49,58,26,47,80,27,86,19,2245
2005-10-24,MS,Monday Special,22,80,3,39,19,11,51,24,59,64,19
2005-10-26,MW,MidWeek,89,45,69,7,30,9,56,87,34,37,118
2005-10-29,NW,National Weekly,24,65,70,14,64,46,23,89,51,36,2246
2005-10-31,MS,Monday Special,87,12,58,34,81,49,23,37,48,31,20
2005-11-02,MW,MidWeek,63,22,58,9,72,3,45,17,48,43,119
2005-11-05,NW,National Weekly,1,32,10,23,20,86,26,77,78,5,2247
2005-11-07,MS,Monday Special,75,34,31,66,37,27,62,78,19,32,21
2005-11-09,MW,MidWeek,42,63,21,61,47,36,78,23,41,58,120
2005-11-12,NW,National Weekly,56,75,49,55,76,82,26,45,84,80,2248
2005-11-14,MS,Monday Special,13,20,16,75,84,47,17,69,65,41,22
2005-11-16,MW,MidWeek,58,81,69,23,59,47,38,28,44,6,121
2005-11-19,NW,National Weekly,14,49,25,11,79,51,57,15,63,84,2249
2005-11-21,MS,Monday Special,30,72,86,42,89,71,60,10,46,48,23
2005-11-23,MW,MidWeek,66,38,34,70,19,69,12,51,11,89,122
2005-11-26,NW,National Weekly,2,1,36,44,48,39,68,49,17,40,2250
2005-11-28,MS,Monday Special,53,82,20,64,62,39,38,16,72,81,24
2005-11-30,MW,MidWeek,8,79,33,3,76,42,6,20,70,54,123
2005-12-03,NW,National Weekly,82,12,48,87,78,86,66,43,46,14,2251
2005-12-05,MS,Monday Special,65,42,63,79,81,16,72,24,85,78,25
2005-12-07,MW,MidWeek,66,82,19,86,63,78,31,89,42,67,124
2005-12-10,NW,National Weekly,32,89,50,38,83,86,46,2,52,27,2252
2005-12-12,MS,Monday Special,31,70,34,85,5,39,80,81,57,24,26
2005-12-14,MW,MidWeek,19,38,59,63,70,81,18,89,27,50,125
2005-12-17,NW,National Weekly,87,54,47,58,31,79,67,11,44,5,2253
2005-12-19,MS,Monday Special,57,31,37,85,35,40,58,73,19,2,27
2005-12-21,MW,MidWeek,75,17,47,44,60,58,68,36,89,2,126
2005-12-24,NW,National Weekly,85,90,46,16,84,75,43,50,20,12,2254
2005-12-28,MW,MidWeek,25,64,39,14,65,7,4,35,32,6,127
2005-12-31,NW,National Weekly,11,30,56,89,65,23,16,4,86,10,2255
2006-01-04,MW,MidWeek,86,50,46,68,35,14,9,51,26,37,128
2006-01-07,NW,National Weekly,89,58,47,33,16,20,76,3,23,9,2256
2006-01-09,MS,Monday Special,12,2,68,36,14,56,30,67,25,16,28
2006-01-11,MW,MidWeek,33,52,5,49,51,37,42,55,16,3,129
2006-01-14,NW,National Weekly,33,51,58,41,49,52,54,12,71,7,2257
2006-01-16,MS,Monday Special,25,67,14,80,79,86,43,57,62,83,29
2006-01-18,MW,MidWeek,2,35,72,71,32,88,85,9,70,1,130
2006-01-21,NW,National Weekly,90,59,67,30,71,33,29,4,41,17,2258
2006-01-23,MS,Monday Special,11,30,73,67,44,37,59,60,31,79,30
2006-01-25,MW,MidWeek,72,63,89,73,53,69,17,6,21,65,131
2006-01-28,NW,National Weekly,11,87,69,81,23,60,52,31,14,88,2259
2006-01-30,MS,Monday Special,68,53,49,40,19,30,44,48,11,56,31
2006-02-01,MW,MidWeek,57,79,64,24,53,28,66,50,21,63,132
2006-02-04,NW,National Weekly,53,76,44,67,64,47,24,35,46,18,2260
2006-02-06,MS,Monday Special,68,58,4,49,8,16,37,12,3,64,32
2006-02-08,MW,MidWeek,10,53,4,83,68,70,22,28,55,37,133
2006-02-11,NW,National Weekly,33,63,54,57,79,6,32,67,69,46,2261
2006-02-13,MS,Monday Special,61,7,88,89,84,40,77,74,13,32,33
2006-02-15,MW,MidWeek,52,11,87,63,49,46,90,35,8,65,134
2006-02-18,NW,National Weekly,67,20,57,6,61,27,73,5,35,33,2262
2006-02-20,MS,Monday Special,55,39,36,34,15,89,80,38,18,68,34
2006-02-22,MW,MidWeek,18,16,69,24,23,88,61,57,7,19,135
2006-02-25,NW,National Weekly,36,73,83,14,63,13,90,64,72,88,2263
2006-02-27,MS,Monday Special,76,53,67,68,80,70,64,46,65,12,35
2006-03-01,MW,MidWeek,71,50,23,3,28,32,85,16,79,39,136
2006-03-04,NW,National Weekly,52,4,9,45,42,83,1,64,5,53,2264
2006-03-06,MS,Monday Special,51,56,44,52,32,28,7,81,53,4,36
2006-03-08,MW,MidWeek,83,60,70,2,65,71,53,23,9,74,137
2006-03-11,NW,National Weekly,50,44,70,80,1,84,18,23,61,43,2265
2006-03-13,MS,Monday Special,61,22,47,80,26,65,40,44,89,70,37
2006-03-15,MW,MidWeek,14,30,50,41,3,59,71,29,28,24,138
2006-03-18,NW,National Weekly,90,81,66,15,24,35,1,30,61,49,2266
2006-03-20,MS,Monday Special,4,27,73,67,76,90,85,23,12,66,38
2006-03-22,MW,MidWeek,33,42,84,51,59,70,27,18,83,66,139
2006-03-25,NW,National Weekly,37,89,20,25,66,23,62,15,65,38,2267
2006-03-27,MS,Monday Special,11,49,42,39,79,78,35,15,13,62,39
2006-03-29,MW,MidWeek,47,3,88,28,60,42,45,87,85,81,140
2006-04-01,NW,National Weekly,13,58,51,63,62,23,66,47,25,40,2268
2006-04-03,MS,Monday Special,57,71,90,27,62,20,19,70,29,73,40
2006-04-05,MW,MidWeek,41,27,52,84,65,11,75,67,64,28,141
2006-04-08,NW,National Weekly,67,1,53,36,79,57,8,45,6,78,2269
2006-04-10,MS,Monday Special,70,8,61,48,37,72,11,82,29,13,41
2006-04-12,MW,MidWeek,49,4,90,55,83,54,59,36,22,20,142
2006-04-15,NW,National Weekly,22,90,48,26,6,31,9,30,58,20,2270
2006-04-17,MS,Monday Special,58,43,35,9,67,76,53,56,42,7,42
2006-04-19,MW,MidWeek,57,55,64,61,88,10,78,18,39,73,143
2006-04-22,NW,National Weekly,45,75,37,31,21,25,80,40,4,76,2271
2006-04-24,MS,Monday Special,19,60,68,8,79,85,12,62,54,59,43
2006-04-26,MW,MidWeek,26,5,28,3,71,20,77,15,6,43,144
2006-04-29,NW,National Weekly,15,34,30,80,4,39,9,43,54,7,2272
2006-05-01,MS,Monday Special,31,61,13,25,68,65,24,12,83,78,44
2006-05-03,MW,MidWeek,41,89,82,6,60,19,10,83,65,54,145
2006-05-06,NW,National Weekly,21,71,27,80,39,29,19,43,62,25,2273
2006-05-08,MS,Monday Special,82,28,66,32,25,31,85,9,3,22,45
2006-05-10,MW,MidWeek,11,75,38,60,35,31,59,71,30,49,146
2006-05-13,NW,National Weekly,28,39,90,72,41,56,46,77,24,62,2274
2006-05-15,MS,Monday Special,1,81,6,72,45,11,58,16,75,71,46
2006-05-17,MW,MidWeek,13,28,33,35,73,69,17,20,40,19,147
2006-05-20,NW,National Weekly,74,75,6,13,85,53,90,43,20,48,2275
2006-05-22,MS,Monday Special,19,77,7,33,16,73,45,9,90,66,47
2006-05-24,MW,MidWeek,26,84,62,67,74,9,30,73,38,70,148
2006-05-27,NW,National Weekly,86,12,48,7,66,10,49,72,77,50,2276
2006-05-29,MS,Monday Special,16,26,85,44,72,17,52,34,39,1,48
2006-05-31,MW,MidWeek,37,10,79,52,44,83,34,15,22,1,149
2006-06-03,NW,National Weekly,79,52,85,87,77,39,65,28,84,42,2277
2006-06-05,MS,Monday Special,71,64,14,86,45,75,26,38,8,68,49
2006-06-07,MW,MidWeek,5,73,12,61,7,63,50,4,54,37,150
2006-06-10,NW,National Weekly,38,77,72,86,17,66,12,73,45,44,2278
2006-06-12,MS,Monday Special,24,68,50,72,77,57,6,84,80,85,50
2006-06-14,MW,MidWeek,22,20,62,75,54,5,64,36,7,52,151
2006-06-17,NW,National Weekly,13,18,16,51,63,2,8,85,42,9,2279
2006-06-19,MS,Monday Special,35,16,2,84,58,76,9,73,83,74,51
2006-06-21,MW,MidWeek,67,52,76,25,34,17,12,19,7,35,152
2006-06-24,NW,National Weekly,18,21,78,41,79,57,50,5,43,61,2280
2006-06-26,MS,Monday Special,86,71,80,34,17,28,87,18,45,5,52
2006-06-28,MW,MidWeek,16,50,22,38,66,45,18,9,81,88,153
2006-07-01,NW,National Weekly,90,72,28,55,38,65,23,42,87,15,2281
2006-07-03,MS,Monday Special,79,49,8,10,22,21,59,61,20,7,53
2006-07-05,MW,MidWeek,1,9,31,29,67,85,25,56,61,35,154
2006-07-08,NW,National Weekly,64,89,57,79,58,43,71,42,47,87,2282
2006-07-10,MS,Monday Special,9,87,28,44,42,50,47,16,34,60,54
2006-07-12,MW,MidWeek,31,29,13,52,40,83,30,85,53,17,155
2006-07-15,NW,National Weekly,7,65,41,48,54,89,61,73,14,57,2283
2006-07-17,MS,Monday Special,35,38,45,74,67,4,26,80,47,12,55
2006-07-19,MW,MidWeek,29,30,12,88,58,45,83,16,44,2,156
2006-07-22,NW,National Weekly,58,23,64,21,76,14,12,85,38,48,2284
2006-07-24,MS,Monday Special,74,39,70,61,15,10,8,53,7,44,56
2006-07-26,MW,MidWeek,66,84,40,15,53,88,81,52,46,72,157
2006-07-29,NW,National Weekly,68,18,40,43,45,63,20,72,55,35,2285
2006-07-31,MS,Monday Special,6,29,69,21,48,67,22,25,34,1,57
2006-08-02,MW,MidWeek,76,46,17,68,40,23,8,62,15,67,158
2006-08-05,NW,National Weekly,13,73,81,33,8,53,5,37,46,17,2286
2006-08-07,MS,Monday Special,59,71,39,60,42,4,64,87,82,57,58
2006-08-09,MW,MidWeek,82,73,88,72,20,78,59,56,29,30,159
2006-08-12,NW,National Weekly,16,57,13,8,90,76,45,4,63,65,2287
2006-08-14,MS,Monday Special,85,24,31,17,11,61,75,49,88,35,59
2006-08-16,MW,MidWeek,20,21,83,36,39,77,58,63,15,26,160
2006-08-19,NW,National Weekly,79,65,2,67,50,39,25,71,7,55,2288
2006-08-21,MS,Monday Special,14,40,7,45,68,77,36,72,73,42,60
2006-08-23,MW,MidWeek,75,31,83,62,87,26,58,80,22,41,161
2006-08-26,NW,National Weekly,56,61,60,51,15,24,10,70,65,63,2289
2006-08-28,MS,Monday Special,20,4,1,82,40,81,90,7,84,72,61
2006-08-30,MW,MidWeek,84,29,83,76,22,70,45,30,53,26,162
2006-09-02,NW,National Weekly,56,5,57,18,73,90,64,46,66,47,2290
2006-09-04,MS,Monday Special,66,11,34,22,77,56,89,38,81,8,62
2006-09-06,MW,MidWeek,54,75,82,23,85,80,1,32,78,71,163
2006-09-09,NW,National Weekly,53,3,56,28,16,67,84,5,37,11,2291
2006-09-11,MS,Monday Special,90,53,2,25,84,76,77,48,36,4,63
2006-09-13,MW,MidWeek,65,24,5,79,66,35,56,19,44,68,164
2006-09-16,NW,National Weekly,67,53,82,51,18,65,61,52,78,43,2292
2006-09-18,MS,Monday Special,70,59,32,89,49,48,3,36,60,28,64
2006-09-20,MW,MidWeek,46,67,50,59,41,85,45,82,78,80,165
2006-09-23,NW,National Weekly,10,43,59,21,61,86,71,56,58,27,2293
2006-09-25,MS,Monday Special,39,67,70,46,38,62,78,6,45,82,65
2006-09-27,MW,MidWeek,32,76,69,73,62,26,48,44,27,74,166
2006-09-30,NW,National Weekly,3,43,21,8,55,36,54,11,86,84,2294
2006-10-02,MS,Monday Special,16,6,44,89,15,1,50,2,36,34,66
2006-10-04,MW,MidWeek,9,25,50,13,87,1,75,77,67,44,167
2006-10-07,NW,National Weekly,76,1,21,90,35,47,34,83,66,5,2295
2006-10-09,MS,Monday Special,84,52,63,87,47,32,42,43,22,6,67
2006-10-11,MW,MidWeek,30,61,38,45,18,64,62,50,29,67,168
2006-10-14,NW,National Weekly,28,10,33,42,20,14,61,3,23,32,2296
2006-10-16,MS,Monday Special,69,78,11,84,48,50,4,13,86,31,68
2006-10-18,MW,MidWeek,82,85,3,32,35,9,36,17,8,79,169
2006-10-21,NW,National Weekly,9,34,21,35,59,83,62,37,12,41,2297
2006-10-23,MS,Monday Special,23,81,56,48,78,10,84,54,88,71,69
2006-10-25,MW,MidWeek,56,22,21,60,10,39,89,77,80,41,170
2006-10-28,NW,National Weekly,20,28,44,61,83,80,62,30,2,53,2298
2006-10-30,MS,Monday Special,54,84,37,35,71,55,70,52,44,90,70
2006-11-01,MW,MidWeek,37,35,15,33,4,64,22,72,50,47,171
2006-11-04,NW,National Weekly,8,90,65,71,72,79,51,25,44,87,2299
2006-11-06,MS,Monday Special,30,62,28,74,22,58,25,26,60,2,71
2006-11-08,MW,MidWeek,63,10,23,82,76,83,11,26,56,43,172
2006-11-11,NW,National Weekly,39,75,67,27,35,65,30,69,4,22,2300
2006-11-13,MS,Monday Special,63,52,39,80,76,59,3,47,65,88,72
2006-11-15,MW,MidWeek,68,49,54,14,89,80,11,84,37,24,173
2006-11-18,NW,National Weekly,52,8,88,19,15,57,48,53,24,49,2301
2006-11-20,MS,Monday Special,63,69,43,36,14,20,8,79,38,90,73
2006-11-22,MW,MidWeek,1,22,32,27,19,42,24,28,20,12,174
2006-11-25,NW,National Weekly,77,45,66,9,65,29,68,19,70,46,2302
2006-11-27,MS,Monday Special,2,54,39,56,82,87,19,26,32,35,74
2006-11-29,MW,MidWeek,1,8,67,27,86,40,66,9,19,3,175
2006-12-02,NW,National Weekly,11,9,6,17,81,39,61,74,58,20,2303
2006-12-04,MS,Monday Special,19,10,2,71,22,45,33,5,56,37,75
2006-12-06,MW,MidWeek,39,23,45,77,13,22,86,70,52,25,176
2006-12-09,NW,National Weekly,17,19,78,72,26,22,4,56,28,32,2304
2006-12-11,MS,Monday Special,18,73,30,57,83,10,2,56,29,48,76
2006-12-13,MW,MidWeek,89,45,63,19,10,44,85,22,31,14,177
2006-12-16,NW,National Weekly,19,90,80,16,57,79,10,36,43,2,2305
2006-12-18,MS,Monday Special,69,82,6,66,41,74,75,47,84,80,77
2006-12-20,MW,MidWeek,75,30,12,17,55,72,6,47,20,38,178
2006-12-23,NW,National Weekly,11,20,35,8,89,75,47,15,22,59,2306
2006-12-27,MW,MidWeek,24,11,4,26,56,63,48,14,6,61,179
2006-12-30,NW,National Weekly,58,62,28,16,53,83,10,89,45,73,2307
2007-01-03,MW,MidWeek,29,37,52,55,84,25,79,73,45,13,180
2007-01-06,NW,National Weekly,37,16,29,10,45,1,63,2,75,86,2308
2007-01-08,MS,Monday Special,7,8,43,67,83,9,56,36,21,2,78
2007-01-10,MW,MidWeek,58,18,65,10,61,29,82,89,75,14,181
2007-01-13,NW,National Weekly,21,38,79,70,51,17,86,11,19,16,2309
2007-01-15,MS,Monday Special,59,7,35,63,66,36,16,87,4,10,79
2007-01-17,MW,MidWeek,65,70,67,50,71,4,40,28,79,58,182
2007-01-20,NW,National Weekly,17,53,15,59,64,7,28,33,70,26,2310
2007-01-22,MS,Monday Special,5,37,42,38,83,73,70,78,45,64,80
2007-01-24,MW,MidWeek,30,54,45,51,12,37,7,50,32,22,183
2007-01-27,NW,National Weekly,25,81,32,64,52,36,49,7,46,80,2311
2007-01-29,MS,Monday Special,10,30,16,58,81,82,90,38,26,29,81
2007-01-31,MW,MidWeek,62,28,5,40,45,71,81,75,55,9,184
2007-02-03,NW,National Weekly,18,7,62,40,60,85,45,11,19,50,2312
2007-02-05,MS,Monday Special,73,7,30,25,36,64,87,9,32,16,82
2007-02-07,MW,MidWeek,77,9,19,76,43,7,55,10,50,41,185
2007-02-10,NW,National Weekly,40,48,49,36,7,81,71,51,41,44,2313
2007-02-12,MS,Monday Special,50,68,22,82,59,10,51,14,73,34,83
2007-02-14,MW,MidWeek,10,28,37,63,62,41,11,34,29,30,186
2007-02-17,NW,National Weekly,83,86,3,2,18,75,14,53,34,60,2314
2007-02-19,MS,Monday Special,72,66,80,61,3,41,47,70,9,14,84
2007-02-21,MW,MidWeek,81,52,34,76,27,72,56,89,8,64,187
2007-02-24,NW,National Weekly,83,20,5,15,10,72,87,68,76,51,2315
2007-02-26,MS,Monday Special,60,82,70,13,86,6,65,85,59,1,85
2007-02-28,MW,MidWeek,18,29,86,2,64,8,41,70,71,3,188
2007-03-03,NW,National Weekly,69,26,19,40,30,57,58,35,27,1,2316
2007-03-05,MS,Monday Special,37,76,85,55,86,52,63,56,49,67,86
2007-03-07,MW,MidWeek,6,7,78,54,87,74,4,62,20,89,189
2007-03-10,NW,National Weekly,72,66,7,50,33,74,2,48,45,76,2317
2007-03-12,MS,Monday Special,45,26,56,34,58,83,14,48,19,23,87
2007-03-14,MW,MidWeek,44,54,24,35,72,13,42,52,60,55,190
2007-03-17,NW,National Weekly,76,46,23,1,12,89,52,18,30,62,2318
2007-03-19,MS,Monday Special,80,81,76,26,23,2,19,44,6,85,88
2007-03-21,MW,MidWeek,57,33,71,28,18,1,81,87,82,6,191
2007-03-24,NW,National Weekly,35,62,55,54,83,90,37,25,63,79,2319
2007-03-26,MS,Monday Special,7,63,11,78,25,45,50,89,3,90,89
2007-03-28,MW,MidWeek,72,11,77,85,49,30,16,89,82,52,192
2007-03-31,NW,National Weekly,89,19,17,84,88,32,31,11,73,28,2320
2007-04-02,MS,Monday Special,51,41,36,7,37,23,18,67,78,53,90
2007-04-04,MW,MidWeek,35,55,7,13,73,77,16,8,3,75,193
2007-04-07,NW,National Weekly,67,17,86,41,35,56,20,32,15,19,2321
2007-04-09,MS,Monday Special,11,44,15,86,26,36,35,74,9,17,91
2007-04-11,MW,MidWeek,10,32,75,41,11,35,85,34,6,12,194
2007-04-11,FT,Fortune Thursday,21,64,77,50,47,16,83,60,5,78,1
2007-04-11,FT,Fortune Thursday,73,23,63,19,15,29,36,44,74,32,2
2007-04-11,FT,Fortune Thursday,17,64,13,68,23,56,7,69,26,30,3
2007-04-12,FT,Fortune Thursday,70,21,71,41,65,51,79,8,59,87,4
2007-04-14,NW,National Weekly,9,32,17,54,10,84,85,23,57,16,2322
2007-04-16,MS,Monday Special,58,53,16,73,34,63,75,5,2,13,92
2007-04-16,LT,Lucky Tuesday,49,68,13,86,34,80,52,54,22,82,1
2007-04-16,LT,Lucky Tuesday,85,82,83,36,51,71,87,27,53,43,2
2007-04-16,LT,Lucky Tuesday,25,77,61,40,79,39,60,46,16,29,3
2007-04-17,LT,Lucky Tuesday,40,65,61,14,43,90,22,9,1,5,4
2007-04-18,MW,MidWeek,38,87,3,33,63,9,81,43,23,46,195
2007-04-19,FT,Fortune Thursday,27,25,9,89,20,78,74,86,10,82,5
2007-04-19,FB,Friday Bonanza,75,47,43,33,8,66,62,42,31,38,1
2007-04-19,FB,Friday Bonanza,88,34,5,7,3,83,71,19,33,29,2
2007-04-19,FB,Friday Bonanza,27,52,1,43,40,90,69,56,64,51,3
2007-04-20,FB,Friday Bonanza,12,5,6,76,47,74,2,33,79,28,4
2007-04-21,NW,National Weekly,60,29,55,34,11,2,49,38,44,69,2323
2007-04-23,MS,Monday Special,42,3,43,87,62,22,14,70,53,86,93
2007-04-24,LT,Lucky Tuesday,47,10,43,51,68,29,73,19,71,65,5
2007-04-25,MW,MidWeek,44,27,89,13,36,15,69,49,65,70,196
2007-04-26,FT,Fortune Thursday,12,40,25,9,39,79,51,36,64,16,6
2007-04-27,FB,Friday Bonanza,14,64,78,25,82,44,56,48,51,7,5
2007-04-28,NW,National Weekly,24,26,37,75,22,76,23,60,41,11,2324
2007-04-30,MS,Monday Special,55,20,17,56,64,5,84,7,12,1,94
2007-05-02,MW,MidWeek,86,61,55,9,30,10,65,39,54,29,197
2007-05-03,FT,Fortune Thursday,14,7,32,5,61,12,2,65,55,26,7
2007-05-04,FB,Friday Bonanza,71,77,78,67,90,66,28,56,81,84,6
2007-05-05,NW,National Weekly,81,60,41,45,58,53,86,10,75,9,2325
2007-05-07,MS,Monday Special,46,5,17,34,56,67,41,49,71,33,95
2007-05-08,LT,Lucky Tuesday,46,72,23,33,81,64,4,32,38,89,6
2007-05-09,MW,MidWeek,36,53,12,59,26,67,16,13,82,50,198
2007-05-10,FT,Fortune Thursday,44,49,50,52,87,24,45,13,63,10,8
2007-05-11,FB,Friday Bonanza,30,57,1,89,37,59,25,8,61,78,7
2007-05-12,NW,National Weekly,5,56,75,43,40,17,86,83,25,53,2326
2007-05-14,MS,Monday Special,64,51,1,14,7,4,84,67,34,58,96
2007-05-15,LT,Lucky Tuesday,38,16,62,59,65,24,15,22,42,8,7
2007-05-16,MW,MidWeek,34,43,13,60,79,17,23,20,50,7,199
2007-05-17,FT,Fortune Thursday,47,7,22,36,73,29,62,45,84,50,9
2007-05-18,FB,Friday Bonanza,85,9,81,37,15,50,25,51,19,70,8
2007-05-19,NW,National Weekly,17,26,60,20,19,67,30,13,90,85,2327
2007-05-21,MS,Monday Special,33,57,79,88,80,32,90,63,85,55,97
2007-05-22,LT,Lucky Tuesday,22,23,70,47,1,2,68,64,12,40,8
2007-05-23,MW,MidWeek,10,59,1,87,65,74,46,39,53,14,200
2007-05-24,FT,Fortune Thursday,10,17,33,19,6,59,27,89,24,7,10
2007-05-26,NW,National Weekly,57,5,50,22,79,7,84,24,75,17,2328
2007-05-28,MS,Monday Special,58,20,11,65,83,60,21,25,55,68,98
2007-05-29,LT,Lucky Tuesday,27,24,75,48,90,36,32,20,60,17,9
2007-05-30,MW,MidWeek,27,15,1,60,13,80,26,55,42,83,201
2007-05-31,FT,Fortune Thursday,48,41,40,83,29,70,18,19,58,11,11
2007-06-01,FB,Friday Bonanza,63,73,39,79,53,66,49,76,64,7,9
2007-06-02,NW,National Weekly,20,6,14,54,1,64,15,61,10,53,2329
2007-06-04,MS,Monday Special,89,75,11,26,65,9,54,58,76,70,99
2007-06-05,LT,Lucky Tuesday,32,13,67,63,4,27,41,33,70,31,10
2007-06-06,MW,MidWeek,11,7,12,45,60,41,77,61,44,42,202
2007-06-07,FT,Fortune Thursday,66,7,23,64,89,26,57,87,48,61,12
2007-06-08,FB,Friday Bonanza,85,15,45,86,9,89,3,78,61,23,10
2007-06-09,NW,National Weekly,90,3,81,4,40,82,78,34,83,62,2330
2007-06-11,MS,Monday Special,61,30,18,10,11,34,9,7,84,75,100
2007-06-12,LT,Lucky Tuesday,63,47,26,4,20,36,31,58,5,59,11
2007-06-13,MW,MidWeek,51,90,19,83,40,3,42,69,6,45,203
2007-06-14,FT,Fortune Thursday,47,82,44,87,89,42,21,52,26,60,13
2007-06-15,FB,Friday Bonanza,16,57,50,36,77,44,18,48,5,89,11
2007-06-16,NW,National Weekly,30,12,76,41,69,4,19,86,45,44,2331
2007-06-18,MS,Monday Special,47,73,24,85,77,52,5,34,6,2,101
2007-06-19,LT,Lucky Tuesday,21,83,87,63,11,36,34,39,48,73,12
2007-06-20,MW,MidWeek,76,23,34,33,46,61,47,21,16,28,204
2007-06-21,FT,Fortune Thursday,31,27,29,77,25,75,14,87,46,36,14
2007-06-22,FB,Friday Bonanza,41,34,80,48,31,36,27,71,38,45,12
2007-06-23,NW,National Weekly,68,33,18,11,19,13,73,55,60,8,2332
2007-06-25,MS,Monday Special,20,36,11,66,53,63,28,80,58,59,102
2007-06-26,LT,Lucky Tuesday,65,24,3,36,78,85,4,10,34,69,13
2007-06-27,MW,MidWeek,9,68,90,63,86,33,59,49,74,25,205
2007-06-28,FT,Fortune Thursday,39,40,68,77,20,27,84,36,17,44,15
2007-06-29,FB,Friday Bonanza,39,59,5,38,60,84,40,49,48,64,13
2007-06-30,NW,National Weekly,45,12,18,73,82,1,23,72,50,28,2333
2007-07-03,LT,Lucky Tuesday,73,26,43,74,89,79,49,35,21,19,14
2007-07-04,MW,MidWeek,7,77,52,27,1,5,21,61,10,71,206
2007-07-05,FT,Fortune Thursday,50,48,1,28,70,82,12,72,58,47,16
2007-07-06,FB,Friday Bonanza,13,71,60,24,86,56,83,7,11,19,14
2007-07-07,NW,National Weekly,7,87,5,17,20,37,10,72,1,14,2334
2007-07-09,MS,Monday Special,67,9,61,51,85,50,25,8,64,12,103
2007-07-10,LT,Lucky Tuesday,66,85,4,69,30,68,3,19,63,45,15
2007-07-11,MW,MidWeek,26,41,81,76,42,51,36,69,71,3,207
2007-07-12,FT,Fortune Thursday,56,7,62,30,54,85,52,75,70,11,17
2007-07-13,FB,Friday Bonanza,43,40,31,33,29,76,22,70,41,42,15
2007-07-14,NW,National Weekly,13,27,57,18,70,34,85,79,49,50,2335
2007-07-16,MS,Monday Special,15,72,11,21,63,17,74,6,33,8,104
2007-07-17,LT,Lucky Tuesday,43,86,61,44,20,75,39,7,84,59,16
2007-07-18,MW,MidWeek,58,89,79,41,67,11,88,33,48,22,208
2007-07-19,FT,Fortune Thursday,85,41,32,61,90,37,76,30,60,62,18
2007-07-20,FB,Friday Bonanza,61,49,83,5,87,69,36,8,15,82,16
2007-07-21,NW,National Weekly,17,53,19,15,2,26,40,5,69,63,2336
2007-07-23,MS,Monday Special,59,45,49,24,56,58,88,11,1,73,105
2007-07-24,LT,Lucky Tuesday,75,74,8,83,88,6,15,63,11,87,17
2007-07-25,MW,MidWeek,31,5,63,26,30,45,78,88,62,66,209
2007-07-26,FT,Fortune Thursday,61,37,28,71,12,20,16,39,53,88,19
2007-07-27,FB,Friday Bonanza,31,12,15,85,24,35,53,66,32,34,17
2007-07-28,NW,National Weekly,81,74,6,82,59,30,46,9,42,64,2337
2007-07-30,MS,Monday Special,39,68,29,84,71,67,2,4,24,70,106
2007-07-31,LT,Lucky Tuesday,13,21,20,16,47,83,46,30,34,22,18
2007-08-01,MW,MidWeek,9,74,52,15,64,5,56,71,50,26,210
2007-08-02,FT,Fortune Thursday,46,86,60,25,84,82,5,8,30,67,20
2007-08-03,FB,Friday Bonanza,16,57,43,48,67,82,83,76,88,61,18
2007-08-04,NW,National Weekly,45,50,38,4,56,11,8,19,63,79,2338
2007-08-06,MS,Monday Special,6,23,30,24,59,14,17,50,49,80,107
2007-08-07,LT,Lucky Tuesday,31,26,54,81,17,36,18,4,60,8,19
2007-08-08,MW,MidWeek,21,42,44,24,82,79,37,89,22,18,211
2007-08-09,FT,Fortune Thursday,36,57,41,16,46,12,25,54,18,58,21
2007-08-10,FB,Friday Bonanza,50,9,26,42,41,83,12,6,47,79,19
2007-08-11,NW,National Weekly,31,51,44,90,75,13,50,32,64,47,2339
2007-08-13,MS,Monday Special,85,60,41,75,25,48,71,1,83,81,108
2007-08-14,LT,Lucky Tuesday,54,89,8,44,1,59,20,71,3,83,20
2007-08-15,MW,MidWeek,58,63,47,30,13,45,4,50,59,43,212
2007-08-16,FT,Fortune Thursday,48,67,16,46,82,84,29,43,19,25,22
2007-08-17,FB,Friday Bonanza,28,23,14,45,86,20,72,77,46,75,20
2007-08-18,NW,National Weekly,69,6,9,12,57,18,65,17,51,79,2340
2007-08-20,MS,Monday Special,71,54,44,15,40,29,53,24,25,50,109
2007-08-21,LT,Lucky Tuesday,70,34,29,5,24,75,69,58,2,77,21
2007-08-22,MW,MidWeek,65,42,88,90,6,77,26,62,4,33,213
2007-08-23,FT,Fortune Thursday,79,71,7,48,57,66,89,59,1,24,23
2007-08-24,FB,Friday Bonanza,57,27,1,48,78,11,21,64,49,81,21
2007-08-25,NW,National Weekly,22,37,38,40,65,62,21,81,35,34,2341
2007-08-27,MS,Monday Special,80,47,71,52,74,27,76,30,11,29,110
2007-08-28,LT,Lucky Tuesday,15,57,1,85,8,62,56,31,30,65,22
2007-08-29,MW,MidWeek,80,45,7,15,50,89,19,3,5,39,214
2007-08-30,FT,Fortune Thursday,3,12,18,83,50,24,52,76,60,90,24
2007-08-31,FB,Friday Bonanza,79,61,23,39,64,11,74,62,51,81,22
2007-09-01,NW,National Weekly,57,39,10,53,1,61,64,76,7,84,2342
2007-09-03,MS,Monday Special,6,19,33,5,23,60,52,70,87,56,111
2007-09-04,LT,Lucky Tuesday,21,60,35,53,28,8,89,1,54,65,23
2007-09-05,MW,MidWeek,34,58,76,30,78,48,47,4,60,45,215
2007-09-06,FT,Fortune Thursday,60,57,38,23,74,27,71,68,29,61,25
2007-09-07,FB,Friday Bonanza,72,6,68,56,18,5,51,2,54,38,23
2007-09-08,NW,National Weekly,29,25,9,59,53,75,48,58,38,76,2343
2007-09-10,MS,Monday Special,54,76,25,26,60,59,82,47,46,45,112
2007-09-11,LT,Lucky Tuesday,31,68,24,47,25,30,42,3,56,78,24
2007-09-12,MW,MidWeek,18,76,49,2,34,32,82,38,28,40,216
2007-09-13,FT,Fortune Thursday,80,48,9,83,13,89,90,50,75,32,26
2007-09-14,FB,Friday Bonanza,4,80,7,17,49,89,60,65,63,25,24
2007-09-15,NW,National Weekly,76,45,39,48,13,31,8,75,51,87,2344
2007-09-17,MS,Monday Special,53,13,48,9,83,57,14,6,85,21,113
2007-09-18,LT,Lucky Tuesday,68,69,33,17,82,59,7,19,5,41,25
2007-09-19,MW,MidWeek,82,81,67,68,65,9,83,44,84,86,217
2007-09-20,FT,Fortune Thursday,86,58,30,88,11,39,32,24,16,22,27
2007-09-21,FB,Friday Bonanza,36,16,86,84,89,1,39,37,71,50,25
2007-09-22,NW,National Weekly,32,3,90,30,66,85,6,25,81,44,2345
2007-09-24,MS,Monday Special,41,19,54,3,76,42,8,82,56,58,114
2007-09-25,LT,Lucky Tuesday,4,65,10,36,62,66,30,27,86,1,26
2007-09-26,MW,MidWeek,18,59,23,83,27,39,8,38,78,1,218
2007-09-27,FT,Fortune Thursday,37,57,5,60,30,6,2,75,50,33,28
2007-09-28,FB,Friday Bonanza,1,62,51,29,86,52,74,57,77,44,26
2007-09-29,NW,National Weekly,83,68,65,55,85,21,57,19,26,9,2346
2007-10-01,MS,Monday Special,83,76,64,65,72,51,70,52,41,38,115
2007-10-02,LT,Lucky Tuesday,46,19,24,16,7,62,32,26,54,28,27
2007-10-03,MW,MidWeek,10,66,22,73,79,28,60,31,26,20,219
2007-10-04,FT,Fortune Thursday,22,77,49,29,1,87,72,21,85,35,29
2007-10-05,FB,Friday Bonanza,32,34,48,38,85,11,68,30,58,52,27
2007-10-06,NW,National Weekly,56,70,55,82,64,73,18,25,39,57,2347
2007-10-08,MS,Monday Special,70,28,61,68,78,26,77,55,86,82,116
2007-10-09,LT,Lucky Tuesday,29,41,50,56,8,27,59,14,74,89,28
2007-10-10,MW,MidWeek,80,42,87,10,57,8,78,35,83,27,220
2007-10-11,FT,Fortune Thursday,75,86,63,62,36,61,47,52,37,27,30
2007-10-12,FB,Friday Bonanza,17,40,44,60,72,25,31,29,9,10,28
2007-10-13,NW,National Weekly,83,44,35,65,70,29,66,7,47,84,2348
2007-10-16,LT,Lucky Tuesday,26,29,1,49,64,67,71,90,8,58,29
2007-10-17,MW,MidWeek,53,7,64,38,54,75,10,83,59,30,221
2007-10-18,FT,Fortune Thursday,12,70,7,15,79,47,32,50,82,6,31
2007-10-19,FB,Friday Bonanza,13,9,42,20,18,59,48,51,43,21,29
2007-10-20,NW,National Weekly,33,77,14,59,34,65,88,23,26,19,2349
2007-10-22,MS,Monday Special,58,19,61,26,82,43,9,57,74,32,117
2007-10-23,LT,Lucky Tuesday,22,24,30,32,83,66,68,89,40,2,30
2007-10-24,MW,MidWeek,71,13,14,7,38,50,26,15,46,56,222
2007-10-25,FT,Fortune Thursday,1,28,50,78,30,11,25,75,42,31,32
2007-10-26,FB,Friday Bonanza,50,73,64,45,7,38,8,84,83,22,30
2007-10-27,NW,National Weekly,25,8,14,78,31,69,79,53,26,46,2350
2007-10-29,MS,Monday Special,57,2,52,36,65,15,41,84,67,87,118
2007-10-30,LT,Lucky Tuesday,57,56,58,18,12,15,33,53,14,59,31
2007-10-31,MW,MidWeek,62,42,41,25,43,39,84,55,50,44,223
2007-11-01,FT,Fortune Thursday,38,59,27,83,90,50,47,61,7,62,33
2007-11-02,FB,Friday Bonanza,70,38,46,45,33,61,54,9,28,36,31
2007-11-03,NW,National Weekly,54,59,32,35,24,68,77,1,52,88,2351
2007-11-05,MS,Monday Special,84,41,17,58,49,22,82,37,64,26,119
2007-11-06,LT,Lucky Tuesday,44,23,50,39,47,72,55,63,82,22,32
2007-11-07,MW,MidWeek,1,5,8,57,80,46,34,2,9,53,224
2007-11-08,FT,Fortune Thursday,83,34,1,18,9,65,74,59,27,38,34
2007-11-09,FB,Friday Bonanza,82,63,24,18,48,90,37,73,67,20,32
2007-11-10,NW,National Weekly,24,89,90,33,26,23,34,82,10,19,2352
2007-11-12,MS,Monday Special,53,12,55,23,86,67,4,89,25,36,120
2007-11-13,LT,Lucky Tuesday,12,45,35,41,8,5,11,33,61,71,33
2007-11-14,MW,MidWeek,55,59,73,23,19,45,3,27,88,69,225
2007-11-15,FT,Fortune Thursday,33,68,40,65,42,72,51,37,80,50,35
2007-11-16,FB,Friday Bonanza,52,7,50,36,51,56,22,73,29,13,33
2007-11-17,NW,National Weekly,34,54,30,37,49,80,78,62,72,24,2353
2007-11-19,MS,Monday Special,17,85,45,49,35,16,64,36,8,80,121
2007-11-20,LT,Lucky Tuesday,63,60,77,88,20,1,4,27,65,57,34
2007-11-21,MW,MidWeek,30,87,80,63,73,71,34,47,39,55,226
2007-11-22,FT,Fortune Thursday,7,76,84,36,29,89,48,22,58,35,36
2007-11-23,FB,Friday Bonanza,13,75,67,33,84,79,7,8,70,60,34
2007-11-24,NW,National Weekly,61,89,47,13,36,68,4,46,51,85,2354
2007-11-26,MS,Monday Special,71,76,2,86,44,25,15,57,18,69,122
2007-11-27,LT,Lucky Tuesday,81,25,58,28,41,33,70,82,39,30,35
2007-11-28,MW,MidWeek,59,64,31,34,62,75,22,5,43,47,227
2007-11-29,FT,Fortune Thursday,48,69,82,62,10,75,1,23,40,45,37
2007-11-30,FB,Friday Bonanza,5,54,9,78,88,55,66,36,62,65,35
2007-12-01,NW,National Weekly,15,27,1,23,45,39,56,72,71,79,2355
2007-12-03,MS,Monday Special,34,60,54,56,46,36,40,7,67,2,123
2007-12-04,LT,Lucky Tuesday,59,45,13,76,50,42,4,53,85,21,36
2007-12-05,MW,MidWeek,58,37,38,26,72,90,61,9,53,20,228
2007-12-06,FT,Fortune Thursday,89,4,21,25,88,2,45,22,66,75,38
2007-12-08,NW,National Weekly,27,57,62,7,86,40,41,49,31,3,2356
2007-12-10,MS,Monday Special,16,28,13,85,40,15,32,59,44,46,124
2007-12-11,LT,Lucky Tuesday,12,38,84,88,63,7,1,37,20,62,37
2007-12-12,MW,MidWeek,7,21,8,43,52,32,19,61,84,14,229
2007-12-13,FT,Fortune Thursday,77,31,11,13,43,46,42,6,37,79,39
2007-12-14,FB,Friday Bonanza,70,79,7,85,84,51,10,29,78,13,36
2007-12-15,NW,National Weekly,36,48,42,28,27,51,17,84,43,82,2357
2007-12-17,MS,Monday Special,11,38,25,68,10,20,31,14,56,21,125
2007-12-18,LT,Lucky Tuesday,68,50,21,90,34,20,66,17,82,23,38
2007-12-20,FT,Fortune Thursday,8,26,65,9,12,20,61,3,33,83,40
2007-12-21,FB,Friday Bonanza,67,42,23,31,88,58,57,52,10,27,37
2007-12-22,NW,National Weekly,53,7,58,49,23,24,90,25,12,19,2358
2007-12-24,MS,Monday Special,56,26,70,5,17,61,13,59,25,32,126
2007-12-27,FT,Fortune Thursday,60,88,72,15,36,71,23,79,14,52,41
2007-12-28,FB,Friday Bonanza,60,79,61,75,38,62,81,52,86,18,38
2007-12-29,NW,National Weekly,65,90,43,20,68,13,46,53,16,17,2359
2007-12-31,MS,Monday Special,88,11,43,32,21,90,39,52,6,28,127
2008-01-02,MW,MidWeek,14,29,75,23,17,45,50,87,22,61,230
2008-01-03,FT,Fortune Thursday,67,40,41,15,9,58,4,66,69,82,42
2008-01-04,FB,Friday Bonanza,5,10,79,75,14,56,34,18,66,25,39
2008-01-05,NW,National Weekly,79,3,39,43,14,30,74,52,8,29,2360
2008-01-07,MS,Monday Special,61,45,13,64,88,86,14,44,75,51,128
2008-01-08,LT,Lucky Tuesday,50,6,47,2,11,49,1,34,46,14,39
2008-01-09,MW,MidWeek,75,20,16,19,88,42,22,87,4,41,231
2008-01-10,FT,Fortune Thursday,53,22,16,62,29,40,56,35,10,81,43
2008-01-11,FB,Friday Bonanza,45,80,13,67,43,5,24,39,10,49,40
2008-01-12,NW,National Weekly,42,86,59,55,11,28,49,27,32,34,2361
2008-01-14,MS,Monday Special,74,65,8,41,67,2,24,16,75,7,129
2008-01-15,LT,Lucky Tuesday,3,84,68,31,27,71,59,2,22,45,40
2008-01-16,MW,MidWeek,74,79,72,5,48,71,78,32,25,17,232
2008-01-17,FT,Fortune Thursday,55,88,20,54,86,53,18,34,43,6,44
2008-01-18,FB,Friday Bonanza,23,25,54,80,22,74,41,55,89,10,41
2008-01-19,NW,National Weekly,81,13,14,79,10,71,4,27,73,83,2362
2008-01-21,MS,Monday Special,65,69,75,58,3,88,56,50,85,90,130
2008-01-22,LT,Lucky Tuesday,19,47,30,89,46,17,76,4,88,77,41
2008-01-23,MW,MidWeek,37,59,14,30,73,52,81,9,3,7,233
2008-01-24,FT,Fortune Thursday,66,31,83,14,51,9,79,20,38,45,45
2008-01-25,FB,Friday Bonanza,64,30,51,25,55,40,58,43,88,60,42
2008-01-26,NW,National Weekly,57,70,49,46,35,12,19,4,21,37,2363
2008-01-28,MS,Monday Special,85,33,59,64,66,34,46,18,30,88,131
2008-01-29,LT,Lucky Tuesday,88,22,68,59,21,1,75,86,85,83,42
2008-01-30,MW,MidWeek,42,77,55,88,31,22,84,90,79,9,234
2008-01-31,FT,Fortune Thursday,58,36,86,6,80,42,21,33,79,59,46
2008-02-01,FB,Friday Bonanza,27,67,54,28,71,22,19,62,76,37,43
2008-02-02,NW,National Weekly,2,40,47,17,31,58,64,12,68,65,2364
2008-02-04,MS,Monday Special,26,7,39,14,11,87,74,17,9,16,132
2008-02-05,LT,Lucky Tuesday,13,50,54,65,25,36,27,9,6,22,43
2008-02-06,MW,MidWeek,17,2,37,69,57,60,87,22,34,81,235
2008-02-07,FT,Fortune Thursday,76,25,50,44,19,3,13,71,78,45,47
2008-02-08,FB,Friday Bonanza,1,50,6,2,63,71,66,81,14,11,44
2008-02-09,NW,National Weekly,14,21,3,24,62,19,63,45,55,49,2365
2008-02-11,MS,Monday Special,27,87,80,3,35,33,71,37,81,25,133
2008-02-12,LT,Lucky Tuesday,18,25,52,26,29,16,28,3,34,74,44
2008-02-13,MW,MidWeek,60,13,33,65,18,62,68,52,41,73,236
2008-02-14,FT,Fortune Thursday,28,65,31,68,47,52,64,25,15,54,48
2008-02-15,FB,Friday Bonanza,73,28,36,87,88,76,37,72,22,81,45
2008-02-16,NW,National Weekly,77,79,49,41,10,70,6,9,32,5,2366
2008-02-18,MS,Monday Special,83,39,81,48,20,90,49,62,31,74,134
2008-02-19,LT,Lucky Tuesday,2,36,76,67,39,69,89,43,79,49,45
2008-02-20,MW,MidWeek,74,73,41,83,33,57,81,9,62,36,237
2008-02-21,FT,Fortune Thursday,25,9,58,52,66,18,83,67,4,12,49
2008-02-22,FB,Friday Bonanza,42,13,59,88,78,23,64,76,79,40,46
2008-02-23,NW,National Weekly,49,81,53,45,46,65,33,19,87,3,2367
2008-02-25,MS,Monday Special,26,25,79,15,6,33,59,71,63,74,135
2008-02-26,LT,Lucky Tuesday,40,18,57,19,24,14,30,3,59,85,46
2008-02-27,MW,MidWeek,19,55,37,51,23,11,87,58,61,62,238
2008-02-28,FT,Fortune Thursday,53,42,88,25,66,13,86,69,64,83,50
2008-02-29,FB,Friday Bonanza,39,80,64,67,84,86,61,22,77,36,47
2008-03-01,NW,National Weekly,90,51,13,48,57,80,68,65,82,2,2368
2008-03-03,MS,Monday Special,70,9,33,79,40,87,54,51,5,10,136
2008-03-04,LT,Lucky Tuesday,54,34,20,86,1,42,79,56,40,19,47
2008-03-05,MW,MidWeek,20,48,45,47,38,36,11,69,37,22,239
2008-03-07,FB,Friday Bonanza,59,44,56,73,54,62,4,63,41,71,48
2008-03-08,NW,National Weekly,86,56,27,24,74,35,54,36,41,66,2369
2008-03-10,MS,Monday Special,32,2,56,55,47,54,63,15,37,31,137
2008-03-11,LT,Lucky Tuesday,51,62,39,37,72,88,29,43,1,5,48
2008-03-12,MW,MidWeek,49,85,43,66,2,50,77,81,40,83,240
2008-03-13,FT,Fortune Thursday,41,40,66,16,8,30,75,37,36,42,51
2008-03-14,FB,Friday Bonanza,36,80,73,81,1,5,50,14,7,84,49
2008-03-15,NW,National Weekly,51,56,35,69,73,63,26,78,84,37,2370
2008-03-17,MS,Monday Special,27,84,32,9,63,77,59,81,7,56,138
2008-03-18,LT,Lucky Tuesday,55,87,61,17,47,41,46,54,29,4,49
2008-03-19,MW,MidWeek,64,77,86,75,84,85,1,74,68,29,241
2008-03-22,NW,National Weekly,28,44,16,13,77,67,29,76,2,41,2371
2008-03-25,LT,Lucky Tuesday,21,33,3,14,63,75,90,7,5,81,50
2008-03-26,MW,MidWeek,44,58,9,87,49,75,48,47,71,20,242
2008-03-27,FT,Fortune Thursday,22,25,14,77,13,17,82,85,30,63,52
2008-03-28,FB,Friday Bonanza,42,34,10,84,56,70,44,47,75,54,50
2008-03-29,NW,National Weekly,28,24,52,78,84,9,45,15,33,66,2372
2008-03-31,MS,Monday Special,83,38,15,62,61,58,31,87,67,78,139
2008-04-01,LT,Lucky Tuesday,64,83,41,75,80,20,13,56,8,88,51
2008-04-02,MW,MidWeek,44,73,40,26,61,64,89,79,58,14,243
2008-04-03,FT,Fortune Thursday,29,19,8,10,80,25,6,53,65,88,53
2008-04-04,FB,Friday Bonanza,22,21,56,43,79,40,76,61,67,71,51
2008-04-05,NW,National Weekly,16,39,10,5,90,51,79,42,36,49,2373
2008-04-07,MS,Monday Special,54,22,88,68,44,71,29,32,37,85,140
2008-04-08,LT,Lucky Tuesday,49,33,48,37,77,9,47,89,3,2,52
2008-04-09,MW,MidWeek,5,86,56,29,39,25,80,66,84,61,244
2008-04-10,FT,Fortune Thursday,43,15,17,69,63,83,5,23,79,4,54
2008-04-11,FB,Friday Bonanza,15,78,66,20,38,34,60,7,74,22,52
2008-04-12,NW,National Weekly,41,45,63,3,20,47,35,44,4,26,2374
2008-04-14,MS,Monday Special,55,12,77,47,54,90,32,45,16,85,141
2008-04-15,LT,Lucky Tuesday,9,83,40,82,54,23,44,39,2,76,53
2008-04-16,MW,MidWeek,38,48,25,84,75,28,89,50,36,26,245
2008-04-17,FT,Fortune Thursday,53,25,49,80,27,68,84,51,72,78,55
2008-04-18,FB,Friday Bonanza,28,25,67,32,63,58,33,17,55,73,53
2008-04-19,NW,National Weekly,83,29,22,71,61,68,63,28,73,7,2375
2008-04-21,MS,Monday Special,35,26,8,84,31,22,62,50,13,34,142
2008-04-22,LT,Lucky Tuesday,35,69,49,20,72,12,29,19,83,67,54
2008-04-23,MW,MidWeek,34,83,50,58,65,56,9,23,20,62,246
2008-04-24,FT,Fortune Thursday,25,22,79,12,60,29,53,38,80,3,56
2008-04-25,FB,Friday Bonanza,20,71,44,79,51,29,55,26,89,31,54
2008-04-26,NW,National Weekly,77,36,79,70,61,90,39,25,35,57,2376
2008-04-28,MS,Monday Special,54,41,21,82,17,25,55,8,87,29,143
2008-04-29,LT,Lucky Tuesday,89,48,33,71,64,30,17,53,20,9,55
2008-04-30,MW,MidWeek,29,8,35,20,40,17,33,84,56,34,247
2008-05-02,FB,Friday Bonanza,27,4,46,85,17,13,49,87,14,74,55
2008-05-03,NW,National Weekly,54,60,57,85,27,24,15,31,88,14,2377
2008-05-05,MS,Monday Special,30,37,68,19,70,51,79,69,12,7,144
2008-05-06,LT,Lucky Tuesday,68,47,25,40,36,86,61,56,1,78,56
2008-05-07,MW,MidWeek,24,34,57,65,20,37,87,50,38,42,248
2008-05-08,FT,Fortune Thursday,70,64,36,29,28,25,80,23,50,17,57
2008-05-09,FB,Friday Bonanza,62,65,73,1,83,79,50,27,58,9,56
2008-05-10,NW,National Weekly,69,4,51,24,77,74,65,29,46,67,2378
2008-05-12,MS,Monday Special,37,61,27,11,2,10,22,33,83,14,145
2008-05-13,LT,Lucky Tuesday,87,23,27,45,20,24,6,54,25,68,57
2008-05-14,MW,MidWeek,2,24,54,81,55,49,71,62,13,79,249
2008-05-15,FT,Fortune Thursday,81,53,32,7,59,69,29,41,24,74,58
2008-05-16,FB,Friday Bonanza,17,48,57,39,69,56,25,31,66,67,57
2008-05-17,NW,National Weekly,88,15,8,55,90,58,28,49,74,42,2379
2008-05-19,MS,Monday Special,76,82,27,44,63,54,23,62,11,17,146
2008-05-20,LT,Lucky Tuesday,44,36,87,78,54,62,52,5,14,70,58
2008-05-21,MW,MidWeek,5,2,73,19,6,43,20,50,10,7,250
2008-05-22,FT,Fortune Thursday,49,19,60,89,87,78,38,4,86,18,59
2008-05-23,FB,Friday Bonanza,33,37,14,83,62,32,74,27,24,56,58
2008-05-24,NW,National Weekly,40,24,4,80,41,63,69,11,23,44,2380
2008-05-27,LT,Lucky Tuesday,41,28,23,7,10,61,52,21,30,90,59
2008-05-28,MW,MidWeek,25,66,63,86,77,61,78,84,50,20,251
2008-05-29,FT,Fortune Thursday,29,6,53,77,28,73,37,27,84,75,60
2008-05-30,FB,Friday Bonanza,28,40,76,25,70,19,13,23,41,21,59
2008-05-31,NW,National Weekly,82,60,4,47,52,86,88,59,13,24,2381
2008-06-02,MS,Monday Special,65,19,4,14,36,74,28,67,40,7,147
2008-06-03,LT,Lucky Tuesday,33,55,41,64,21,25,3,82,34,7,60
2008-06-04,MW,MidWeek,68,1,83,67,86,11,85,54,46,89,252
2008-06-05,FT,Fortune Thursday,3,7,23,32,25,43,58,29,20,52,61
2008-06-06,FB,Friday Bonanza,8,69,24,44,68,86,81,38,51,90,60
2008-06-07,NW,National Weekly,10,40,83,78,61,86,38,25,42,23,2382
2008-06-09,MS,Monday Special,20,50,27,52,58,86,16,2,60,18,148
2008-06-10,LT,Lucky Tuesday,13,14,76,15,4,16,38,19,29,79,61
2008-06-11,MW,MidWeek,14,82,66,70,42,6,41,74,52,38,253
2008-06-12,FT,Fortune Thursday,79,77,58,65,48,14,51,73,55,62,62
2008-06-13,FB,Friday Bonanza,84,78,46,49,77,20,56,50,2,79,61
2008-06-14,NW,National Weekly,48,72,25,41,23,55,83,52,70,89,2383
2008-06-16,MS,Monday Special,41,46,28,12,29,32,15,23,39,80,149
2008-06-17,LT,Lucky Tuesday,30,37,87,55,35,13,4,26,15,66,62
2008-06-18,MW,MidWeek,54,2,77,1,69,66,20,11,44,10,254
2008-06-19,FT,Fortune Thursday,79,33,36,54,51,40,69,4,27,22,63
2008-06-20,FB,Friday Bonanza,6,56,24,79,61,47,70,31,88,14,62
2008-06-21,NW,National Weekly,12,63,87,55,65,41,3,58,40,74,2384
2008-06-23,MS,Monday Special,52,27,82,22,53,60,50,56,23,47,150
2008-06-24,LT,Lucky Tuesday,49,9,27,44,24,13,33,61,36,70,63
2008-06-25,MW,MidWeek,86,84,26,30,16,55,14,60,56,81,255
2008-06-26,FT,Fortune Thursday,38,83,84,57,23,50,76,58,69,16,64
2008-06-27,FB,Friday Bonanza,78,15,87,55,51,14,11,57,31,66,63
2008-06-28,NW,National Weekly,40,21,50,73,16,8,65,31,24,41,2385
2008-06-30,MS,Monday Special,47,86,39,51,50,27,58,82,42,22,151
2008-07-02,MW,MidWeek,81,88,68,51,1,18,39,66,84,43,256
2008-07-03,FT,Fortune Thursday,64,10,50,53,45,7,9,60,34,41,65
2008-07-04,FB,Friday Bonanza,19,25,89,42,59,13,14,51,22,39,64
2008-07-05,NW,National Weekly,57,30,22,82,63,58,28,1,5,73,2386
2008-07-07,MS,Monday Special,41,15,18,78,5,84,68,4,66,86,152
2008-07-08,LT,Lucky Tuesday,4,13,41,26,5,83,69,29,59,27,64
2008-07-09,MW,MidWeek,60,17,37,89,9,51,46,62,72,45,257
2008-07-10,FT,Fortune Thursday,81,84,89,40,15,53,72,1,12,3,66
2008-07-11,FB,Friday Bonanza,89,83,59,51,86,26,63,30,72,6,65
2008-07-12,NW,National Weekly,9,65,33,15,25,74,3,62,12,79,2387
2008-07-14,MS,Monday Special,41,5,29,50,21,17,35,90,8,34,153
2008-07-15,LT,Lucky Tuesday,79,90,52,13,70,6,58,75,18,30,65
2008-07-16,MW,MidWeek,22,50,73,27,6,38,77,44,5,71,258
2008-07-17,FT,Fortune Thursday,36,42,6,22,25,90,43,40,24,61,67
2008-07-18,FB,Friday Bonanza,42,26,63,29,18,2,84,66,85,20,66
2008-07-19,NW,National Weekly,85,20,71,56,51,24,16,42,33,18,2388
2008-07-21,MS,Monday Special,64,89,82,45,29,54,75,60,14,84,154
2008-07-22,LT,Lucky Tuesday,90,42,40,50,32,1,12,48,7,71,66
2008-07-23,MW,MidWeek,15,23,66,1,6,33,30,18,42,88,259
2008-07-24,FT,Fortune Thursday,45,16,73,56,84,24,42,17,49,82,68
2008-07-25,FB,Friday Bonanza,17,84,71,39,10,76,26,32,68,23,67
2008-07-26,NW,National Weekly,66,8,32,43,67,88,26,85,81,44,2389
2008-07-28,MS,Monday Special,83,27,55,75,63,9,66,87,33,61,155
2008-07-29,LT,Lucky Tuesday,36,1,55,82,8,88,68,27,16,45,67
2008-07-30,MW,MidWeek,53,37,77,24,45,46,68,78,51,86,260
2008-07-31,FT,Fortune Thursday,69,74,31,66,38,34,78,82,51,63,69
2008-08-01,FB,Friday Bonanza,61,21,74,39,76,40,75,18,55,20,68
2008-08-02,NW,National Weekly,36,64,38,21,62,6,42,31,58,50,2390
2008-08-04,MS,Monday Special,90,78,70,43,27,48,15,52,85,41,156
2008-08-05,LT,Lucky Tuesday,28,62,22,21,17,50,60,67,79,4,68
2008-08-06,MW,MidWeek,35,86,89,77,74,64,18,36,9,27,261
2008-08-07,FT,Fortune Thursday,70,13,31,60,45,15,33,19,32,6,70
2008-08-08,FB,Friday Bonanza,66,46,10,73,49,1,2,32,21,68,69
2008-08-09,NW,National Weekly,18,13,76,36,47,34,8,63,20,15,2391
2008-08-11,MS,Monday Special,2,1,61,16,11,86,84,24,82,6,157
2008-08-12,LT,Lucky Tuesday,33,36,8,74,22,68,30,46,90,45,69
2008-08-13,MW,MidWeek,12,32,26,56,8,25,43,4,39,15,262
2008-08-14,FT,Fortune Thursday,65,87,61,79,46,24,72,56,19,34,71
2008-08-15,FB,Friday Bonanza,42,55,25,1,76,24,9,86,31,69,70
2008-08-16,NW,National Weekly,11,76,83,2,77,57,71,87,78,85,2392
2008-08-18,MS,Monday Special,62,22,58,4,57,10,20,37,68,28,158
2008-08-19,LT,Lucky Tuesday,20,83,69,4,88,17,33,54,87,67,70
2008-08-20,MW,MidWeek,47,17,56,23,4,64,45,52,3,1,263
2008-08-21,FT,Fortune Thursday,57,56,39,73,19,76,12,5,35,49,72
2008-08-22,FB,Friday Bonanza,23,59,52,2,11,15,33,75,90,29,71
2008-08-23,NW,National Weekly,74,68,81,44,35,31,72,39,33,40,2393
2008-08-25,MS,Monday Special,8,24,31,75,43,77,76,10,72,22,159
2008-08-26,LT,Lucky Tuesday,6,71,65,27,13,48,42,36,55,80,71
2008-08-27,MW,MidWeek,64,32,14,43,54,44,62,59,76,77,264
2008-08-28,FT,Fortune Thursday,24,8,42,18,69,75,54,19,39,2,73
2008-08-29,FB,Friday Bonanza,51,9,26,74,81,64,42,19,90,57,72
2008-08-30,NW,National Weekly,85,59,3,51,20,48,35,30,79,86,2394
2008-09-01,MS,Monday Special,11,33,45,40,60,70,78,77,61,20,160
2008-09-02,LT,Lucky Tuesday,87,27,86,18,50,23,28,25,55,65,72
2008-09-03,MW,MidWeek,54,9,41,49,69,78,52,43,63,6,265
2008-09-04,FT,Fortune Thursday,18,23,34,80,82,89,75,1,48,46,74
2008-09-05,FB,Friday Bonanza,23,49,24,76,60,61,55,14,64,33,73
2008-09-06,NW,National Weekly,28,65,57,55,54,86,63,37,32,61,2395
2008-09-08,MS,Monday Special,38,65,29,72,45,57,75,32,43,22,161
2008-09-09,LT,Lucky Tuesday,19,70,39,53,73,2,12,17,37,36,73
2008-09-10,MW,MidWeek,21,28,37,47,2,71,49,58,32,17,266
2008-09-11,FT,Fortune Thursday,37,86,47,84,8,46,65,27,61,60,75
2008-09-12,FB,Friday Bonanza,25,23,9,87,8,74,38,33,3,77,74
2008-09-13,NW,National Weekly,37,36,7,42,73,72,32,25,69,40,2396
2008-09-15,MS,Monday Special,24,33,66,87,60,73,22,12,84,56,162
2008-09-16,LT,Lucky Tuesday,40,58,83,90,42,15,64,36,21,30,74
2008-09-17,MW,MidWeek,85,51,68,60,84,31,34,70,2,90,267
2008-09-18,FT,Fortune Thursday,17,20,72,43,49,31,23,52,85,33,76
2008-09-19,FB,Friday Bonanza,19,6,1,48,20,16,86,32,40,42,75
2008-09-20,NW,National Weekly,30,38,24,2,84,90,13,4,85,62,2397
2008-09-22,MS,Monday Special,85,81,65,55,18,88,10,2,32,12,163
2008-09-23,LT,Lucky Tuesday,24,82,3,4,68,28,11,14,16,18,75
2008-09-24,MW,MidWeek,3,24,13,68,44,79,56,34,12,84,268
2008-09-25,FT,Fortune Thursday,64,3,57,30,45,55,79,44,22,74,77
2008-09-26,FB,Friday Bonanza,60,64,82,86,30,10,46,85,80,9,76
2008-09-27,NW,National Weekly,51,29,18,46,14,58,85,5,50,88,2398
2008-09-29,MS,Monday Special,28,48,43,26,32,9,38,7,62,57,164
2008-10-01,MW,MidWeek,90,86,35,68,7,33,84,37,56,61,269
2008-10-02,FT,Fortune Thursday,68,16,62,18,26,79,56,55,3,29,78
2008-10-03,FB,Friday Bonanza,15,18,72,57,24,54,83,87,85,26,77
2008-10-04,NW,National Weekly,29,23,34,19,25,44,82,43,62,80,2399
2008-10-06,MS,Monday Special,40,59,50,6,45,28,54,80,60,87,165
2008-10-07,LT,Lucky Tuesday,22,20,45,78,40,19,41,81,74,60,76
2008-10-08,MW,MidWeek,72,85,56,59,63,79,42,60,41,38,270
2008-10-09,FT,Fortune Thursday,54,19,37,60,41,16,42,27,68,87,79
2008-10-10,FB,Friday Bonanza,58,84,57,56,23,50,22,43,31,49,78
2008-10-11,NW,National Weekly,4,47,41,77,23,80,14,9,82,53,2400
2008-10-13,MS,Monday Special,28,7,62,44,61,38,25,43,75,24,166
2008-10-14,LT,Lucky Tuesday,82,60,31,43,35,72,8,13,78,67,77
2008-10-15,MW,MidWeek,11,65,13,15,61,55,68,59,25,67,271
2008-10-16,FT,Fortune Thursday,15,71,34,29,31,3,13,48,66,81,80
2008-10-17,FB,Friday Bonanza,56,42,35,20,51,39,63,30,44,49,79
2008-10-18,NW,National Weekly,26,10,2,78,40,21,69,17,82,50,2401
2008-10-20,MS,Monday Special,5,64,24,74,79,33,71,66,43,90,167
2008-10-21,LT,Lucky Tuesday,90,61,72,70,14,7,50,65,59,49,78
2008-10-22,MW,MidWeek,76,70,2,54,73,43,71,23,42,78,272
2008-10-23,FT,Fortune Thursday,41,74,16,82,58,20,67,68,64,89,81
2008-10-24,FB,Friday Bonanza,5,47,37,81,27,34,88,56,40,3,80
2008-10-25,NW,National Weekly,56,76,30,38,33,40,80,83,25,35,2402
2008-10-27,MS,Monday Special,5,18,6,90,82,2,37,28,77,83,168
2008-10-28,LT,Lucky Tuesday,85,9,73,56,58,77,69,13,10,27,79
2008-10-29,MW,MidWeek,31,66,84,24,59,47,44,20,46,6,273
2008-10-30,FT,Fortune Thursday,17,48,52,65,79,53,57,67,61,2,82
2008-10-31,FB,Friday Bonanza,87,13,37,40,34,70,88,69,47,61,81
2008-11-01,NW,National Weekly,70,58,11,44,45,19,68,43,28,53,2403
2008-11-03,MS,Monday Special,23,5,12,90,28,77,19,54,64,32,169
2008-11-04,LT,Lucky Tuesday,35,27,58,56,73,90,32,38,25,81,80
2008-11-05,MW,MidWeek,8,88,75,27,4,52,43,55,38,84,274
2008-11-06,FT,Fortune Thursday,55,85,30,38,47,63,40,73,51,36,83
2008-11-07,FB,Friday Bonanza,35,22,17,30,32,15,65,64,46,87,82
2008-11-08,NW,National Weekly,13,36,47,63,61,32,81,74,57,11,2404
2008-11-10,MS,Monday Special,59,46,22,48,53,11,20,55,73,7,170
2008-11-11,LT,Lucky Tuesday,90,15,4,50,88,22,63,59,77,3,81
2008-11-12,MW,MidWeek,58,60,55,68,78,49,4,1,7,12,275
2008-11-13,FT,Fortune Thursday,21,5,50,86,65,56,80,69,18,8,84
2008-11-14,FB,Friday Bonanza,81,6,37,30,2,65,28,44,17,68,83
2008-11-15,NW,National Weekly,57,38,17,23,69,46,16,82,40,6,2405
2008-11-17,MS,Monday Special,36,20,56,17,42,57,3,60,35,72,171
2008-11-18,LT,Lucky Tuesday,47,89,53,64,54,49,44,20,71,13,82
2008-11-19,MW,MidWeek,50,39,33,41,85,6,4,18,74,78,276
2008-11-20,FT,Fortune Thursday,29,88,22,33,35,65,25,87,72,47,85
2008-11-21,FB,Friday Bonanza,28,14,87,6,27,37,32,2,13,69,84
2008-11-22,NW,National Weekly,57,4,59,11,89,53,42,80,67,79,2406
2008-11-24,MS,Monday Special,42,64,5,79,51,28,6,74,26,19,172
2008-11-25,LT,Lucky Tuesday,21,65,67,78,90,48,1,28,2,32,83
2008-11-26,MW,MidWeek,14,64,87,50,54,46,80,4,81,19,277
2008-11-27,FT,Fortune Thursday,34,37,56,82,41,30,21,71,83,90,86
2008-11-28,FB,Friday Bonanza,36,80,85,11,7,58,5,63,55,68,85
2008-11-29,NW,National Weekly,56,32,44,46,16,66,41,58,33,79,2407
2008-12-01,MS,Monday Special,33,32,74,55,56,86,15,9,3,28,173
2008-12-02,LT,Lucky Tuesday,69,67,17,39,19,1,46,13,8,70,84
2008-12-03,MW,MidWeek,6,83,9,64,45,11,88,56,74,36,278
2008-12-04,FT,Fortune Thursday,76,17,12,53,81,75,22,15,11,21,87
2008-12-06,NW,National Weekly,71,39,58,21,13,23,1,16,40,26,2408
2008-12-09,LT,Lucky Tuesday,71,46,23,68,27,77,3,25,86,74,85
2008-12-10,MW,MidWeek,8,29,71,62,60,17,63,41,65,52,279
2008-12-11,FT,Fortune Thursday,54,85,76,14,6,48,31,50,49,16,88
2008-12-12,FB,Friday Bonanza,26,31,34,73,17,4,35,60,14,25,86
2008-12-13,NW,National Weekly,23,60,37,30,14,58,43,11,32,55,2409
2008-12-15,MS,Monday Special,84,70,61,25,26,74,14,28,44,89,174
2008-12-16,LT,Lucky Tuesday,36,1,16,68,69,64,6,71,35,17,86
2008-12-17,MW,MidWeek,5,64,57,85,25,44,34,35,54,55,280
2008-12-18,FT,Fortune Thursday,90,86,80,82,45,28,47,36,30,88,89
2008-12-19,FB,Friday Bonanza,56,53,15,72,89,70,86,50,84,40,87
2008-12-20,NW,National Weekly,44,25,12,18,31,19,8,50,13,33,2410
2008-12-22,MS,Monday Special,73,61,66,50,65,24,9,82,36,79,175
2008-12-23,LT,Lucky Tuesday,57,37,71,65,80,49,51,29,81,30,87
2008-12-24,MW,MidWeek,48,43,11,72,45,71,85,39,7,42,281
2008-12-27,NW,National Weekly,30,66,62,32,56,67,22,54,18,83,2411
2008-12-29,MS,Monday Special,41,71,11,25,45,23,2,28,18,85,176
2008-12-30,LT,Lucky Tuesday,34,58,84,61,30,76,60,38,9,54,88
2008-12-31,MW,MidWeek,82,14,57,59,70,88,76,29,27,84,282
2009-01-02,FB,Friday Bonanza,53,20,42,18,40,38,84,76,29,86,88
2009-01-03,NW,National Weekly,35,87,39,67,42,17,90,69,43,13,2412
2009-01-05,MS,Monday Special,54,81,4,30,37,28,41,82,83,32,177
2009-01-06,LT,Lucky Tuesday,42,63,66,83,81,75,35,7,85,26,89
2009-01-07,MW,MidWeek,63,7,36,88,74,85,14,75,71,66,283
2009-01-08,FT,Fortune Thursday,17,51,8,68,16,29,42,2,21,31,90
2009-01-09,FB,Friday Bonanza,67,43,45,87,63,64,50,7,86,11,89
2009-01-10,NW,National Weekly,20,79,72,35,28,70,9,81,5,83,2413
2009-01-12,MS,Monday Special,56,41,83,78,5,57,70,58,59,65,178
2009-01-13,LT,Lucky Tuesday,78,52,28,16,87,90,6,11,68,89,90
2009-01-14,MW,MidWeek,12,19,29,55,41,71,47,28,54,24,284
2009-01-15,FT,Fortune Thursday,3,25,12,33,49,66,83,51,7,31,91
2009-01-16,FB,Friday Bonanza,54,67,32,10,43,62,29,84,7,64,90
2009-01-17,NW,National Weekly,6,53,75,41,7,22,32,24,36,57,2414
2009-01-19,MS,Monday Special,39,55,81,22,20,78,64,85,17,30,179
2009-01-20,LT,Lucky Tuesday,64,48,57,88,28,15,73,6,4,44,91
2009-01-21,MW,MidWeek,34,90,20,51,56,27,79,81,65,54,285
2009-01-22,FT,Fortune Thursday,59,64,40,45,7,28,76,60,42,89,92
2009-01-23,FB,Friday Bonanza,31,79,63,55,22,72,14,77,11,23,91
2009-01-24,NW,National Weekly,58,71,77,8,55,63,47,45,68,54,2415
2009-01-26,MS,Monday Special,67,45,78,85,70,31,26,33,47,16,180
2009-01-27,LT,Lucky Tuesday,59,14,18,65,3,44,1,68,27,73,92
2009-01-28,MW,MidWeek,16,22,36,5,72,88,48,65,51,63,286
2009-01-29,FT,Fortune Thursday,15,65,28,37,17,3,49,18,45,32,93
2009-01-30,FB,Friday Bonanza,68,88,1,57,51,25,84,76,61,41,92
2009-01-31,NW,National Weekly,78,73,10,17,22,46,68,74,70,19,2416
2009-02-02,MS,Monday Special,6,68,41,83,42,39,7,27,74,66,181
2009-02-03,LT,Lucky Tuesday,47,85,59,57,23,76,22,46,14,2,93
2009-02-04,MW,MidWeek,6,87,29,2,56,30,42,49,24,74,287
2009-02-05,FT,Fortune Thursday,27,23,17,21,90,70,62,84,47,72,94
2009-02-06,FB,Friday Bonanza,20,36,85,30,41,35,10,49,83,26,93
2009-02-07,NW,National Weekly,35,87,67,79,88,38,74,50,29,54,2417
2009-02-09,MS,Monday Special,37,64,78,45,51,38,25,27,87,84,182
2009-02-10,LT,Lucky Tuesday,76,37,47,66,59,29,50,60,73,11,94
2009-02-11,MW,MidWeek,33,55,48,8,71,4,22,18,54,2,288
2009-02-12,FT,Fortune Thursday,63,72,24,90,31,41,43,29,9,59,95
2009-02-13,FB,Friday Bonanza,71,90,19,44,84,10,47,48,86,9,94
2009-02-14,NW,National Weekly,12,67,88,56,51,39,54,66,83,63,2418
2009-02-16,MS,Monday Special,83,85,52,26,43,24,76,31,71,11,183
2009-02-17,LT,Lucky Tuesday,12,53,5,64,88,78,90,38,16,48,95
2009-02-18,MW,MidWeek,40,18,44,13,65,72,35,36,77,62,289
2009-02-19,FT,Fortune Thursday,55,85,39,41,87,54,67,30,34,61,96
2009-02-20,FB,Friday Bonanza,42,51,1,57,6,48,83,47,60,76,95
2009-02-21,NW,National Weekly,80,14,83,69,10,71,53,12,22,42,2419
2009-02-23,MS,Monday Special,82,16,32,68,3,31,75,46,34,52,184
2009-02-24,LT,Lucky Tuesday,7,5,48,78,58,12,88,68,41,25,96
2009-02-25,MW,MidWeek,20,80,49,4,65,14,39,88,26,66,290
2009-02-26,FT,Fortune Thursday,70,60,36,74,28,9,58,44,62,38,97
2009-02-27,FB,Friday Bonanza,67,51,30,22,20,8,82,88,70,57,96
2009-02-28,NW,National Weekly,81,51,2,88,31,24,53,25,35,1,2420
2009-03-02,MS,Monday Special,27,66,25,28,14,3,65,61,8,73,185
2009-03-03,LT,Lucky Tuesday,80,64,49,52,24,34,41,47,54,75,97
2009-03-04,MW,MidWeek,77,78,74,39,73,40,52,3,12,49,291
2009-03-05,FT,Fortune Thursday,44,47,28,29,22,59,69,64,79,65,98
2009-03-07,NW,National Weekly,27,2,74,37,6,43,36,19,69,46,2421
2009-03-09,MS,Monday Special,44,13,68,72,64,17,46,75,33,12,186
2009-03-10,LT,Lucky Tuesday,61,33,23,7,20,42,5,64,48,89,98
2009-03-11,MW,MidWeek,89,44,78,15,27,19,60,30,18,36,292
2009-03-12,FT,Fortune Thursday,81,2,61,16,4,44,90,40,82,60,99
2009-03-13,FB,Friday Bonanza,1,26,13,12,27,72,17,41,43,53,97
2009-03-14,NW,National Weekly,5,39,73,43,64,90,51,55,16,61,2422
2009-03-16,MS,Monday Special,47,38,88,69,70,52,43,33,83,49,187
2009-03-17,LT,Lucky Tuesday,42,61,87,8,18,73,81,4,23,75,99
2009-03-18,MW,MidWeek,9,79,61,83,10,85,88,15,13,59,293
2009-03-19,FT,Fortune Thursday,50,66,20,9,84,16,13,78,67,57,100
2009-03-20,FB,Friday Bonanza,1,23,39,47,88,2,60,41,26,57,98
2009-03-21,NW,National Weekly,51,23,87,45,69,89,8,6,81,40,2423
2009-03-23,MS,Monday Special,56,51,40,6,19,36,90,17,65,32,188
2009-03-24,LT,Lucky Tuesday,13,46,10,49,50,70,53,17,8,16,100
2009-03-25,MW,MidWeek,62,82,25,59,74,73,23,85,5,20,294
2009-03-26,FT,Fortune Thursday,3,13,56,9,41,24,6,64,57,78,101
2009-03-27,FB,Friday Bonanza,44,2,63,10,73,67,42,59,7,21,99
2009-03-28,NW,National Weekly,77,33,34,3,7,52,22,84,20,39,2424
2009-03-30,MS,Monday Special,35,33,5,23,71,85,11,82,73,9,189
2009-03-31,LT,Lucky Tuesday,22,73,60,24,56,16,51,52,72,11,101
2009-04-01,MW,MidWeek,10,20,72,79,37,59,13,82,49,69,295
2009-04-02,FT,Fortune Thursday,37,41,68,53,59,67,14,52,82,12,102
2009-04-03,FB,Friday Bonanza,90,72,21,20,42,86,65,33,10,68,100
2009-04-04,NW,National Weekly,29,11,2,8,65,6,23,61,16,19,2425
2009-04-06,MS,Monday Special,58,64,60,22,53,7,90,34,62,81,190
2009-04-07,LT,Lucky Tuesday,43,17,31,23,42,34,1,16,50,85,102
2009-04-08,MW,MidWeek,32,14,4,65,11,35,34,79,43,61,296
2009-04-11,NW,National Weekly,42,54,1,25,5,65,34,16,7,46,2426
2009-04-14,LT,Lucky Tuesday,70,45,71,77,7,8,5,64,86,89,103
2009-04-15,MW,MidWeek,66,7,77,74,55,59,61,34,57,1,297
2009-04-16,FT,Fortune Thursday,24,66,3,76,67,89,75,81,53,58,103
2009-04-17,FB,Friday Bonanza,31,68,78,2,6,46,17,53,66,27,101
2009-04-18,NW,National Weekly,56,10,32,33,44,43,23,60,76,69,2427
2009-04-20,MS,Monday Special,54,80,60,87,33,39,68,19,81,64,191
2009-04-21,LT,Lucky Tuesday,24,52,9,44,39,37,81,75,60,1,104
2009-04-22,MW,MidWeek,42,69,4,58,9,57,8,31,86,30,298
2009-04-23,FT,Fortune Thursday,34,74,13,60,70,56,50,38,72,17,104
2009-04-24,FB,Friday Bonanza,88,51,44,49,50,85,72,30,67,81,102
2009-04-25,NW,National Weekly,7,55,61,26,10,68,90,16,83,23,2428
2009-04-27,MS,Monday Special,73,53,49,24,20,65,21,11,68,23,192
2009-04-28,LT,Lucky Tuesday,74,32,71,62,64,85,87,1,49,11,105
2009-04-29,MW,MidWeek,42,9,67,27,65,63,79,41,25,37,299
2009-04-30,FT,Fortune Thursday,27,47,90,36,18,7,59,84,80,81,105
2009-05-02,NW,National Weekly,41,35,89,5,44,34,8,42,33,76,2429
2009-05-04,MS,Monday Special,32,49,84,85,78,2,76,24,31,47,193
2009-05-05,LT,Lucky Tuesday,63,9,57,13,21,33,6,54,69,41,106
2009-05-06,MW,MidWeek,67,50,40,83,27,89,73,35,62,15,300
2009-05-07,FT,Fortune Thursday,47,6,45,2,77,3,85,9,86,21,106
2009-05-08,FB,Friday Bonanza,73,40,34,29,70,33,61,38,72,62,103
2009-05-09,NW,National Weekly,61,46,14,13,44,80,41,83,4,49,2430
2009-05-11,MS,Monday Special,74,82,26,67,33,42,78,37,75,44,194
2009-05-12,LT,Lucky Tuesday,10,84,63,26,85,89,19,6,71,67,107
2009-05-13,MW,MidWeek,45,52,26,38,75,13,35,33,39,9,301
2009-05-14,FT,Fortune Thursday,60,76,10,72,6,19,38,67,3,33,107
2009-05-15,FB,Friday Bonanza,26,13,42,34,19,39,73,72,40,60,104
2009-05-16,NW,National Weekly,56,88,67,8,61,35,60,79,34,45,2431
2009-05-18,MS,Monday Special,32,39,33,11,26,19,58,57,21,31,195
2009-05-19,LT,Lucky Tuesday,86,54,68,52,36,20,57,7,84,3,108
2009-05-20,MW,MidWeek,41,78,90,2,55,14,65,4,81,47,302
2009-05-21,FT,Fortune Thursday,2,19,3,9,18,29,81,40,59,23,108
2009-05-22,FB,Friday Bonanza,69,13,18,23,58,35,55,74,42,63,105
2009-05-23,NW,National Weekly,57,7,84,51,8,38,39,13,30,85,2432
2009-05-26,LT,Lucky Tuesday,37,47,43,24,65,62,4,34,15,53,109
2009-05-27,MW,MidWeek,63,39,19,21,80,26,51,61,25,45,303
2009-05-28,FT,Fortune Thursday,18,29,13,64,53,62,33,6,21,80,109
2009-05-29,FB,Friday Bonanza,34,65,5,86,54,16,72,64,56,74,106
2009-05-30,NW,National Weekly,54,42,66,31,74,81,88,24,70,50,2433
2009-06-01,MS,Monday Special,89,7,10,69,88,50,78,73,40,30,196
2009-06-02,LT,Lucky Tuesday,68,84,27,72,78,55,67,31,32,19,110
2009-06-03,MW,MidWeek,28,70,7,81,8,87,64,42,43,9,304
2009-06-04,FT,Fortune Thursday,82,13,24,84,61,47,49,71,85,48,110
2009-06-05,FB,Friday Bonanza,24,86,39,70,27,79,50,26,22,31,107
2009-06-06,NW,National Weekly,47,87,54,20,49,18,64,25,9,14,2434
2009-06-08,MS,Monday Special,34,22,68,85,35,13,43,41,82,20,197
2009-06-09,LT,Lucky Tuesday,20,59,74,57,49,41,25,18,51,39,111
2009-06-10,MW,MidWeek,26,59,66,43,52,23,47,16,82,51,305
2009-06-11,FT,Fortune Thursday,30,66,10,54,43,73,59,36,65,68,111
2009-06-12,FB,Friday Bonanza,78,90,34,12,48,82,4,27,68,15,108
2009-06-13,NW,National Weekly,56,11,55,51,38,45,25,23,78,52,2435
2009-06-15,MS,Monday Special,76,42,87,18,89,2,26,7,35,29,198
2009-06-16,LT,Lucky Tuesday,38,73,68,48,83,7,14,22,75,31,112
2009-06-17,MW,MidWeek,82,75,17,3,76,6,77,56,38,18,306
2009-06-18,FT,Fortune Thursday,18,39,87,42,32,14,34,33,16,60,112
2009-06-19,FB,Friday Bonanza,11,33,43,53,42,74,83,75,22,44,109
2009-06-20,NW,National Weekly,36,20,37,27,76,1,7,44,50,87,2436
2009-06-22,MS,Monday Special,18,27,51,63,75,10,14,73,1,85,199
2009-06-23,LT,Lucky Tuesday,54,13,89,78,90,35,69,86,20,53,113
2009-06-24,MW,MidWeek,27,46,20,29,61,17,53,47,25,21,307
2009-06-25,FT,Fortune Thursday,18,7,88,72,51,56,1,3,45,2,113
2009-06-26,FB,Friday Bonanza,55,73,21,66,6,23,80,82,12,35,110
2009-06-27,NW,National Weekly,60,47,63,8,15,32,34,4,68,85,2437
2009-06-29,MS,Monday Special,31,6,57,26,75,10,15,13,46,82,200
2009-06-30,LT,Lucky Tuesday,6,61,21,56,10,50,17,62,4,79,114
2009-07-02,FT,Fortune Thursday,88,32,41,38,72,12,78,70,79,45,114
2009-07-03,FB,Friday Bonanza,11,25,56,88,20,89,15,79,52,64,111
2009-07-04,NW,National Weekly,90,8,83,9,62,27,61,48,18,46,2438
2009-07-06,MS,Monday Special,7,4,89,1,17,66,49,67,2,25,201
2009-07-07,LT,Lucky Tuesday,62,10,17,27,1,11,76,40,53,30,115
2009-07-08,MW,MidWeek,28,37,6,41,57,31,20,82,3,55,308
2009-07-09,FT,Fortune Thursday,17,47,4,55,67,76,35,89,68,51,115
2009-07-10,FB,Friday Bonanza,32,46,20,26,42,73,89,39,90,31,112
2009-07-11,NW,National Weekly,85,49,76,86,29,67,83,3,63,56,2439
2009-07-13,MS,Monday Special,72,51,61,73,81,10,55,36,19,66,202
2009-07-14,LT,Lucky Tuesday,72,7,44,9,55,63,88,1,12,47,116
2009-07-15,MW,MidWeek,3,88,32,50,83,55,90,81,49,66,309
2009-07-16,FT,Fortune Thursday,24,63,50,3,71,82,61,36,19,45,116
2009-07-17,FB,Friday Bonanza,77,12,84,78,5,62,2,23,34,27,113
2009-07-18,NW,National Weekly,13,78,47,72,6,40,3,41,44,10,2440
2009-07-20,MS,Monday Special,6,82,42,58,51,7,5,1,63,45,203
2009-07-21,LT,Lucky Tuesday,62,57,24,84,44,39,9,22,69,4,117
2009-07-22,MW,MidWeek,5,69,43,56,68,55,28,71,65,49,310
2009-07-23,FT,Fortune Thursday,19,4,49,81,25,33,53,73,9,29,117
2009-07-24,FB,Friday Bonanza,50,43,81,86,4,72,47,29,12,36,114
2009-07-25,NW,National Weekly,62,38,88,54,46,9,44,42,2,28,2441
2009-07-27,MS,Monday Special,73,65,39,5,17,87,76,15,86,68,204
2009-07-28,LT,Lucky Tuesday,68,17,30,5,58,34,80,50,7,52,118
2009-07-29,MW,MidWeek,19,90,61,59,87,82,5,15,71,53,311
2009-07-30,FT,Fortune Thursday,39,47,80,20,44,84,85,70,77,42,118
2009-07-31,FB,Friday Bonanza,74,43,2,40,71,17,29,32,53,63,115
2009-08-01,NW,National Weekly,72,59,82,64,48,42,55,31,58,1,2442
2009-08-03,MS,Monday Special,37,45,22,77,43,8,38,10,87,28,205
2009-08-04,LT,Lucky Tuesday,87,37,56,42,15,78,74,90,36,75,119
2009-08-05,MW,MidWeek,15,72,60,40,47,74,23,68,28,38,312
2009-08-06,FT,Fortune Thursday,60,83,9,61,29,44,23,13,75,74,119
2009-08-07,FB,Friday Bonanza,56,47,40,59,16,24,39,6,77,25,116
2009-08-08,NW,National Weekly,63,88,7,89,85,71,48,52,54,86,2443
2009-08-10,MS,Monday Special,58,9,42,11,46,77,34,33,50,87,206
2009-08-11,LT,Lucky Tuesday,64,69,50,66,6,33,62,3,44,67,120
2009-08-12,MW,MidWeek,23,27,62,10,6,38,86,35,5,9,313
2009-08-13,FT,Fortune Thursday,12,42,72,77,80,83,16,38,28,23,120
2009-08-14,FB,Friday Bonanza,81,13,89,36,37,42,56,23,79,46,117
2009-08-15,NW,National Weekly,45,9,40,21,67,62,48,54,52,49,2444
2009-08-17,MS,Monday Special,32,4,9,67,71,12,45,26,14,56,207
2009-08-18,LT,Lucky Tuesday,17,68,6,16,3,79,14,40,51,45,121
2009-08-19,MW,MidWeek,14,43,41,3,56,69,30,39,61,83,314
2009-08-20,FT,Fortune Thursday,86,68,1,48,42,51,7,26,8,33,121
2009-08-21,FB,Friday Bonanza,62,20,21,9,7,78,73,77,50,75,118
2009-08-22,NW,National Weekly,3,31,44,5,43,72,45,50,76,10,2445
2009-08-24,MS,Monday Special,88,82,30,14,67,75,27,62,13,3,208
2009-08-25,LT,Lucky Tuesday,67,12,8,51,84,52,70,7,10,87,122
2009-08-26,MW,MidWeek,87,48,54,56,4,86,90,52,39,33,315
2009-08-27,FT,Fortune Thursday,22,90,36,4,10,32,35,43,88,75,122
2009-08-28,FB,Friday Bonanza,81,17,43,72,11,10,32,66,26,77,119
2009-08-29,NW,National Weekly,83,39,34,59,17,38,68,51,65,5,2446
2009-08-31,MS,Monday Special,40,64,79,63,65,22,89,37,59,13,209
2009-09-01,LT,Lucky Tuesday,7,68,25,55,65,17,5,18,86,48,123
2009-09-02,MW,MidWeek,2,7,9,16,38,65,86,32,55,51,316
2009-09-03,FT,Fortune Thursday,18,82,23,13,27,39,81,70,79,16,123
2009-09-04,FB,Friday Bonanza,23,43,58,16,17,57,72,41,90,86,120
2009-09-05,NW,National Weekly,44,48,3,24,26,69,90,88,53,19,2447
2009-09-07,MS,Monday Special,20,38,21,33,11,35,72,36,42,68,210
2009-09-08,LT,Lucky Tuesday,90,35,57,9,41,27,42,29,67,81,124
2009-09-09,MW,MidWeek,26,21,24,85,76,40,60,86,35,12,317
2009-09-10,FT,Fortune Thursday,75,65,79,49,64,29,4,63,8,60,124
2009-09-11,FB,Friday Bonanza,83,34,3,60,66,50,73,15,52,45,121
2009-09-12,NW,National Weekly,7,52,67,24,45,18,64,80,78,79,2448
2009-09-14,MS,Monday Special,86,10,88,7,34,83,84,33,30,23,211
2009-09-15,LT,Lucky Tuesday,22,16,87,19,52,51,47,77,20,6,125
2009-09-16,MW,MidWeek,88,27,62,83,22,4,25,6,57,5,318
2009-09-17,FT,Fortune Thursday,27,40,28,68,57,76,8,53,64,29,125
2009-09-18,FB,Friday Bonanza,21,35,20,86,79,7,50,84,72,59,122
2009-09-19,NW,National Weekly,14,43,83,58,75,18,89,4,28,26,2449
2009-09-22,LT,Lucky Tuesday,79,37,28,43,74,8,81,13,61,51,126
2009-09-23,MW,MidWeek,38,59,77,66,84,26,16,70,60,47,319
2009-09-24,FT,Fortune Thursday,51,75,80,71,7,35,1,79,61,55,126
2009-09-25,FB,Friday Bonanza,6,89,49,61,84,73,52,22,20,90,123
2009-09-26,NW,National Weekly,24,47,38,35,72,7,1,66,40,43,2450
2009-09-28,MS,Monday Special,61,40,55,63,3,76,5,84,29,57,212
2009-09-29,LT,Lucky Tuesday,32,45,35,51,59,83,48,27,4,68,127
2009-09-30,MW,MidWeek,67,45,52,85,30,76,75,68,63,27,320
2009-10-01,FT,Fortune Thursday,38,76,56,4,60,88,83,23,85,39,127
2009-10-02,FB,Friday Bonanza,36,84,47,25,16,37,20,53,31,52,124
2009-10-03,NW,National Weekly,9,40,75,24,11,8,78,14,76,65,2451
2009-10-05,MS,Monday Special,27,69,31,49,14,5,25,20,58,35,213
2009-10-06,LT,Lucky Tuesday,56,45,32,15,43,40,42,54,60,81,128
2009-10-07,MW,MidWeek,52,53,8,77,79,46,58,86,47,38,321
2009-10-08,FT,Fortune Thursday,62,39,71,53,51,10,34,43,58,36,128
2009-10-09,FB,Friday Bonanza,37,83,81,64,21,58,6,62,9,18,125
2009-10-10,NW,National Weekly,9,1,72,46,39,62,41,33,71,53,2452
2009-10-12,MS,Monday Special,24,49,45,64,80,1,56,63,12,17,214
2009-10-13,LT,Lucky Tuesday,20,85,31,62,16,1,14,24,57,18,129
2009-10-14,MW,MidWeek,76,85,56,27,24,20,83,71,48,62,322
2009-10-15,FT,Fortune Thursday,84,30,29,82,14,27,59,90,37,42,129
2009-10-16,FB,Friday Bonanza,7,1,3,50,22,20,18,32,40,25,126
2009-10-17,NW,National Weekly,41,50,37,4,51,55,59,1,68,71,2453
2009-10-19,MS,Monday Special,9,70,34,8,50,69,58,88,59,25,215
2009-10-20,LT,Lucky Tuesday,7,17,75,1,38,20,26,79,55,53,130
2009-10-21,MW,MidWeek,2,25,69,18,83,59,74,38,1,23,323
2009-10-22,FT,Fortune Thursday,78,35,1,6,28,21,10,25,56,42,130
2009-10-23,FB,Friday Bonanza,11,45,67,19,50,20,53,4,81,41,127
2009-10-24,NW,National Weekly,72,78,49,58,19,90,75,32,64,74,2454
2009-10-26,MS,Monday Special,50,1,76,86,72,89,32,14,82,19,216
2009-10-27,LT,Lucky Tuesday,14,18,90,19,74,75,84,79,26,31,131
2009-10-28,MW,MidWeek,1,72,4,30,40,7,84,42,57,6,324
2009-10-29,FT,Fortune Thursday,85,64,25,51,18,39,3,54,16,43,131
2009-10-30,FB,Friday Bonanza,68,65,5,39,7,12,52,1,14,29,128
2009-10-31,NW,National Weekly,89,37,72,53,56,20,70,84,13,44,2455
2009-11-02,MS,Monday Special,87,52,57,8,83,5,60,33,77,85,217
2009-11-03,LT,Lucky Tuesday,21,30,78,76,62,29,7,1,59,28,132
2009-11-04,MW,MidWeek,73,31,71,20,24,12,51,80,36,47,325
2009-11-05,FT,Fortune Thursday,69,71,74,52,26,11,77,1,32,30,132
2009-11-06,FB,Friday Bonanza,60,30,84,62,41,37,23,87,22,80,129
2009-11-07,NW,National Weekly,83,34,10,63,90,18,17,64,72,69,2456
2009-11-09,MS,Monday Special,18,68,88,31,89,56,82,25,20,46,218
2009-11-10,LT,Lucky Tuesday,79,36,67,46,34,16,78,24,40,81,133
2009-11-11,MW,MidWeek,11,40,39,9,53,59,20,84,70,52,326
2009-11-12,FT,Fortune Thursday,42,40,90,59,66,5,51,68,12,50,133
2009-11-13,FB,Friday Bonanza,18,84,10,1,41,38,50,33,74,8,130
2009-11-14,NW,National Weekly,76,70,18,34,43,36,24,45,33,29,2457
2009-11-16,MS,Monday Special,37,75,8,76,71,34,68,6,86,84,219
2009-11-17,LT,Lucky Tuesday,8,49,65,89,11,78,72,37,38,9,134
2009-11-18,MW,MidWeek,27,2,56,23,10,72,45,41,44,53,327
2009-11-19,FT,Fortune Thursday,8,88,35,71,59,7,47,60,76,26,134
2009-11-20,FB,Friday Bonanza,40,64,28,87,60,38,17,1,35,70,131
2009-11-21,NW,National Weekly,15,54,85,80,26,21,81,46,57,55,2458
2009-11-23,MS,Monday Special,65,25,61,46,19,73,90,80,81,4,220
2009-11-24,LT,Lucky Tuesday,90,24,30,13,65,56,66,45,20,35,135
2009-11-25,MW,MidWeek,47,25,18,13,43,85,52,51,15,88,328
2009-11-26,FT,Fortune Thursday,29,25,79,1,66,44,50,80,78,85,135
2009-11-28,NW,National Weekly,44,80,36,57,81,28,29,90,86,20,2459
2009-11-30,MS,Monday Special,50,18,76,33,46,9,19,54,78,28,221
2009-12-01,LT,Lucky Tuesday,60,10,70,18,30,26,58,57,38,64,136
2009-12-02,MW,MidWeek,82,63,88,68,49,16,55,76,21,6,329
2009-12-03,FT,Fortune Thursday,87,75,10,65,59,70,82,27,77,73,136
2009-12-05,NW,National Weekly,8,86,4,84,51,66,13,2,39,58,2460
2009-12-07,MS,Monday Special,68,75,10,65,86,89,70,50,76,37,222
2009-12-08,LT,Lucky Tuesday,23,7,68,15,79,75,2,62,81,29,137
2009-12-09,MW,MidWeek,17,25,71,23,89,22,69,40,76,83,330
2009-12-10,FT,Fortune Thursday,55,52,88,15,36,25,43,49,82,21,137
2009-12-11,FB,Friday Bonanza,28,69,73,68,29,47,88,43,23,84,132
2009-12-12,NW,National Weekly,58,2,36,80,81,44,33,85,52,65,2461
2009-12-14,MS,Monday Special,7,17,74,27,12,79,81,34,10,73,223
2009-12-15,LT,Lucky Tuesday,47,79,22,24,31,87,1,11,35,74,138
2009-12-16,MW,MidWeek,66,29,14,12,8,68,5,16,80,37,331
2009-12-17,FT,Fortune Thursday,69,81,44,12,55,88,25,50,54,24,138
2009-12-18,FB,Friday Bonanza,83,21,29,11,1,79,33,85,43,70,133
2009-12-19,NW,National Weekly,26,64,30,14,48,65,17,75,60,51,2462
2009-12-21,MS,Monday Special,23,61,30,83,88,69,82,32,26,48,224
2009-12-22,LT,Lucky Tuesday,78,64,90,81,22,47,44,67,16,42,139
2009-12-23,MW,MidWeek,32,40,72,75,34,53,73,49,81,63,332
2009-12-26,NW,National Weekly,72,43,51,60,1,74,25,35,22,71,2463
2009-12-29,LT,Lucky Tuesday,69,1,45,90,33,15,10,4,78,43,140
2009-12-30,MW,MidWeek,54,58,30,5,48,77,9,39,23,47,333
2009-12-31,FT,Fortune Thursday,28,65,4,63,62,20,50,69,72,74,139
2010-01-02,NW,National Weekly,8,67,23,49,51,61,30,42,26,64,2464
2010-01-04,MS,Monday Special,46,25,70,80,2,84,47,49,50,90,225
2010-01-05,LT,Lucky Tuesday,67,71,14,58,36,9,63,12,2,69,141
2010-01-06,MW,MidWeek,78,28,6,69,18,81,36,55,68,84,334
2010-01-07,FT,Fortune Thursday,26,20,75,45,73,18,33,74,51,36,140
2010-01-08,FB,Friday Bonanza,47,88,7,84,39,87,64,59,62,44,134
2010-01-09,NW,National Weekly,90,76,61,32,27,1,31,18,39,89,2465
2010-01-11,MS,Monday Special,17,36,49,54,64,80,66,3,40,1,226
2010-01-12,LT,Lucky Tuesday,79,11,89,61,7,53,58,31,13,71,142
2010-01-13,MW,MidWeek,72,77,23,90,88,6,14,39,58,81,335
2010-01-14,FT,Fortune Thursday,77,37,87,60,49,39,33,79,38,65,141
2010-01-15,FB,Friday Bonanza,40,11,83,59,78,72,14,6,57,38,135
2010-01-16,NW,National Weekly,41,13,40,1,31,50,57,11,58,55,2466
2010-01-18,MS,Monday Special,87,46,74,28,77,47,80,32,34,18,227
2010-01-19,LT,Lucky Tuesday,63,53,9,59,87,73,38,16,86,4,143
2010-01-20,MW,MidWeek,27,34,40,41,2,77,6,20,61,32,336
2010-01-21,FT,Fortune Thursday,43,77,66,80,63,82,14,23,64,84,142
2010-01-22,FB,Friday Bonanza,36,39,59,88,89,83,46,85,7,48,136
2010-01-23,NW,National Weekly,14,40,15,73,49,47,43,54,4,62,2467
2010-01-25,MS,Monday Special,20,62,11,64,77,41,69,39,24,71,228
2010-01-26,LT,Lucky Tuesday,8,76,18,50,74,5,14,58,19,80,144
2010-01-27,MW,MidWeek,4,70,30,69,72,41,79,60,68,3,337
2010-01-28,FT,Fortune Thursday,29,27,10,86,85,70,33,76,16,75,143
2010-01-29,FB,Friday Bonanza,23,45,7,86,36,46,14,57,12,41,137
2010-01-30,NW,National Weekly,35,51,20,57,44,24,17,23,43,22,2468
2010-02-01,MS,Monday Special,54,19,12,88,9,3,24,59,29,49,229
2010-02-02,LT,Lucky Tuesday,68,72,78,90,79,46,73,84,52,1,145
2010-02-03,MW,MidWeek,83,14,5,47,68,86,62,33,31,57,338
2010-02-04,FT,Fortune Thursday,2,59,22,11,85,40,49,80,88,66,144
2010-02-05,FB,Friday Bonanza,39,90,72,43,42,9,7,70,81,78,138
2010-02-06,NW,National Weekly,35,12,87,88,4,26,3,37,23,50,2469
2010-02-08,MS,Monday Special,51,2,61,33,47,40,68,35,13,9,230
2010-02-09,LT,Lucky Tuesday,62,73,78,25,8,89,15,41,19,70,146
2010-02-10,MW,MidWeek,23,40,49,74,55,5,21,45,7,16,339
2010-02-11,FT,Fortune Thursday,50,8,26,57,63,36,32,81,43,74,145
2010-02-12,FB,Friday Bonanza,68,6,30,65,88,11,66,14,57,79,139
2010-02-13,NW,National Weekly,3,14,47,5,27,57,52,20,36,77,2470
2010-02-15,MS,Monday Special,13,57,85,32,50,3,7,2,37,21,231
2010-02-16,LT,Lucky Tuesday,35,1,22,52,6,74,75,31,4,10,147
2010-02-17,MW,MidWeek,31,40,70,2,16,9,5,83,37,18,340
2010-02-18,FT,Fortune Thursday,49,90,61,74,77,42,72,81,60,86,146
2010-02-19,FB,Friday Bonanza,71,25,60,81,57,55,88,85,41,46,140
2010-02-20,NW,National Weekly,21,16,58,64,10,20,6,26,59,54,2471
2010-02-22,MS,Monday Special,33,84,55,47,69,13,6,22,90,75,232
2010-02-23,LT,Lucky Tuesday,22,32,54,34,60,41,55,7,37,2,148
2010-02-24,MW,MidWeek,48,64,84,2,58,3,39,52,20,40,341
2010-02-25,FT,Fortune Thursday,39,86,27,15,29,55,88,90,26,84,147
2010-02-26,MS,Monday Special,2,61,86,57,73,35,85,28,34,9,239
2010-02-26,FB,Friday Bonanza,83,11,49,68,75,39,34,90,84,14,141
2010-02-27,NW,National Weekly,9,69,8,6,28,44,3,4,41,23,2472
2010-03-01,MS,Monday Special,71,68,29,40,90,53,58,65,43,10,233
2010-03-02,LT,Lucky Tuesday,68,49,56,25,82,18,21,36,74,11,149
2010-03-03,MW,MidWeek,67,86,57,62,72,84,39,81,82,46,342
2010-03-04,FT,Fortune Thursday,89,44,25,31,3,66,5,26,33,79,148
2010-03-05,FB,Friday Bonanza,34,62,40,6,59,74,78,26,72,43,142
2010-03-06,NW,National Weekly,54,48,45,49,61,36,85,40,89,16,2473
2010-03-09,LT,Lucky Tuesday,83,55,43,63,7,11,53,36,65,48,150
2010-03-10,MW,MidWeek,62,61,89,2,48,63,75,37,90,19,343
2010-03-11,FT,Fortune Thursday,52,44,20,13,3,39,67,56,72,23,149
2010-03-12,FB,Friday Bonanza,16,24,80,29,82,74,58,88,14,79,143
2010-03-13,NW,National Weekly,35,81,42,55,23,34,18,36,50,30,2474
2010-03-15,MS,Monday Special,42,78,84,45,57,30,55,1,79,58,234
2010-03-16,LT,Lucky Tuesday,76,57,54,36,12,32,45,15,20,65,151
2010-03-17,MW,MidWeek,89,62,10,53,43,66,35,31,49,7,344
2010-03-18,FT,Fortune Thursday,23,82,48,21,39,71,40,73,9,53,150
2010-03-19,FB,Friday Bonanza,31,75,29,84,87,65,83,62,3,69,144
2010-03-20,NW,National Weekly,69,29,62,72,32,60,17,35,16,48,2475
2010-03-22,MS,Monday Special,33,36,84,75,52,54,77,28,85,20,235
2010-03-23,LT,Lucky Tuesday,63,29,51,64,71,30,79,50,28,19,152
2010-03-24,MW,MidWeek,33,69,30,63,27,13,87,28,11,44,345
2010-03-25,FT,Fortune Thursday,7,16,54,83,13,11,77,49,61,44,151
2010-03-26,FB,Friday Bonanza,36,50,60,3,21,69,83,11,66,65,145
2010-03-27,NW,National Weekly,11,25,38,89,57,39,5,56,34,27,2476
2010-03-29,MS,Monday Special,69,24,50,90,70,7,35,52,4,29,236
2010-03-30,LT,Lucky Tuesday,19,18,64,65,74,61,43,62,71,6,153
2010-03-31,MW,MidWeek,34,41,46,87,43,24,71,79,6,25,346
2010-04-03,NW,National Weekly,7,41,5,37,83,69,25,54,53,31,2477
2010-04-06,LT,Lucky Tuesday,79,24,83,65,14,60,15,75,1,25,154
2010-04-07,MW,MidWeek,50,51,73,43,59,12,9,80,69,77,347
2010-04-08,FT,Fortune Thursday,15,3,65,60,29,2,47,28,24,30,152
2010-04-09,FB,Friday Bonanza,12,22,30,70,5,90,20,49,31,50,146
2010-04-10,NW,National Weekly,83,18,20,60,88,75,86,39,90,76,2478
2010-04-12,MS,Monday Special,54,78,50,76,81,77,5,61,23,67,237
2010-04-13,LT,Lucky Tuesday,23,40,57,87,18,34,39,2,4,49,155
2010-04-14,MW,MidWeek,4,84,46,27,41,26,80,39,11,59,348
2010-04-15,FT,Fortune Thursday,23,19,82,63,15,4,54,11,49,83,153
2010-04-16,FB,Friday Bonanza,69,34,12,62,23,33,5,89,3,68,147
2010-04-17,NW,National Weekly,45,1,81,53,7,73,17,86,30,8,2479
2010-04-19,MS,Monday Special,3,18,21,55,50,49,2,13,44,36,238
2010-04-20,LT,Lucky Tuesday,7,75,89,12,56,69,80,61,77,26,156
2010-04-21,MW,MidWeek,26,32,62,22,46,85,14,39,27,86,349
2010-04-22,FT,Fortune Thursday,75,22,17,30,64,67,44,13,59,74,154
2010-04-23,FB,Friday Bonanza,45,6,60,7,49,25,29,44,78,12,148
2010-04-24,NW,National Weekly,70,63,6,31,46,23,10,88,47,69,2480
2010-04-27,LT,Lucky Tuesday,13,20,83,11,80,1,27,31,69,35,157
2010-04-28,MW,MidWeek,59,78,71,90,70,44,55,26,52,28,350
2010-04-29,FT,Fortune Thursday,32,86,48,37,70,74,58,84,20,9,155
2010-04-30,FB,Friday Bonanza,79,69,62,60,7,16,52,87,25,40,149
2010-05-01,NW,National Weekly,64,7,76,53,2,50,1,6,29,80,2481
2010-05-04,LT,Lucky Tuesday,44,88,65,42,51,67,59,8,79,43,158
2010-05-05,MW,MidWeek,82,67,20,71,17,41,4,57,66,25,351
2010-05-06,FT,Fortune Thursday,28,68,11,82,75,33,24,41,23,77,156
2010-05-07,FB,Friday Bonanza,57,77,25,38,5,81,26,85,40,17,150
2010-05-08,NW,National Weekly,58,76,36,69,65,72,29,19,55,51,2482
2010-05-10,MS,Monday Special,15,77,53,26,35,62,85,87,83,18,240
2010-05-11,LT,Lucky Tuesday,31,76,8,32,37,16,47,46,41,85,159
2010-05-12,MW,MidWeek,12,85,87,64,80,14,31,88,26,79,352
2010-05-13,FT,Fortune Thursday,28,84,42,70,1,29,48,36,57,77,157
2010-05-14,FB,Friday Bonanza,68,2,7,12,52,8,35,28,14,25,151
2010-05-15,NW,National Weekly,26,28,15,36,31,9,18,52,3,62,2483
2010-05-17,MS,Monday Special,67,84,66,32,10,26,9,38,49,89,241
2010-05-18,LT,Lucky Tuesday,4,7,52,20,6,17,23,14,83,29,160
2010-05-19,MW,MidWeek,17,16,90,65,40,51,72,53,32,10,353
2010-05-20,FT,Fortune Thursday,62,41,40,48,84,12,8,55,16,67,158
2010-05-21,FB,Friday Bonanza,41,9,63,2,40,59,18,89,71,80,152
2010-05-22,NW,National Weekly,40,22,73,37,53,62,25,8,32,52,2484
2010-05-24,MS,Monday Special,33,64,70,66,77,2,76,44,20,48,242
2010-05-26,MW,MidWeek,2,82,4,29,41,35,7,73,85,42,354
2010-05-27,FT,Fortune Thursday,32,68,77,89,85,43,47,49,44,29,159
2010-05-28,FB,Friday Bonanza,11,12,81,64,15,51,22,21,18,71,153
2010-05-29,NW,National Weekly,60,67,78,43,9,66,17,38,39,85,2485
2010-05-31,MS,Monday Special,90,78,29,41,75,88,74,5,58,55,243
2010-06-01,LT,Lucky Tuesday,78,7,44,86,8,13,36,73,10,57,161
2010-06-02,MW,MidWeek,73,28,43,56,84,44,55,5,19,76,355
2010-06-03,FT,Fortune Thursday,13,55,14,42,7,29,1,69,64,3,160
2010-06-04,FB,Friday Bonanza,90,63,9,43,5,7,41,39,45,48,154
2010-06-05,NW,National Weekly,86,76,77,74,3,70,14,1,31,6,2486
2010-06-07,MS,Monday Special,44,69,63,78,9,75,45,47,48,2,244
2010-06-08,LT,Lucky Tuesday,66,28,48,62,50,43,78,67,33,35,162
2010-06-09,MW,MidWeek,59,23,11,39,32,3,76,29,21,61,356
2010-06-10,FT,Fortune Thursday,50,7,5,64,49,58,90,46,8,29,161
2010-06-11,FB,Friday Bonanza,87,14,79,3,63,39,33,78,18,19,155
2010-06-12,NW,National Weekly,62,44,57,46,53,65,56,64,28,42,2487
2010-06-14,MS,Monday Special,58,44,59,72,36,70,8,9,90,15,245
2010-06-15,LT,Lucky Tuesday,11,40,56,49,59,43,22,75,28,10,163
2010-06-16,MW,MidWeek,85,70,54,15,42,39,40,4,5,62,357
2010-06-17,FT,Fortune Thursday,9,17,6,49,53,51,35,1,21,23,162
2010-06-18,FB,Friday Bonanza,7,27,29,26,13,70,65,54,40,81,156
2010-06-19,NW,National Weekly,40,62,85,22,43,11,80,84,38,12,2488
2010-06-21,MS,Monday Special,63,61,78,81,52,90,51,43,70,44,246
2010-06-22,LT,Lucky Tuesday,29,6,54,37,16,66,63,55,79,56,164
2010-06-23,MS,Monday Special,77,56,57,13,43,37,3,75,55,53,255
2010-06-23,MW,MidWeek,80,7,51,47,32,25,59,22,55,34,358
2010-06-24,FT,Fortune Thursday,42,75,20,65,55,81,78,68,56,82,163
2010-06-25,FB,Friday Bonanza,71,21,14,75,47,55,7,77,89,33,157
2010-06-26,NW,National Weekly,32,68,69,76,28,80,88,40,50,26,2489
2010-06-28,MS,Monday Special,59,33,74,78,81,48,67,15,71,28,247
2010-06-29,LT,Lucky Tuesday,90,31,8,33,89,13,41,42,52,20,165
2010-06-30,MW,MidWeek,25,9,88,62,24,78,7,5,42,72,359
2010-07-02,FB,Friday Bonanza,52,62,28,32,50,49,12,54,80,75,158
2010-07-03,NW,National Weekly,82,49,28,76,64,68,72,60,25,10,2490
2010-07-05,MS,Monday Special,80,58,35,28,22,67,38,45,5,25,248
2010-07-06,LT,Lucky Tuesday,11,32,42,73,74,9,13,34,90,14,166
2010-07-07,MW,MidWeek,59,61,88,16,27,48,11,78,64,47,360
2010-07-08,FT,Fortune Thursday,75,47,39,7,82,11,15,90,44,62,164
2010-07-09,FB,Friday Bonanza,68,18,5,52,24,89,32,36,90,12,159
2010-07-10,NW,National Weekly,86,67,2,88,27,85,24,53,58,5,2491
2010-07-12,MS,Monday Special,46,60,52,38,5,19,13,44,84,41,249
2010-07-13,LT,Lucky Tuesday,54,20,61,37,75,1,88,22,15,4,167
2010-07-14,MW,MidWeek,73,60,37,49,56,10,44,71,38,5,361
2010-07-15,FT,Fortune Thursday,16,63,52,27,19,28,26,48,41,73,165
2010-07-16,FB,Friday Bonanza,87,10,19,58,41,73,74,70,85,42,160
2010-07-17,NW,National Weekly,19,38,23,79,66,73,71,1,27,72,2492
2010-07-19,MS,Monday Special,58,65,56,39,4,77,45,15,12,14,250
2010-07-20,LT,Lucky Tuesday,28,41,45,9,46,27,86,25,1,4,168
2010-07-21,MW,MidWeek,23,41,26,38,75,11,20,47,86,87,362
2010-07-22,FT,Fortune Thursday,49,56,89,17,48,90,77,54,73,85,166
2010-07-23,FB,Friday Bonanza,66,3,90,22,6,25,87,53,74,49,161
2010-07-24,NW,National Weekly,70,62,14,4,78,72,8,73,60,34,2493
2010-07-26,MS,Monday Special,87,62,76,53,68,52,44,11,34,25,251
2010-07-27,LT,Lucky Tuesday,81,61,6,34,33,65,2,38,66,69,169
2010-07-28,MW,MidWeek,86,47,53,84,51,80,55,35,44,38,363
2010-07-29,FT,Fortune Thursday,39,13,84,1,38,71,28,31,9,36,167
2010-07-30,FB,Friday Bonanza,51,36,56,39,60,55,43,40,74,77,162
2010-07-31,NW,National Weekly,12,22,50,44,57,45,37,55,86,26,2494
2010-08-02,MS,Monday Special,3,28,16,14,84,37,57,1,46,40,252
2010-08-03,LT,Lucky Tuesday,17,72,85,12,73,88,52,31,56,2,170
2010-08-04,MW,MidWeek,8,30,52,14,77,55,12,38,71,6,364
2010-08-05,FT,Fortune Thursday,15,52,61,37,14,36,45,74,1,72,168
2010-08-06,FB,Friday Bonanza,66,89,61,54,90,70,49,9,36,14,163
2010-08-07,NW,National Weekly,47,45,58,88,82,67,10,28,32,87,2495
2010-08-09,MS,Monday Special,29,60,44,18,41,85,43,22,57,36,253
2010-08-10,LT,Lucky Tuesday,73,79,42,70,45,65,26,23,41,71,171
2010-08-11,MW,MidWeek,76,31,16,49,86,72,70,1,66,62,365
2010-08-12,FT,Fortune Thursday,87,40,50,38,16,61,57,14,31,75,169
2010-08-13,FB,Friday Bonanza,66,63,74,30,14,4,41,50,13,44,164
2010-08-14,NW,National Weekly,32,2,7,80,16,21,14,26,10,6,2496
2010-08-16,MS,Monday Special,82,22,4,41,29,77,2,38,40,81,254
2010-08-17,LT,Lucky Tuesday,41,44,50,53,60,42,8,40,14,51,172
2010-08-18,MW,MidWeek,89,83,50,17,44,73,28,66,34,27,366
2010-08-19,FT,Fortune Thursday,16,54,35,34,39,50,3,23,61,90,170
2010-08-20,FB,Friday Bonanza,43,9,2,36,35,1,53,28,79,77,165
2010-08-21,NW,National Weekly,4,1,16,3,62,72,48,50,21,53,2497
2010-08-24,LT,Lucky Tuesday,43,76,32,8,34,33,90,89,86,77,173
2010-08-25,MW,MidWeek,2,56,80,46,29,67,17,47,64,79,367
2010-08-26,FT,Fortune Thursday,26,38,15,77,63,51,76,24,36,85,171
2010-08-27,FB,Friday Bonanza,63,19,61,31,55,85,68,44,15,67,166
2010-08-28,NW,National Weekly,51,10,40,71,34,13,21,26,57,84,2498
2010-08-30,MS,Monday Special,44,70,5,48,36,57,4,25,34,81,256
2010-08-31,LT,Lucky Tuesday,57,15,14,86,47,30,56,87,7,50,174
2010-09-01,MW,MidWeek,39,49,65,59,47,4,64,74,80,57,368
2010-09-02,FT,Fortune Thursday,21,28,42,35,83,63,87,58,55,11,172
2010-09-03,FB,Friday Bonanza,48,67,74,6,18,23,49,84,46,17,167
2010-09-04,NW,National Weekly,66,47,10,35,52,61,29,72,32,27,2499
2010-09-06,MS,Monday Special,88,62,51,21,12,29,77,80,35,7,257
2010-09-07,LT,Lucky Tuesday,26,17,29,50,72,70,6,60,65,3,175
2010-09-08,MW,MidWeek,51,80,26,50,70,68,83,30,7,60,369
2010-09-09,FT,Fortune Thursday,47,56,85,80,18,12,25,31,38,75,173
2010-09-11,NW,National Weekly,26,85,44,38,3,29,27,73,83,13,2500
2010-09-13,MS,Monday Special,22,86,34,37,10,13,65,85,79,64,258
2010-09-14,LT,Lucky Tuesday,47,13,15,62,50,45,84,63,48,5,176
2010-09-15,MW,MidWeek,42,12,1,65,47,76,29,27,62,79,370
2010-09-16,FT,Fortune Thursday,7,71,69,17,67,43,31,4,16,79,174
2010-09-17,FB,Friday Bonanza,35,68,75,25,55,59,77,90,44,33,168
2010-09-18,NW,National Weekly,65,36,75,30,19,50,46,10,87,35,2501
2010-09-20,MS,Monday Special,81,24,5,36,16,21,55,38,9,72,259
2010-09-22,MW,MidWeek,1,55,27,8,74,33,58,12,43,52,371
2010-09-23,FT,Fortune Thursday,50,14,41,59,82,7,67,4,78,73,175
2010-09-24,FB,Friday Bonanza,74,89,47,78,59,75,88,37,50,21,169
2010-09-25,NW,National Weekly,2,69,19,83,90,5,15,68,63,89,2502
2010-09-27,MS,Monday Special,73,86,24,20,19,49,36,26,43,18,260
2010-09-28,LT,Lucky Tuesday,9,4,84,5,47,44,8,34,38,76,177
2010-09-29,MW,MidWeek,78,42,87,67,49,51,9,73,66,59,372
2010-09-30,FT,Fortune Thursday,5,52,68,78,16,19,54,76,67,32,176
2010-10-01,FB,Friday Bonanza,6,79,17,57,83,75,81,87,56,4,170
2010-10-02,NW,National Weekly,53,23,16,87,89,76,80,8,65,22,2503
2010-10-04,MS,Monday Special,14,77,26,27,80,46,63,54,6,36,261
2010-10-05,LT,Lucky Tuesday,61,64,65,19,2,30,15,34,35,1,178
2010-10-06,MW,MidWeek,64,17,48,32,38,75,78,9,35,5,373
2010-10-07,FT,Fortune Thursday,14,68,77,42,29,90,76,86,8,78,177
2010-10-08,FB,Friday Bonanza,85,15,32,12,83,31,82,61,43,90,171
2010-10-09,NW,National Weekly,15,69,20,24,18,52,59,1,27,39,2504
2010-10-11,MS,Monday Special,53,56,58,50,6,79,23,54,34,4,262
2010-10-12,LT,Lucky Tuesday,42,47,71,43,50,70,14,84,22,80,179
2010-10-13,MW,MidWeek,72,41,29,77,36,60,47,64,59,23,374
2010-10-14,FT,Fortune Thursday,38,88,22,64,36,71,16,26,27,78,178
2010-10-15,FB,Friday Bonanza,85,68,39,2,79,58,80,49,60,29,172
2010-10-16,NW,National Weekly,90,16,89,67,22,15,17,27,31,58,2505
2010-10-18,MS,Monday Special,36,20,59,79,58,33,78,35,37,12,263
2010-10-19,LT,Lucky Tuesday,4,76,61,53,45,27,78,5,15,3,180
2010-10-20,MW,MidWeek,26,51,75,14,39,34,42,76,11,22,375
2010-10-21,FT,Fortune Thursday,8,31,24,81,1,70,26,14,33,30,179
2010-10-22,FB,Friday Bonanza,30,23,34,29,20,78,77,25,46,63,173
2010-10-23,NW,National Weekly,59,7,80,71,85,54,64,22,13,36,2506
2010-10-25,MS,Monday Special,36,47,66,35,79,45,31,1,32,81,264
2010-10-26,LT,Lucky Tuesday,64,63,45,39,18,42,57,12,85,5,181
2010-10-27,MW,MidWeek,56,61,39,50,19,81,24,54,1,12,376
2010-10-28,FT,Fortune Thursday,51,7,69,78,55,18,23,49,77,65,180
2010-10-29,FB,Friday Bonanza,7,3,46,18,62,43,17,53,87,75,174
2010-10-30,NW,National Weekly,40,88,1,36,89,41,42,84,67,72,2507
2010-11-01,MS,Monday Special,2,35,84,55,61,89,3,32,68,43,265
2010-11-02,LT,Lucky Tuesday,63,69,12,25,49,72,4,23,16,50,182
2010-11-03,MW,MidWeek,64,8,23,11,5,80,48,66,77,20,377
2010-11-04,FT,Fortune Thursday,37,89,70,11,90,79,9,41,27,56,181
2010-11-05,FB,Friday Bonanza,25,19,47,24,2,53,56,72,41,7,175
2010-11-06,NW,National Weekly,14,55,47,23,43,85,73,8,49,19,2508
2010-11-08,MS,Monday Special,21,25,15,46,65,82,75,24,49,33,266
2010-11-09,LT,Lucky Tuesday,67,83,51,85,43,72,41,31,45,88,183
2010-11-10,MW,MidWeek,33,12,72,81,19,5,52,54,87,20,378
2010-11-11,FT,Fortune Thursday,14,36,13,46,34,74,83,49,65,21,182
2010-11-12,FB,Friday Bonanza,7,73,64,39,66,49,83,3,29,65,176
2010-11-13,NW,National Weekly,29,63,23,12,89,41,28,42,26,58,2509
2010-11-15,MS,Monday Special,80,38,40,90,21,2,55,9,30,19,267
2010-11-17,MW,MidWeek,17,87,36,37,57,39,52,40,38,66,379
2010-11-18,FT,Fortune Thursday,82,38,4,49,29,68,24,22,53,32,183
2010-11-19,FB,Friday Bonanza,52,3,37,42,88,56,81,33,22,15,177
2010-11-20,NW,National Weekly,87,29,70,66,61,73,36,38,12,48,2510
2010-11-22,MS,Monday Special,27,3,30,83,70,50,2,41,82,47,268
2010-11-23,LT,Lucky Tuesday,38,7,12,64,69,13,42,47,4,73,184
2010-11-24,MW,MidWeek,84,77,3,2,28,55,42,67,63,71,380
2010-11-25,FT,Fortune Thursday,29,32,54,62,40,87,56,15,79,33,184
2010-11-26,FB,Friday Bonanza,22,36,7,29,38,2,81,25,45,59,178
2010-11-27,NW,National Weekly,86,13,72,60,3,44,45,79,59,41,2511
2010-11-29,MS,Monday Special,42,66,20,53,48,68,26,31,8,75,269
2010-11-30,LT,Lucky Tuesday,79,24,6,51,56,14,11,58,33,35,185
2010-12-01,MW,MidWeek,73,89,1,20,84,28,74,31,32,62,381
2010-12-02,FT,Fortune Thursday,41,25,80,87,11,21,88,76,62,34,185
2010-12-04,NW,National Weekly,5,71,65,2,19,11,10,59,37,68,2512
2010-12-06,MS,Monday Special,6,82,90,29,25,50,73,40,26,62,270
2010-12-07,LT,Lucky Tuesday,13,89,34,42,62,56,22,72,16,57,186
2010-12-08,MW,MidWeek,56,21,29,47,18,86,4,3,12,53,382
2010-12-09,FT,Fortune Thursday,49,85,56,88,16,80,54,41,63,71,186
2010-12-10,FB,Friday Bonanza,58,65,3,47,23,9,79,84,77,36,179
2010-12-11,NW,National Weekly,62,42,7,88,66,87,15,30,20,28,2513
2010-12-13,MS,Monday Special,35,21,19,83,58,22,36,65,44,10,271
2010-12-14,LT,Lucky Tuesday,68,19,61,51,73,76,8,44,81,63,187
2010-12-15,MW,MidWeek,17,9,87,72,16,48,6,32,78,60,383
2010-12-16,FT,Fortune Thursday,54,90,13,53,49,35,75,43,16,39,187
2010-12-17,FB,Friday Bonanza,9,76,39,59,35,12,82,37,57,27,180
2010-12-18,NW,National Weekly,55,69,81,49,12,66,35,82,57,47,2514
2010-12-20,MS,Monday Special,24,35,84,62,83,89,69,50,30,78,272
2010-12-21,LT,Lucky Tuesday,11,42,15,86,9,6,61,72,71,58,188
2010-12-22,MW,MidWeek,61,87,4,26,10,77,70,24,3,7,384
2010-12-23,FT,Fortune Thursday,47,75,24,41,83,12,4,79,13,27,188
2010-12-25,NW,National Weekly,68,31,63,87,36,18,82,6,46,67,2515
2010-12-29,MW,MidWeek,32,54,8,9,18,42,38,40,23,53,385
2010-12-30,FT,Fortune Thursday,32,25,58,61,42,10,47,13,35,5,189
2011-01-01,NW,National Weekly,62,20,19,61,4,53,75,12,72,29,2516
2011-01-04,LT,Lucky Tuesday,80,71,43,65,45,51,69,18,81,37,189
2011-01-05,MW,MidWeek,49,1,30,37,38,62,54,42,23,6,386
2011-01-06,FT,Fortune Thursday,20,66,31,22,53,81,16,21,39,33,190
2011-01-07,FB,Friday Bonanza,30,61,47,59,67,55,76,28,36,15,181
2011-01-08,NW,National Weekly,5,80,59,69,41,67,55,16,13,17,2517
2011-01-10,MS,Monday Special,46,39,61,25,45,36,71,77,47,11,273
2011-01-11,LT,Lucky Tuesday,44,15,5,79,8,36,27,86,4,77,190
2011-01-12,MW,MidWeek,50,51,90,15,85,57,66,13,5,14,387
2011-01-13,FT,Fortune Thursday,69,47,66,17,32,5,7,12,44,77,191
2011-01-14,FB,Friday Bonanza,25,68,19,14,64,36,67,50,70,31,182
2011-01-15,NW,National Weekly,37,77,18,5,86,8,13,90,17,34,2518
2011-01-17,MS,Monday Special,21,5,70,77,50,19,73,56,46,39,274
2011-01-18,LT,Lucky Tuesday,13,4,74,23,59,43,60,14,61,70,191
2011-01-19,MW,MidWeek,62,34,8,61,4,26,55,84,43,22,388
2011-01-20,FT,Fortune Thursday,15,68,14,13,42,69,70,49,19,60,192
2011-01-21,FB,Friday Bonanza,63,68,50,6,29,16,4,24,73,88,183
2011-01-22,NW,National Weekly,4,7,27,76,47,22,6,70,52,85,2519
2011-01-24,MS,Monday Special,52,69,30,65,13,32,10,82,48,36,275
2011-01-25,LT,Lucky Tuesday,14,60,1,35,28,87,86,11,43,67,192
2011-01-26,MW,MidWeek,38,28,69,21,44,19,9,67,41,79,389
2011-01-27,FT,Fortune Thursday,37,55,64,5,36,69,11,40,78,52,193
2011-01-28,FB,Friday Bonanza,9,36,43,65,82,5,27,37,66,56,184
2011-01-29,NW,National Weekly,12,47,14,69,50,46,87,83,40,15,2520
2011-01-31,MS,Monday Special,17,55,84,21,72,83,76,85,58,81,276
2011-02-01,LT,Lucky Tuesday,44,2,16,61,5,58,90,31,71,77,193
2011-02-02,MW,MidWeek,47,56,8,38,53,43,41,20,51,29,390
2011-02-03,FT,Fortune Thursday,13,52,86,76,20,65,83,48,35,47,194
2011-02-04,FB,Friday Bonanza,74,17,61,52,58,19,66,1,42,21,185
2011-02-05,NW,National Weekly,44,68,90,64,66,87,50,58,55,3,2521
2011-02-07,MS,Monday Special,32,1,36,82,68,74,69,88,22,17,277
2011-02-08,LT,Lucky Tuesday,65,52,22,16,33,84,21,2,40,17,194
2011-02-09,MW,MidWeek,53,9,55,10,90,52,34,23,4,49,391
2011-02-10,FT,Fortune Thursday,72,57,26,73,42,52,78,34,16,77,195
2011-02-11,FB,Friday Bonanza,5,32,53,17,80,38,45,51,86,27,186
2011-02-12,NW,National Weekly,89,27,12,49,40,71,46,75,41,82,2522
2011-02-14,MS,Monday Special,28,37,2,55,83,57,46,73,32,63,278
2011-02-15,LT,Lucky Tuesday,35,9,71,70,28,39,24,78,27,50,195
2011-02-16,MW,MidWeek,59,32,24,36,8,86,28,11,44,14,392
2011-02-17,FT,Fortune Thursday,52,35,47,68,60,7,6,18,45,81,196
2011-02-18,FB,Friday Bonanza,25,43,74,9,16,63,72,41,27,29,187
2011-02-19,NW,National Weekly,46,10,2,3,41,60,55,68,74,24,2523
2011-02-21,MS,Monday Special,32,15,22,21,65,50,66,75,3,85,279
2011-02-22,LT,Lucky Tuesday,32,2,16,21,34,22,43,67,25,53,196
2011-02-23,MW,MidWeek,24,85,21,40,54,22,9,49,32,75,393
2011-02-24,FT,Fortune Thursday,49,44,35,78,18,8,52,10,84,68,197
2011-02-25,FB,Friday Bonanza,69,23,79,80,73,22,13,50,48,31,188
2011-02-26,NW,National Weekly,84,39,76,1,49,50,22,12,52,28,2524
2011-02-28,MS,Monday Special,17,12,59,14,2,34,53,18,9,84,280
2011-03-01,LT,Lucky Tuesday,84,47,54,82,21,45,7,81,23,44,197
2011-03-02,MW,MidWeek,77,27,87,25,66,2,42,50,84,79,394
2011-03-03,FT,Fortune Thursday,81,8,67,17,72,41,62,35,31,4,198
2011-03-04,FB,Friday Bonanza,32,15,23,19,90,37,9,68,56,61,189
2011-03-05,NW,National Weekly,40,20,6,52,76,86,25,45,84,74,2525
2011-03-08,LT,Lucky Tuesday,51,13,27,54,74,34,23,90,43,63,198
2011-03-09,MW,MidWeek,69,47,29,79,78,26,35,22,59,75,395
2011-03-10,FT,Fortune Thursday,73,28,53,12,1,42,80,36,56,81,199
2011-03-11,FB,Friday Bonanza,61,70,74,24,68,6,58,62,47,44,190
2011-03-12,NW,National Weekly,73,57,70,2,47,74,3,71,75,86,2526
2011-03-14,MS,Monday Special,5,32,80,86,12,79,47,15,30,40,281
2011-03-15,LT,Lucky Tuesday,86,10,72,61,21,53,88,80,5,62,199
2011-03-16,MW,MidWeek,66,17,3,76,86,62,65,48,31,60,396
2011-03-17,FT,Fortune Thursday,4,7,82,21,25,90,63,71,67,61,200
2011-03-18,FB,Friday Bonanza,19,64,43,44,50,76,15,72,77,26,191
2011-03-19,NW,National Weekly,69,77,35,76,5,57,79,34,85,31,2527
2011-03-21,MS,Monday Special,45,80,48,32,49,30,81,14,73,55,282
2011-03-22,LT,Lucky Tuesday,75,61,74,22,46,34,60,51,17,86,200
2011-03-23,MW,MidWeek,89,83,45,18,58,69,13,66,5,41,397
2011-03-24,FT,Fortune Thursday,87,17,78,73,82,52,36,32,35,26,201
2011-03-25,FB,Friday Bonanza,14,76,2,44,89,33,45,62,4,49,192
2011-03-26,NW,National Weekly,48,13,60,24,6,20,59,31,63,67,2528
2011-03-28,MS,Monday Special,33,18,86,78,63,36,84,46,45,17,283
2011-03-29,LT,Lucky Tuesday,79,64,62,89,8,44,53,76,83,24,201
2011-03-30,MW,MidWeek,39,20,8,10,24,16,1,19,22,59,398
2011-03-31,FT,Fortune Thursday,17,37,20,43,83,9,57,44,26,19,202
2011-04-01,FB,Friday Bonanza,5,90,64,83,75,33,60,38,88,24,193
2011-04-02,NW,National Weekly,17,90,48,84,41,77,13,86,21,36,2529
2011-04-04,MS,Monday Special,82,26,84,15,73,12,18,66,45,50,284
2011-04-05,LT,Lucky Tuesday,5,25,14,27,22,81,53,54,28,48,202
2011-04-06,MW,MidWeek,81,68,22,13,34,48,49,12,41,63,399
2011-04-07,FT,Fortune Thursday,86,70,52,25,64,48,45,47,3,73,203
2011-04-08,FB,Friday Bonanza,62,63,83,88,40,4,47,56,43,69,194
2011-04-09,NW,National Weekly,46,6,15,64,85,82,68,43,42,59,2530
2011-04-11,MS,Monday Special,22,44,37,8,47,58,86,83,26,12,285
2011-04-12,LT,Lucky Tuesday,29,86,6,70,63,49,43,54,3,62,203
2011-04-13,MW,MidWeek,37,13,50,61,72,44,41,70,26,27,400
2011-04-14,FT,Fortune Thursday,80,78,68,64,82,79,34,24,4,44,204
2011-04-15,FB,Friday Bonanza,73,24,53,72,17,82,65,62,47,60,195
2011-04-16,NW,National Weekly,78,41,65,50,54,67,2,73,18,23,2531
2011-04-18,MS,Monday Special,2,14,58,13,9,34,83,35,70,42,286
2011-04-19,LT,Lucky Tuesday,4,72,90,10,35,69,2,76,61,26,204
2011-04-20,MW,MidWeek,85,42,43,36,50,5,74,35,24,23,401
2011-04-23,NW,National Weekly,52,70,30,42,29,56,20,41,34,28,2532
2011-04-26,LT,Lucky Tuesday,46,76,70,74,25,27,47,12,48,35,205
2011-04-27,MW,MidWeek,83,58,43,21,6,56,33,38,46,73,402
2011-04-28,FT,Fortune Thursday,54,27,15,21,66,42,39,63,30,61,205
2011-04-29,FB,Friday Bonanza,30,40,65,32,90,17,42,80,50,47,196
2011-04-30,NW,National Weekly,82,10,3,59,61,12,17,89,66,25,2533
2011-05-03,LT,Lucky Tuesday,16,22,26,86,64,61,75,74,5,72,206
2011-05-04,MW,MidWeek,69,18,59,49,35,36,9,47,71,78,403
2011-05-05,FT,Fortune Thursday,40,6,61,36,16,60,90,49,34,68,206
2011-05-06,FB,Friday Bonanza,36,8,22,72,67,83,70,80,65,18,197
2011-05-07,NW,National Weekly,79,63,7,89,88,28,19,3,76,77,2534
2011-05-09,MS,Monday Special,53,4,9,79,22,77,6,51,2,23,287
2011-05-10,LT,Lucky Tuesday,4,76,52,41,15,56,11,73,32,58,207
2011-05-11,MW,MidWeek,14,40,88,76,1,5,32,62,20,27,404
2011-05-12,FT,Fortune Thursday,31,25,36,48,9,56,35,63,69,44,207
2011-05-13,FB,Friday Bonanza,67,76,50,37,80,7,63,35,17,75,198
2011-05-14,NW,National Weekly,50,21,79,84,77,23,62,1,35,24,2535
2011-05-16,MS,Monday Special,18,55,20,57,29,11,46,50,27,48,288
2011-05-17,LT,Lucky Tuesday,7,85,6,29,31,1,70,79,42,86,208
2011-05-18,MW,MidWeek,48,39,37,71,53,81,52,12,6,14,405
2011-05-19,FT,Fortune Thursday,16,81,59,84,76,90,23,75,30,46,208
2011-05-20,FB,Friday Bonanza,25,31,9,40,7,84,23,47,45,35,199
2011-05-21,NW,National Weekly,31,4,5,29,68,85,6,2,84,27,2536
2011-05-23,MS,Monday Special,50,39,28,77,23,58,65,43,54,22,289
2011-05-24,LT,Lucky Tuesday,42,9,64,34,3,65,10,79,83,1,209
2011-05-26,FT,Fortune Thursday,19,2,57,69,36,59,58,83,42,87,209
2011-05-27,FB,Friday Bonanza,28,18,51,36,13,23,88,3,90,42,200
2011-05-28,NW,National Weekly,46,36,19,45,71,12,48,86,82,20,2537
2011-05-30,MS,Monday Special,7,53,46,63,56,49,12,34,33,42,290
2011-05-31,LT,Lucky Tuesday,1,6,14,32,77,46,33,76,37,20,210
2011-06-01,MW,MidWeek,29,63,80,57,37,19,65,42,44,21,406
2011-06-02,FT,Fortune Thursday,10,1,49,35,32,57,70,60,16,52,210
2011-06-03,FB,Friday Bonanza,21,20,73,78,18,89,62,83,30,37,201
2011-06-04,NW,National Weekly,61,54,74,35,19,82,8,24,38,49,2538
2011-06-06,MS,Monday Special,6,85,84,34,8,49,46,59,53,31,291
2011-06-07,LT,Lucky Tuesday,33,80,88,17,50,55,8,40,16,23,211
2011-06-08,MW,MidWeek,69,2,68,35,31,74,28,40,1,83,407
2011-06-09,FT,Fortune Thursday,14,59,19,2,77,33,24,26,46,62,211
2011-06-10,FB,Friday Bonanza,68,4,22,5,59,76,25,27,28,44,202
2011-06-11,NW,National Weekly,9,37,60,8,68,1,41,14,50,46,2539
2011-06-13,MS,Monday Special,57,42,19,82,80,9,50,35,23,13,292
2011-06-14,LT,Lucky Tuesday,49,33,43,68,76,87,38,74,66,23,212
2011-06-15,MW,MidWeek,47,74,20,42,11,49,22,1,23,71,408
2011-06-16,FT,Fortune Thursday,28,52,79,85,57,69,83,48,50,64,212
2011-06-17,FB,Friday Bonanza,61,6,56,18,31,38,40,41,27,71,203
2011-06-18,NW,National Weekly,1,37,58,20,42,78,90,40,21,6,2540
2011-06-20,MS,Monday Special,69,21,24,83,72,88,15,30,18,66,293
2011-06-21,LT,Lucky Tuesday,33,4,57,52,60,83,73,3,89,82,213
2011-06-22,MW,MidWeek,72,51,5,84,29,37,26,13,43,23,409
2011-06-23,FT,Fortune Thursday,62,80,1,58,64,42,6,67,23,10,213
2011-06-24,FB,Friday Bonanza,68,46,49,23,76,36,53,84,55,7,204
2011-06-25,NW,National Weekly,84,9,1,7,57,76,36,65,23,50,2541
2011-06-27,MS,Monday Special,31,85,69,36,53,41,16,10,25,21,294
2011-06-28,LT,Lucky Tuesday,76,7,80,16,26,70,15,54,84,60,214
2011-06-29,MW,MidWeek,26,56,67,66,83,16,68,22,38,6,410
2011-06-30,FT,Fortune Thursday,63,7,57,22,25,51,56,32,17,46,214
2011-07-02,NW,National Weekly,9,26,11,2,72,22,74,19,25,52,2542
2011-07-04,MS,Monday Special,35,78,44,13,33,42,76,74,22,31,295
2011-07-05,LT,Lucky Tuesday,44,19,50,2,9,25,12,73,71,21,215
2011-07-06,MW,MidWeek,9,54,2,58,74,26,27,46,20,4,411
2011-07-07,FT,Fortune Thursday,33,70,43,30,44,57,82,18,13,22,215
2011-07-08,FB,Friday Bonanza,19,39,38,70,41,89,4,69,72,86,205
2011-07-09,NW,National Weekly,71,2,90,58,25,15,49,56,64,46,2543
2011-07-11,MS,Monday Special,53,50,15,81,65,27,62,86,55,82,296
2011-07-12,LT,Lucky Tuesday,87,69,86,20,47,74,61,4,38,89,216
2011-07-13,MW,MidWeek,18,60,26,63,39,53,86,24,34,21,412
2011-07-14,FT,Fortune Thursday,6,83,51,74,70,42,30,45,67,16,216
2011-07-15,FB,Friday Bonanza,51,43,50,84,48,30,28,24,68,44,206
2011-07-16,NW,National Weekly,24,39,73,21,20,29,90,79,28,57,2544
2011-07-18,MS,Monday Special,39,27,23,50,15,49,54,13,74,18,297
2011-07-19,LT,Lucky Tuesday,73,51,7,74,88,10,61,22,38,66,217
2011-07-20,MW,MidWeek,38,63,74,30,78,3,79,62,73,4,413
2011-07-21,FT,Fortune Thursday,32,31,52,50,86,78,58,21,56,41,217
2011-07-22,FB,Friday Bonanza,72,43,82,21,90,81,44,26,80,24,207
2011-07-23,NW,National Weekly,89,13,66,56,71,64,85,6,62,55,2545
2011-07-25,MS,Monday Special,25,46,6,45,64,37,30,5,26,68,298
2011-07-26,LT,Lucky Tuesday,65,19,76,48,60,62,30,38,36,87,218
2011-07-27,MW,MidWeek,14,5,85,59,61,30,44,63,8,71,414
2011-07-28,FT,Fortune Thursday,72,83,58,29,20,82,67,5,15,53,218
2011-07-29,FB,Friday Bonanza,33,25,63,71,70,41,85,30,36,48,208
2011-07-30,NW,National Weekly,52,61,44,80,34,25,78,22,54,14,2546
2011-08-01,MS,Monday Special,68,38,42,62,17,32,82,28,88,19,299
2011-08-02,LT,Lucky Tuesday,53,3,86,25,21,36,13,9,15,85,219
2011-08-03,MW,MidWeek,54,64,88,24,74,26,20,14,50,70,415
2011-08-04,FT,Fortune Thursday,19,46,84,30,88,77,37,45,82,83,219
2011-08-05,FB,Friday Bonanza,84,71,44,1,5,59,83,65,76,46,209
2011-08-06,NW,National Weekly,5,44,72,67,14,12,39,74,33,24,2547
2011-08-08,MS,Monday Special,56,1,46,28,13,2,26,20,77,73,300
2011-08-09,LT,Lucky Tuesday,85,66,67,89,40,45,11,21,53,79,220
2011-08-10,MW,MidWeek,58,84,39,24,48,64,81,49,74,28,416
2011-08-11,FT,Fortune Thursday,23,75,12,69,9,29,54,44,3,7,220
2011-08-12,FB,Friday Bonanza,3,48,35,45,52,66,43,6,30,60,210
2011-08-13,NW,National Weekly,28,86,58,32,55,41,75,61,53,46,2548
2011-08-15,MS,Monday Special,7,18,80,74,32,78,59,15,21,5,301
2011-08-16,LT,Lucky Tuesday,11,4,89,35,9,69,65,53,84,56,221
2011-08-17,MW,MidWeek,19,24,37,34,41,51,6,5,81,87,417
2011-08-18,FT,Fortune Thursday,44,10,32,21,42,38,12,52,18,90,221
2011-08-19,FB,Friday Bonanza,28,60,9,44,46,7,50,58,78,43,211
2011-08-20,NW,National Weekly,63,61,54,53,60,59,50,77,26,35,2549
2011-08-22,MS,Monday Special,39,43,63,61,54,1,15,30,8,3,302
2011-08-23,LT,Lucky Tuesday,54,8,64,59,70,39,40,28,3,84,222
2011-08-24,MW,MidWeek,19,74,86,47,52,56,73,42,34,33,418
2011-08-25,FT,Fortune Thursday,71,36,82,72,68,66,86,5,56,87,222
2011-08-26,FB,Friday Bonanza,36,14,37,49,5,16,60,61,24,57,212
2011-08-27,NW,National Weekly,1,16,64,51,90,88,63,23,70,30,2550
2011-08-29,MS,Monday Special,18,64,81,66,47,11,60,61,59,22,303
2011-08-30,LT,Lucky Tuesday,24,30,16,76,48,4,60,12,31,47,223
2011-09-01,FT,Fortune Thursday,89,50,77,84,13,54,68,38,34,16,223
2011-09-02,FB,Friday Bonanza,66,64,38,75,68,35,39,14,36,23,213
2011-09-03,NW,National Weekly,44,72,67,63,35,15,45,76,7,34,2551
2011-09-05,MS,Monday Special,61,81,90,37,84,27,51,29,63,19,304
2011-09-06,LT,Lucky Tuesday,47,82,76,32,75,90,43,34,29,63,224
2011-09-07,MW,MidWeek,69,62,80,31,88,17,84,6,87,14,419
2011-09-08,FT,Fortune Thursday,1,51,90,3,7,69,28,75,72,40,224
2011-09-09,FB,Friday Bonanza,51,67,25,50,18,83,28,38,17,42,214
2011-09-10,NW,National Weekly,8,9,84,45,5,63,70,48,27,33,2552
2011-09-12,MS,Monday Special,30,23,64,37,69,84,50,11,8,42,305
2011-09-13,LT,Lucky Tuesday,73,4,70,84,41,67,80,3,36,42,225
2011-09-14,MW,MidWeek,44,12,45,39,54,53,66,52,22,6,420
2011-09-15,FT,Fortune Thursday,42,55,81,31,3,51,70,10,78,58,225
2011-09-16,FB,Friday Bonanza,8,19,14,7,64,39,55,15,52,34,215
2011-09-17,NW,National Weekly,33,16,65,56,69,61,82,84,58,85,2553
2011-09-19,MS,Monday Special,13,79,45,22,18,27,4,20,46,77,306
2011-09-20,LT,Lucky Tuesday,35,40,39,61,10,85,64,29,71,65,226
2011-09-22,FT,Fortune Thursday,50,89,58,30,85,37,54,38,51,4,226
2011-09-23,FB,Friday Bonanza,11,33,21,54,53,60,63,69,39,75,216
2011-09-24,NW,National Weekly,16,19,38,31,69,22,88,28,5,1,2554
2011-09-26,MS,Monday Special,49,29,43,26,35,8,21,83,71,15,307
2011-09-27,LT,Lucky Tuesday,68,1,78,40,23,69,43,65,12,49,227
2011-09-28,MW,MidWeek,59,51,67,76,23,35,73,88,26,56,421
2011-09-29,FT,Fortune Thursday,27,1,24,9,17,15,62,58,40,84,227
2011-09-30,FB,Friday Bonanza,1,29,56,66,90,47,80,79,26,30,217
2011-10-01,NW,National Weekly,41,76,44,64,14,60,89,50,3,83,2555
2011-10-03,MS,Monday Special,17,14,15,54,22,9,87,36,46,51,308
2011-10-04,LT,Lucky Tuesday,59,74,44,78,75,18,16,8,11,83,228
2011-10-05,MW,MidWeek,60,43,82,48,11,21,64,16,27,62,422
2011-10-06,FT,Fortune Thursday,9,27,85,40,10,61,16,25,81,24,228
2011-10-07,FB,Friday Bonanza,89,77,35,76,17,29,40,58,27,23,218
2011-10-08,NW,National Weekly,43,25,66,54,13,48,71,42,40,85,2556
2011-10-10,MS,Monday Special,53,16,24,37,63,18,70,77,65,73,309
2011-10-11,LT,Lucky Tuesday,83,78,28,59,6,51,62,71,34,53,229
2011-10-12,MW,MidWeek,17,84,87,8,11,47,76,49,67,18,423
2011-10-13,FT,Fortune Thursday,16,32,88,5,59,19,65,14,50,76,229
2011-10-14,FB,Friday Bonanza,9,57,59,75,77,7,51,26,27,13,219
2011-10-15,NW,National Weekly,55,85,44,10,83,51,25,40,34,45,2557
2011-10-17,MS,Monday Special,30,38,86,15,62,60,89,36,48,4,310
2011-10-18,LT,Lucky Tuesday,76,10,43,51,61,56,33,81,13,60,230
2011-10-19,MW,MidWeek,86,30,52,47,9,75,39,54,77,53,424
2011-10-20,FT,Fortune Thursday,16,43,81,29,73,25,90,63,79,15,230
2011-10-21,FB,Friday Bonanza,23,30,74,8,70,38,10,45,63,27,220
2011-10-22,NW,National Weekly,49,24,74,72,80,90,23,19,25,12,2558
2011-10-24,MS,Monday Special,72,38,41,3,90,70,32,84,80,50,311
2011-10-25,LT,Lucky Tuesday,1,28,9,32,6,77,3,17,47,60,231
2011-10-26,MW,MidWeek,69,68,58,24,30,17,12,28,66,27,425
2011-10-27,FT,Fortune Thursday,14,10,78,31,41,20,51,19,1,38,231
2011-10-28,FB,Friday Bonanza,65,27,61,9,1,7,20,8,12,75,221
2011-10-29,NW,National Weekly,83,17,6,19,18,11,74,39,73,30,2559
2011-10-31,MS,Monday Special,76,72,27,7,49,80,18,35,68,42,312
2011-11-01,LT,Lucky Tuesday,41,47,52,83,64,67,40,63,46,45,232
2011-11-02,MW,MidWeek,38,65,81,71,14,50,42,56,84,87,426
2011-11-03,FT,Fortune Thursday,1,33,66,11,10,71,36,14,59,5,232
2011-11-04,FB,Friday Bonanza,13,57,73,43,87,74,52,70,33,65,222
2011-11-05,NW,National Weekly,80,85,59,54,42,3,11,51,77,82,2560
2011-11-08,LT,Lucky Tuesday,80,74,63,35,41,27,6,54,15,25,233
2011-11-09,MW,MidWeek,3,32,2,52,33,17,48,70,26,66,427
2011-11-10,FT,Fortune Thursday,58,82,8,56,27,79,26,52,89,60,233
2011-11-11,FB,Friday Bonanza,21,62,18,32,12,39,72,35,3,80,223
2011-11-12,NW,National Weekly,52,77,85,2,72,69,22,66,88,24,2561
2011-11-14,MS,Monday Special,48,23,83,34,58,6,52,70,54,11,313
2011-11-15,LT,Lucky Tuesday,70,6,90,14,87,59,42,54,77,41,234
2011-11-16,MW,MidWeek,4,10,38,41,11,2,74,60,33,30,428
2011-11-17,FT,Fortune Thursday,73,76,49,79,32,24,60,8,26,43,234
2011-11-18,FB,Friday Bonanza,43,17,90,67,35,57,40,16,47,51,224
2011-11-19,NW,National Weekly,71,13,27,86,14,12,57,38,2,10,2562
2011-11-21,MS,Monday Special,73,88,46,38,31,77,65,47,22,21,314
2011-11-22,LT,Lucky Tuesday,71,72,74,23,87,62,20,40,78,66,235
2011-11-23,MW,MidWeek,2,58,77,43,52,27,37,15,14,73,429
2011-11-24,FT,Fortune Thursday,9,75,82,27,43,39,77,41,60,64,235
2011-11-25,FB,Friday Bonanza,55,69,34,48,78,49,58,82,19,6,225
2011-11-26,NW,National Weekly,75,63,29,32,34,70,54,84,89,52,2563
2011-11-28,MS,Monday Special,20,53,83,19,30,79,1,56,82,58,315
2011-11-29,LT,Lucky Tuesday,33,79,19,80,12,64,35,66,18,74,236
2011-11-30,MW,MidWeek,4,16,15,22,56,29,10,49,67,60,430
2011-12-01,FT,Fortune Thursday,71,28,72,24,81,57,27,39,18,52,236
2011-12-03,NW,National Weekly,47,18,12,41,48,10,87,90,23,88,2564
2011-12-05,MS,Monday Special,59,84,29,76,32,77,10,3,80,17,316
2011-12-06,LT,Lucky Tuesday,62,28,44,55,52,49,56,72,74,90,237
2011-12-07,MW,MidWeek,50,33,76,5,84,21,64,88,8,67,431
2011-12-08,FT,Fortune Thursday,49,10,51,9,18,26,83,77,59,84,237
2011-12-09,FB,Friday Bonanza,48,8,70,11,73,51,80,37,28,64,226
2011-12-10,NW,National Weekly,26,6,36,44,59,15,88,73,13,39,2565
2011-12-12,MS,Monday Special,80,81,29,73,74,51,64,14,44,15,317
2011-12-13,LT,Lucky Tuesday,61,90,26,48,9,30,52,16,31,6,238
2011-12-14,MW,MidWeek,59,58,17,42,30,41,67,46,49,25,432
2011-12-15,FT,Fortune Thursday,54,67,35,43,60,49,36,58,50,25,238
2011-12-16,MS,Monday Special,77,84,7,85,88,46,83,17,23,54,318
2011-12-16,FB,Friday Bonanza,2,79,35,49,25,77,39,81,27,54,227
2011-12-17,NW,National Weekly,84,53,8,18,85,66,78,4,57,35,2566
2011-12-20,LT,Lucky Tuesday,2,23,31,56,84,21,22,25,90,52,239
2011-12-21,MW,MidWeek,35,10,72,78,13,61,41,50,28,23,433
2011-12-22,FT,Fortune Thursday,81,87,69,35,58,88,32,26,42,86,239
2011-12-23,FB,Friday Bonanza,77,56,73,86,18,43,31,68,51,85,228
2011-12-24,NW,National Weekly,65,89,70,84,12,54,34,42,19,38,2567
2011-12-28,MW,MidWeek,32,87,25,21,79,30,9,23,60,3,434
2011-12-29,FT,Fortune Thursday,31,12,11,27,73,86,8,47,26,63,240
2011-12-30,FB,Friday Bonanza,5,67,39,7,89,28,15,80,58,83,229
2011-12-31,NW,National Weekly,41,64,88,28,51,22,65,86,78,66,2568
2012-01-03,LT,Lucky Tuesday,71,88,84,34,50,45,49,32,9,63,240
2012-01-04,MW,MidWeek,8,13,18,37,45,68,23,55,33,4,435
2012-01-05,FT,Fortune Thursday,5,46,90,75,89,80,27,54,76,41,241
2012-01-06,FB,Friday Bonanza,58,72,69,4,74,50,57,9,2,84,230
2012-01-07,NW,National Weekly,41,43,26,52,61,14,19,76,55,23,2569
2012-01-09,MS,Monday Special,2,46,11,47,12,56,79,76,10,38,319
2012-01-10,LT,Lucky Tuesday,14,81,68,33,30,73,87,60,61,29,241
2012-01-11,MW,MidWeek,5,26,70,89,50,11,81,67,13,30,436
2012-01-12,FT,Fortune Thursday,18,47,44,59,28,78,43,85,38,73,242
2012-01-13,FB,Friday Bonanza,45,26,1,41,63,17,21,29,86,25,231
2012-01-14,NW,National Weekly,56,73,19,8,9,63,32,21,20,12,2570
2012-01-16,MS,Monday Special,17,75,32,28,16,65,33,38,14,48,320
2012-01-17,LT,Lucky Tuesday,12,59,11,61,87,50,41,7,18,84,242
2012-01-18,MW,MidWeek,12,9,73,54,49,47,13,46,42,2,437
2012-01-19,FT,Fortune Thursday,15,81,14,13,69,34,70,59,2,19,243
2012-01-20,FB,Friday Bonanza,65,14,26,27,48,66,62,84,22,49,232
2012-01-21,NW,National Weekly,85,48,54,42,6,26,75,37,43,86,2571
2012-01-23,MS,Monday Special,50,7,40,9,34,74,58,71,89,37,321
2012-01-24,LT,Lucky Tuesday,9,51,21,11,42,26,60,40,68,85,243
2012-01-25,MW,MidWeek,30,43,71,52,17,85,5,50,42,22,438
2012-01-26,FT,Fortune Thursday,12,78,26,9,60,45,42,59,44,75,244
2012-01-27,FB,Friday Bonanza,58,32,20,40,54,38,28,25,76,26,233
2012-01-28,NW,National Weekly,47,62,68,12,23,1,22,89,48,34,2572
2012-01-30,MS,Monday Special,3,83,90,37,52,62,7,40,51,6,322
2012-01-31,LT,Lucky Tuesday,62,39,47,44,74,41,25,35,52,45,244
2012-02-01,MW,MidWeek,70,17,80,76,60,39,38,18,16,23,439
2012-02-02,FT,Fortune Thursday,5,6,63,51,58,69,9,88,32,37,245
2012-02-03,FB,Friday Bonanza,4,68,74,61,27,32,37,17,78,35,234
2012-02-04,NW,National Weekly,7,41,44,75,31,12,34,71,73,19,2573
2012-02-06,MS,Monday Special,45,78,68,73,64,49,39,6,21,43,323
2012-02-07,LT,Lucky Tuesday,15,40,42,48,21,81,77,8,73,2,245
2012-02-08,MW,MidWeek,68,52,51,44,90,16,84,42,86,9,440
2012-02-09,FT,Fortune Thursday,31,25,43,9,73,33,40,76,87,46,246
2012-02-10,FB,Friday Bonanza,41,21,37,58,70,14,76,82,77,80,235
2012-02-11,NW,National Weekly,48,84,43,1,54,58,36,24,71,38,2574
2012-02-13,MS,Monday Special,8,52,49,20,68,35,79,62,90,12,324
2012-02-14,LT,Lucky Tuesday,2,40,25,45,60,86,44,14,27,78,246
2012-02-15,MW,MidWeek,82,68,71,37,7,57,85,65,38,54,441
2012-02-16,FT,Fortune Thursday,86,49,87,68,5,67,2,20,34,42,247
2012-02-17,FB,Friday Bonanza,48,84,47,28,2,3,58,62,85,83,236
2012-02-18,NW,National Weekly,77,32,87,74,5,44,52,30,2,37,2575
2012-02-19,MS,Monday Special,62,82,32,48,67,41,33,59,77,34,329
2012-02-20,MS,Monday Special,76,83,3,71,15,11,14,9,64,82,325
2012-02-21,LT,Lucky Tuesday,77,67,70,76,28,20,3,81,49,36,247
2012-02-22,MW,MidWeek,54,59,32,15,78,80,53,39,4,64,442
2012-02-23,FT,Fortune Thursday,65,89,32,15,86,49,23,33,66,48,248
2012-02-24,FB,Friday Bonanza,25,58,68,76,89,9,21,62,15,54,237
2012-02-25,NW,National Weekly,65,53,34,85,76,67,74,57,19,83,2576
2012-02-27,MS,Monday Special,6,82,25,1,64,11,26,58,44,16,326
2012-02-28,LT,Lucky Tuesday,22,21,88,47,35,8,70,69,36,80,248
2012-02-29,MW,MidWeek,29,84,36,54,85,76,15,59,80,49,443
2012-03-01,FT,Fortune Thursday,44,88,57,20,29,23,81,50,8,18,249
2012-03-02,FB,Friday Bonanza,16,19,58,61,50,55,44,35,22,63,238
2012-03-03,NW,National Weekly,52,63,81,32,68,3,54,65,12,34,2577
2012-03-05,MS,Monday Special,72,60,36,23,64,74,89,13,53,45,327
2012-03-07,MW,MidWeek,55,60,47,49,73,85,68,84,76,26,444
2012-03-08,FT,Fortune Thursday,84,65,72,11,8,29,60,16,56,24,250
2012-03-09,FB,Friday Bonanza,5,34,1,28,80,26,61,58,36,76,239
2012-03-10,NW,National Weekly,54,35,19,73,43,71,23,4,13,62,2578
2012-03-12,MS,Monday Special,57,20,70,18,5,71,34,26,48,43,328
2012-03-13,LT,Lucky Tuesday,68,42,17,44,9,78,10,87,8,74,249
2012-03-14,MW,MidWeek,20,58,51,10,61,75,60,49,79,14,445
2012-03-15,FT,Fortune Thursday,49,89,42,27,50,54,1,15,10,18,251
2012-03-16,FB,Friday Bonanza,6,62,88,8,77,86,32,31,57,63,240
2012-03-17,NW,National Weekly,9,17,33,65,88,62,5,55,3,59,2579
2012-03-20,LT,Lucky Tuesday,47,25,15,27,49,70,50,12,81,56,250
2012-03-21,MW,MidWeek,14,75,35,31,57,74,76,44,41,38,446
2012-03-22,FT,Fortune Thursday,22,18,37,72,2,36,32,33,41,12,252
2012-03-23,FB,Friday Bonanza,51,8,11,14,17,5,88,59,26,87,241
2012-03-24,NW,National Weekly,44,6,89,71,52,1,70,48,62,31,2580
2012-03-26,MS,Monday Special,83,70,15,5,61,23,89,77,20,24,330
2012-03-27,LT,Lucky Tuesday,54,14,59,37,67,70,29,66,69,63,251
2012-03-28,MW,MidWeek,84,57,72,69,18,23,78,56,47,66,447
2012-03-29,FT,Fortune Thursday,17,24,76,62,89,53,88,10,81,63,253
2012-03-30,FB,Friday Bonanza,82,79,3,58,1,19,62,12,86,34,242
2012-03-31,NW,National Weekly,71,42,59,12,10,27,52,90,34,4,2581
2012-04-02,MS,Monday Special,66,37,24,36,41,55,80,17,84,39,331
2012-04-03,LT,Lucky Tuesday,66,44,26,90,69,61,30,19,65,79,252
2012-04-04,MW,MidWeek,37,70,20,23,31,51,11,2,34,26,448
2012-04-07,NW,National Weekly,46,13,67,73,26,58,34,71,16,11,2582
2012-04-10,LT,Lucky Tuesday,2,89,15,38,34,65,20,73,58,88,253
2012-04-11,MW,MidWeek,61,10,57,25,63,17,40,77,56,65,449
2012-04-12,FT,Fortune Thursday,80,17,35,16,64,36,77,90,29,89,254
2012-04-13,FB,Friday Bonanza,38,88,14,83,8,41,44,82,33,29,243
2012-04-14,NW,National Weekly,3,42,8,4,23,2,9,82,41,53,2583
2012-04-16,MS,Monday Special,51,53,69,24,8,36,6,15,49,48,332
2012-04-17,LT,Lucky Tuesday,16,84,88,83,34,78,13,39,56,33,254
2012-04-18,MW,MidWeek,13,90,67,87,16,26,18,24,57,15,450
2012-04-19,FT,Fortune Thursday,59,40,79,20,44,66,55,72,32,25,255
2012-04-20,FB,Friday Bonanza,40,78,5,16,74,11,65,64,68,25,244
2012-04-21,NW,National Weekly,67,49,36,31,44,61,9,13,32,85,2584
2012-04-23,MS,Monday Special,47,28,64,80,26,35,16,89,19,34,333
2012-04-24,LT,Lucky Tuesday,33,6,47,89,74,10,19,82,48,22,255
2012-04-25,MW,MidWeek,11,30,9,60,27,4,71,50,18,19,451
2012-04-26,FT,Fortune Thursday,59,87,86,13,56,21,42,37,88,69,256
2012-04-27,FB,Friday Bonanza,2,78,64,25,32,19,71,30,83,9,245
2012-04-28,NW,National Weekly,88,36,69,43,67,32,33,79,2,21,2585
2012-04-30,MS,Monday Special,51,46,50,13,36,29,42,72,14,4,334
2012-05-02,MW,MidWeek,35,45,56,83,39,23,6,31,12,25,452
2012-05-03,FT,Fortune Thursday,24,43,34,9,39,83,21,14,87,48,257
2012-05-04,FB,Friday Bonanza,14,70,18,65,10,11,88,44,34,64,246
2012-05-05,NW,National Weekly,19,21,66,80,71,4,34,84,90,28,2586
2012-05-07,MS,Monday Special,24,78,82,36,15,19,59,37,5,87,335
2012-05-08,LT,Lucky Tuesday,82,57,66,22,58,30,36,45,87,64,256
2012-05-09,MW,MidWeek,87,5,15,64,19,58,66,2,90,9,453
2012-05-10,FT,Fortune Thursday,65,33,31,5,17,25,8,75,66,49,258
2012-05-11,FB,Friday Bonanza,54,44,8,72,16,64,43,13,85,69,247
2012-05-12,NW,National Weekly,42,26,10,60,68,29,47,24,22,67,2587
2012-05-14,MS,Monday Special,89,82,73,10,21,71,44,31,15,70,336
2012-05-15,LT,Lucky Tuesday,64,80,72,14,21,28,54,22,50,82,257
2012-05-16,MW,MidWeek,40,8,62,76,12,23,61,34,38,48,454
2012-05-17,FT,Fortune Thursday,20,10,15,87,63,49,82,22,85,46,259
2012-05-18,FB,Friday Bonanza,12,35,58,42,2,25,24,11,32,69,248
2012-05-19,NW,National Weekly,78,2,3,32,49,47,37,64,58,1,2588
2012-05-21,MS,Monday Special,36,58,9,61,46,45,25,41,53,49,337
2012-05-22,LT,Lucky Tuesday,21,50,5,43,26,68,7,37,62,72,258
2012-05-23,MW,MidWeek,39,3,44,77,64,34,57,68,67,35,455
2012-05-24,FT,Fortune Thursday,64,89,33,56,38,49,7,60,52,57,260
2012-05-26,NW,National Weekly,2,50,27,67,29,53,68,7,37,80,2589
2012-05-28,MS,Monday Special,9,61,70,72,25,12,26,87,64,76,338
2012-05-29,LT,Lucky Tuesday,66,12,15,8,50,59,53,30,16,36,259
2012-05-30,MW,MidWeek,63,50,68,66,81,44,12,90,79,40,456
2012-05-31,FT,Fortune Thursday,77,24,55,87,83,34,59,72,30,20,261
2012-06-01,FB,Friday Bonanza,49,9,43,22,50,78,52,34,84,54,249
2012-06-02,NW,National Weekly,59,28,27,81,4,52,30,80,51,72,2590
2012-06-04,MS,Monday Special,63,87,33,31,23,90,61,34,51,83,339
2012-06-05,LT,Lucky Tuesday,88,49,5,55,19,44,26,20,89,14,260
2012-06-06,MW,MidWeek,87,65,69,20,10,21,31,41,52,57,457
2012-06-07,FT,Fortune Thursday,49,24,26,20,72,68,29,42,4,77,262
2012-06-08,FB,Friday Bonanza,86,27,64,61,65,12,60,1,78,76,250
2012-06-09,NW,National Weekly,81,20,72,59,37,38,5,49,52,50,2591
2012-06-11,MS,Monday Special,85,83,86,87,90,38,60,88,84,47,340
2012-06-12,LT,Lucky Tuesday,3,88,77,7,69,57,14,19,55,70,261
2012-06-12,FT,Fortune Thursday,75,28,73,66,78,43,14,59,39,29,288
2012-06-13,MW,MidWeek,86,68,16,19,59,33,73,41,5,77,458
2012-06-14,FT,Fortune Thursday,10,3,40,20,18,31,21,41,15,37,263
2012-06-15,FB,Friday Bonanza,71,16,62,3,11,88,68,87,89,40,251
2012-06-16,NW,National Weekly,9,62,38,46,63,73,82,12,43,83,2592
2012-06-18,MS,Monday Special,71,81,11,45,77,67,17,30,9,84,341
2012-06-19,LT,Lucky Tuesday,16,44,82,12,74,32,26,56,75,59,262
2012-06-20,MW,MidWeek,40,45,37,55,80,1,75,6,5,53,459
2012-06-21,FT,Fortune Thursday,34,32,56,45,1,63,11,43,90,38,264
2012-06-22,FB,Friday Bonanza,13,40,89,71,33,80,37,78,86,14,252
2012-06-23,NW,National Weekly,71,67,84,39,1,77,70,55,30,54,2593
2012-06-25,MS,Monday Special,48,31,39,45,80,68,17,5,11,54,342
2012-06-26,LT,Lucky Tuesday,66,56,63,6,28,50,9,68,87,34,263
2012-06-27,MW,MidWeek,89,22,34,69,59,70,11,55,37,54,460
2012-06-28,FT,Fortune Thursday,89,19,24,9,40,75,36,70,50,49,265
2012-06-29,FB,Friday Bonanza,11,65,43,15,32,56,79,55,22,78,253
2012-06-30,NW,National Weekly,46,13,63,9,7,30,85,2,34,39,2594
2012-07-03,LT,Lucky Tuesday,71,16,2,74,26,41,65,88,33,28,264
2012-07-04,MW,MidWeek,69,37,2,6,48,70,44,25,3,43,461
2012-07-05,FT,Fortune Thursday,36,78,56,75,84,66,30,8,26,19,266
2012-07-06,FB,Friday Bonanza,39,9,88,83,2,35,23,74,5,25,254
2012-07-07,NW,National Weekly,38,89,57,43,27,76,66,68,78,32,2595
2012-07-09,MS,Monday Special,17,33,49,29,53,64,19,16,71,86,343
2012-07-10,LT,Lucky Tuesday,66,3,2,87,64,54,76,48,51,84,265
2012-07-11,MW,MidWeek,15,26,65,60,4,86,5,42,24,35,462
2012-07-12,FT,Fortune Thursday,16,15,45,28,6,40,73,41,74,43,267
2012-07-13,FB,Friday Bonanza,13,40,26,81,9,80,54,57,16,90,255
2012-07-14,NW,National Weekly,7,36,19,81,13,46,87,65,76,15,2596
2012-07-16,MS,Monday Special,36,12,51,84,61,19,56,62,75,55,344
2012-07-17,LT,Lucky Tuesday,20,6,1,21,86,27,72,90,84,44,266
2012-07-18,MW,MidWeek,31,30,71,66,25,13,11,43,74,23,463
2012-07-19,FT,Fortune Thursday,73,54,17,23,59,90,62,82,87,42,268
2012-07-20,FB,Friday Bonanza,87,48,36,43,5,60,29,2,3,37,256
2012-07-21,NW,National Weekly,11,4,17,62,57,46,31,33,64,61,2597
2012-07-23,MS,Monday Special,23,65,82,11,90,57,3,58,25,1,345
2012-07-24,LT,Lucky Tuesday,64,15,16,83,55,52,17,37,10,34,267
2012-07-25,MW,MidWeek,74,7,40,6,88,21,14,20,72,42,464
2012-07-26,FT,Fortune Thursday,80,90,75,29,86,76,18,61,22,50,269
2012-07-27,FB,Friday Bonanza,16,42,49,33,35,72,52,64,56,54,257
2012-07-28,NW,National Weekly,83,40,29,48,39,77,35,34,19,26,2598
2012-07-30,MS,Monday Special,35,63,81,38,22,28,56,8,89,67,346
2012-07-31,LT,Lucky Tuesday,3,6,32,42,25,49,39,51,65,31,268
2012-08-01,MW,MidWeek,76,79,16,29,18,24,23,45,49,87,465
2012-08-02,FT,Fortune Thursday,74,17,44,47,21,68,2,86,69,72,270
2012-08-04,NW,National Weekly,53,75,32,33,66,1,39,87,70,89,2599
2012-08-06,MS,Monday Special,20,1,14,79,39,4,33,11,57,5,347
2012-08-07,LT,Lucky Tuesday,77,26,21,18,31,15,52,11,34,67,269
2012-08-08,MW,MidWeek,36,89,1,20,34,72,65,31,51,54,466
2012-08-09,FT,Fortune Thursday,71,52,23,66,1,44,18,81,85,49,271
2012-08-11,NW,National Weekly,74,33,3,10,68,38,41,57,26,15,2600
2012-08-13,MS,Monday Special,77,31,36,18,83,41,23,22,14,7,348
2012-08-14,LT,Lucky Tuesday,56,67,22,78,62,45,26,13,48,46,270
2012-08-15,MW,MidWeek,45,76,13,7,56,70,74,80,50,24,467
2012-08-16,FT,Fortune Thursday,23,3,17,34,20,39,65,85,10,84,272
2012-08-17,FB,Friday Bonanza,33,28,75,67,21,18,7,11,72,36,259
2012-08-18,NW,National Weekly,11,19,83,68,1,6,18,24,63,20,2601
2012-08-21,LT,Lucky Tuesday,64,29,90,7,28,45,38,19,30,42,271
2012-08-22,MW,MidWeek,60,22,19,53,62,71,45,67,6,8,468
2012-08-23,FT,Fortune Thursday,26,72,77,30,63,37,1,66,10,88,273
2012-08-24,FB,Friday Bonanza,48,24,49,32,30,57,77,7,41,78,260
2012-08-25,NW,National Weekly,89,79,25,17,54,49,14,18,73,23,2602
2012-08-27,MS,Monday Special,79,65,23,71,78,40,64,14,84,26,349
2012-08-28,LT,Lucky Tuesday,9,60,58,33,14,31,85,35,55,5,272
2012-08-29,MW,MidWeek,87,90,7,34,41,57,1,26,22,71,469
2012-08-30,FT,Fortune Thursday,74,5,82,87,62,53,25,13,71,85,274
2012-08-31,FB,Friday Bonanza,41,32,65,12,62,88,35,51,80,11,261
2012-09-01,NW,National Weekly,29,81,41,49,89,12,50,23,14,54,2603
2012-09-03,MS,Monday Special,70,61,28,21,14,90,31,32,55,30,350
2012-09-04,LT,Lucky Tuesday,38,50,19,26,55,15,66,41,72,20,273
2012-09-05,MW,MidWeek,7,69,28,59,90,44,12,22,52,8,470
2012-09-06,FT,Fortune Thursday,75,70,77,24,25,86,68,32,10,34,275
2012-09-07,FB,Friday Bonanza,75,36,41,13,26,87,38,80,37,49,262
2012-09-08,NW,National Weekly,90,68,69,70,47,29,19,66,77,57,2604
2012-09-10,MS,Monday Special,55,89,22,46,40,33,45,76,87,54,351
2012-09-11,LT,Lucky Tuesday,17,44,5,68,77,83,69,16,59,82,274
2012-09-12,MW,MidWeek,39,24,75,47,58,8,3,77,14,52,471
2012-09-13,FT,Fortune Thursday,37,56,73,22,5,15,69,3,34,53,276
2012-09-14,FB,Friday Bonanza,53,61,3,18,10,68,78,87,30,70,263
2012-09-15,NW,National Weekly,67,65,77,1,31,84,29,90,24,68,2605
2012-09-17,MS,Monday Special,7,9,27,83,75,64,85,59,70,78,352
2012-09-18,LT,Lucky Tuesday,84,46,26,27,17,9,76,90,3,8,275
2012-09-19,MW,MidWeek,53,85,37,8,32,26,12,4,19,81,472
2012-09-20,FT,Fortune Thursday,40,9,32,25,58,3,47,57,29,90,277
2012-09-22,NW,National Weekly,19,71,20,83,11,72,61,40,64,78,2606
2012-09-24,MS,Monday Special,59,34,23,9,82,38,30,56,42,7,353
2012-09-25,LT,Lucky Tuesday,22,44,70,43,74,3,83,33,29,78,276
2012-09-26,MW,MidWeek,6,88,45,77,42,34,30,52,43,20,473
2012-09-27,FT,Fortune Thursday,81,34,41,11,30,74,56,39,31,79,278
2012-09-28,FB,Friday Bonanza,58,21,56,68,3,62,75,23,64,22,264
2012-09-29,NW,National Weekly,6,84,34,10,76,57,50,3,51,2,2607
2012-10-01,MS,Monday Special,66,21,64,73,72,27,36,67,80,59,354
2012-10-02,LT,Lucky Tuesday,44,16,29,80,43,90,60,28,7,49,277
2012-10-03,MW,MidWeek,35,82,79,72,66,31,57,13,55,77,474
2012-10-04,FT,Fortune Thursday,12,69,84,55,5,44,59,16,11,63,279
2012-10-05,FB,Friday Bonanza,15,69,46,34,33,13,75,84,59,81,265
2012-10-06,NW,National Weekly,30,10,14,32,69,77,87,61,66,74,2608
2012-10-08,MS,Monday Special,36,54,82,27,51,57,59,86,32,30,355
2012-10-08,FB,Friday Bonanza,48,58,22,42,63,12,17,21,6,51,258
2012-10-09,LT,Lucky Tuesday,30,26,9,22,73,6,48,76,49,14,278
2012-10-10,MW,MidWeek,41,22,66,35,74,37,45,54,90,86,475
2012-10-11,FT,Fortune Thursday,79,24,54,15,7,17,10,21,9,14,280
2012-10-12,FB,Friday Bonanza,72,26,34,52,10,84,77,64,13,74,266
2012-10-13,NW,National Weekly,24,11,22,66,39,56,13,53,55,12,2609
2012-10-15,MS,Monday Special,28,6,58,85,42,64,34,76,7,8,356
2012-10-16,LT,Lucky Tuesday,21,17,49,10,50,3,66,72,68,46,279
2012-10-17,MW,MidWeek,20,82,31,30,88,9,53,34,22,6,476
2012-10-18,FT,Fortune Thursday,1,3,52,82,28,13,56,49,73,12,281
2012-10-19,FB,Friday Bonanza,81,26,62,17,16,30,29,19,6,52,267
2012-10-20,NW,National Weekly,61,66,12,21,37,42,79,30,33,41,2610
2012-10-22,MS,Monday Special,75,34,39,43,62,33,85,14,81,77,357
2012-10-23,LT,Lucky Tuesday,64,79,65,35,28,24,73,6,25,56,280
2012-10-24,MW,MidWeek,45,57,31,72,83,88,23,41,62,53,477
2012-10-25,FT,Fortune Thursday,22,58,67,85,47,50,52,84,1,9,282
2012-10-27,NW,National Weekly,19,4,1,5,62,82,85,47,17,74,2611
2012-10-29,MS,Monday Special,81,8,76,59,31,32,51,2,35,77,358
2012-10-30,LT,Lucky Tuesday,67,26,45,37,44,14,18,43,89,80,281
2012-10-31,MW,MidWeek,50,22,19,76,28,13,84,58,35,23,478
2012-11-01,FT,Fortune Thursday,25,45,86,44,9,28,75,79,11,16,283
2012-11-02,FB,Friday Bonanza,27,42,49,85,32,76,15,12,36,62,268
2012-11-03,NW,National Weekly,85,62,37,78,58,11,54,41,67,28,2612
2012-11-05,MS,Monday Special,22,35,24,74,84,37,81,56,44,79,359
2012-11-06,LT,Lucky Tuesday,12,36,38,73,19,26,77,6,49,46,282
2012-11-07,MW,MidWeek,6,77,80,75,13,15,23,79,38,33,479
2012-11-08,FT,Fortune Thursday,17,89,45,31,9,38,33,27,86,53,284
2012-11-09,FB,Friday Bonanza,1,46,71,2,10,60,73,4,82,16,269
2012-11-10,NW,National Weekly,82,17,5,86,58,43,1,35,39,90,2613
2012-11-12,MS,Monday Special,39,42,25,35,34,7,21,13,52,2,360
2012-11-13,LT,Lucky Tuesday,12,38,40,81,34,78,59,29,24,65,283
2012-11-14,MW,MidWeek,73,21,55,34,66,88,16,43,71,79,480
2012-11-15,FT,Fortune Thursday,40,16,70,6,15,65,90,36,39,59,285
2012-11-16,FB,Friday Bonanza,55,78,14,58,51,27,49,66,15,6,270
2012-11-17,NW,National Weekly,16,86,43,82,7,19,27,41,4,25,2614
2012-11-19,MS,Monday Special,59,51,76,3,6,84,88,35,62,18,361
2012-11-20,LT,Lucky Tuesday,31,80,56,40,48,41,70,71,33,18,284
2012-11-21,MW,MidWeek,25,23,8,88,22,67,89,18,69,45,481
2012-11-22,FT,Fortune Thursday,88,82,7,43,32,17,70,24,51,60,286
2012-11-23,FB,Friday Bonanza,45,56,34,19,79,62,54,6,57,60,271
2012-11-24,NW,National Weekly,83,54,32,6,26,16,50,85,46,63,2615
2012-11-26,MS,Monday Special,35,80,34,70,32,4,21,2,8,58,362
2012-11-27,LT,Lucky Tuesday,10,5,13,90,72,88,15,12,14,64,285
2012-11-28,MW,MidWeek,8,60,86,89,87,30,88,13,69,5,482
2012-11-30,FB,Friday Bonanza,88,15,33,76,65,78,71,51,48,4,272
2012-12-01,NW,National Weekly,4,81,51,21,77,49,46,40,88,89,2616
2012-12-03,MS,Monday Special,64,52,78,12,60,46,83,56,62,66,363
2012-12-04,LT,Lucky Tuesday,62,32,80,7,31,65,57,69,6,3,286
2012-12-05,MW,MidWeek,17,18,62,78,44,86,35,34,45,79,483
2012-12-08,NW,National Weekly,48,40,7,30,77,80,88,39,54,46,2617
2012-12-10,MS,Monday Special,16,63,26,90,85,24,21,1,62,23,364
2012-12-11,LT,Lucky Tuesday,3,4,41,44,61,51,55,89,17,16,287
2012-12-12,MW,MidWeek,4,14,53,81,64,52,44,37,25,84,484
2012-12-13,FT,Fortune Thursday,74,76,30,28,32,20,49,59,3,65,289
2012-12-14,FB,Friday Bonanza,21,46,71,32,86,16,90,63,78,30,273
2012-12-15,NW,National Weekly,56,8,7,90,11,59,84,62,34,51,2618
2012-12-17,MS,Monday Special,25,63,65,66,22,56,8,32,1,52,365
2012-12-18,LT,Lucky Tuesday,12,5,24,8,84,41,4,90,11,87,288
2012-12-19,MW,MidWeek,41,65,11,13,26,77,62,25,34,52,485
2012-12-20,FT,Fortune Thursday,13,52,80,49,66,32,2,84,28,69,290
2012-12-21,FB,Friday Bonanza,60,23,13,68,81,88,31,15,67,19,274
2012-12-22,NW,National Weekly,1,20,77,52,44,75,11,19,76,4,2619
2012-12-24,MS,Monday Special,84,66,29,90,32,31,6,41,8,36,366
2012-12-26,MW,MidWeek,67,86,68,1,4,65,50,66,26,87,486
2012-12-27,FT,Fortune Thursday,57,29,15,88,51,11,47,34,62,33,291
2012-12-28,FB,Friday Bonanza,45,75,2,9,28,49,61,71,17,37,275
2012-12-29,NW,National Weekly,80,53,17,23,74,50,60,33,45,38,2620
2012-12-29,FT,Fortune Thursday,53,80,21,79,2,31,61,10,63,11,287
2012-12-31,MS,Monday Special,7,40,4,16,25,60,53,38,51,24,367
2013-01-01,LT,Lucky Tuesday,22,69,73,53,48,62,20,38,15,36,289
2013-01-02,MW,MidWeek,29,45,59,2,37,53,66,68,41,38,487
2013-01-03,FT,Fortune Thursday,4,1,24,44,83,76,13,7,80,64,292
2013-01-04,FB,Friday Bonanza,14,46,54,57,37,28,56,84,9,49,276
2013-01-05,NW,National Weekly,60,37,81,29,2,19,16,5,50,28,2621
2013-01-07,MS,Monday Special,65,90,51,55,18,76,83,60,45,57,368
2013-01-09,MW,MidWeek,68,80,33,4,55,38,71,5,87,46,488
2013-01-10,FT,Fortune Thursday,44,81,40,41,32,43,11,15,84,28,293
2013-01-11,FB,Friday Bonanza,78,54,34,79,14,45,8,31,65,22,277
2013-01-12,NW,National Weekly,17,46,84,80,88,31,44,41,47,29,2622
2013-01-14,MS,Monday Special,66,44,78,39,42,79,3,41,67,52,369
2013-01-15,LT,Lucky Tuesday,51,86,38,71,36,49,61,54,14,80,290
2013-01-16,MW,MidWeek,79,61,33,17,83,54,41,65,5,67,489
2013-01-17,FT,Fortune Thursday,41,21,52,76,23,74,26,6,51,27,294
2013-01-18,FB,Friday Bonanza,59,77,66,21,62,5,28,22,61,13,278
2013-01-19,NW,National Weekly,50,36,12,89,14,10,55,75,1,62,2623
2013-01-21,MS,Monday Special,64,50,40,39,77,59,9,10,82,72,370
2013-01-22,LT,Lucky Tuesday,20,81,77,29,88,64,8,5,52,46,291
2013-01-23,MW,MidWeek,36,34,18,30,13,73,84,88,20,71,490
2013-01-24,FT,Fortune Thursday,81,32,21,66,2,35,43,62,77,85,295
2013-01-25,FB,Friday Bonanza,40,48,17,29,5,84,13,35,4,11,279
2013-01-26,NW,National Weekly,65,4,88,40,18,10,31,7,6,30,2624
2013-01-28,MS,Monday Special,35,28,42,41,43,31,72,53,69,87,371
2013-01-29,LT,Lucky Tuesday,54,42,38,90,33,35,70,9,85,74,292
2013-01-30,MW,MidWeek,20,81,50,61,14,42,65,9,32,40,491
2013-01-31,FT,Fortune Thursday,32,33,50,42,11,82,66,24,61,14,296
2013-02-01,FB,Friday Bonanza,14,35,81,36,18,30,58,1,90,7,280
2013-02-02,NW,National Weekly,44,72,57,33,28,24,10,21,6,14,2625
2013-02-04,MS,Monday Special,11,54,17,37,84,1,68,72,32,85,372
2013-02-05,LT,Lucky Tuesday,27,81,15,59,58,78,71,38,25,7,293
2013-02-06,MW,MidWeek,86,66,78,89,39,49,85,7,25,88,492
2013-02-07,FT,Fortune Thursday,12,72,33,15,55,66,26,73,53,58,297
2013-02-08,FB,Friday Bonanza,18,47,71,16,57,66,19,44,5,11,281
2013-02-09,NW,National Weekly,76,89,22,75,66,23,43,51,58,5,2626
2013-02-11,MS,Monday Special,61,48,87,38,12,79,77,7,70,34,373
2013-02-12,LT,Lucky Tuesday,79,65,85,68,2,4,54,16,3,38,294
2013-02-13,MW,MidWeek,69,43,85,81,22,48,74,28,38,79,493
2013-02-14,FT,Fortune Thursday,34,64,49,78,29,17,68,55,19,25,298
2013-02-15,FB,Friday Bonanza,67,82,22,29,28,83,52,58,75,27,282
2013-02-16,NW,National Weekly,65,15,63,59,34,30,47,31,54,36,2627
2013-02-18,MS,Monday Special,37,32,2,47,81,7,11,38,34,8,374
2013-02-19,LT,Lucky Tuesday,74,7,29,69,24,37,38,59,25,63,295
2013-02-20,MW,MidWeek,32,85,62,76,46,14,10,24,33,50,494
2013-02-21,FT,Fortune Thursday,6,58,23,70,50,22,85,68,11,36,299
2013-02-22,FB,Friday Bonanza,14,63,47,33,41,87,80,25,46,86,283
2013-02-23,NW,National Weekly,68,65,14,3,57,59,61,7,90,36,2628
2013-02-25,MS,Monday Special,1,32,6,57,70,84,16,24,19,72,375
2013-02-26,LT,Lucky Tuesday,2,43,55,26,32,36,33,17,64,19,296
2013-02-27,MW,MidWeek,25,64,75,16,76,29,63,84,42,68,495
2013-02-28,FT,Fortune Thursday,64,48,51,12,47,28,75,10,63,14,300
2013-03-01,FB,Friday Bonanza,30,10,79,58,87,83,44,49,35,25,284
2013-03-02,NW,National Weekly,36,34,33,11,23,31,43,54,61,74,2629
2013-03-04,MS,Monday Special,55,8,52,67,48,79,73,82,70,88,376
2013-03-05,LT,Lucky Tuesday,24,58,28,81,74,56,34,53,13,71,297
2013-03-06,MW,MidWeek,26,46,72,84,74,4,24,69,77,38,496
2013-03-07,FT,Fortune Thursday,9,63,37,40,17,71,85,49,56,59,301
2013-03-09,NW,National Weekly,46,65,55,43,45,54,29,19,90,12,2630
2013-03-11,MS,Monday Special,3,68,52,66,88,77,35,64,26,13,377
2013-03-12,LT,Lucky Tuesday,67,7,90,35,21,62,55,49,68,23,298
2013-03-13,MW,MidWeek,5,85,53,34,59,89,66,19,40,51,497
2013-03-14,FT,Fortune Thursday,25,54,8,1,55,81,66,15,90,9,302
2013-03-15,FB,Friday Bonanza,77,13,66,63,50,70,11,12,87,40,286
2013-03-16,NW,National Weekly,39,74,58,3,86,51,6,38,59,81,2631
2013-03-18,MS,Monday Special,37,42,58,1,71,50,76,12,73,40,378
2013-03-19,LT,Lucky Tuesday,61,8,28,83,77,19,90,21,59,3,299
2013-03-20,MW,MidWeek,70,18,1,90,3,57,60,24,39,2,498
2013-03-21,FT,Fortune Thursday,73,18,23,53,51,9,64,37,87,89,303
2013-03-22,FB,Friday Bonanza,45,32,18,14,77,71,81,11,20,51,287
2013-03-23,NW,National Weekly,84,49,59,39,72,60,78,34,90,40,2632
2013-03-25,MS,Monday Special,34,88,66,65,68,12,33,1,49,20,379
2013-03-26,LT,Lucky Tuesday,20,12,22,79,13,50,62,81,83,19,300
2013-03-27,MW,MidWeek,27,54,7,50,83,30,42,52,60,47,499
2013-03-28,NW,National Weekly,66,30,34,57,87,79,46,80,13,45,2633
2013-04-02,LT,Lucky Tuesday,12,20,15,69,89,76,58,11,35,22,301
2013-04-03,MW,MidWeek,67,78,8,87,81,30,77,80,86,1,500
2013-04-04,FT,Fortune Thursday,47,62,63,56,36,60,89,13,69,43,304
2013-04-05,FB,Friday Bonanza,4,56,71,70,44,13,2,1,3,48,288
2013-04-06,NW,National Weekly,46,79,32,36,82,73,84,85,9,74,2634
2013-04-08,MS,Monday Special,67,6,68,72,59,74,23,43,22,40,380
2013-04-09,LT,Lucky Tuesday,83,53,90,39,73,45,33,29,75,87,302
2013-04-10,MW,MidWeek,23,61,6,29,34,72,19,79,83,86,501
2013-04-11,FT,Fortune Thursday,74,26,64,4,70,38,69,35,17,11,305
2013-04-12,FB,Friday Bonanza,25,26,2,44,13,33,22,15,32,53,289
2013-04-13,NW,National Weekly,1,29,6,59,63,41,10,69,3,19,2635
2013-04-15,MS,Monday Special,68,20,22,89,52,58,8,5,76,12,381
2013-04-16,LT,Lucky Tuesday,73,41,8,89,24,28,36,64,71,30,303
2013-04-17,MW,MidWeek,72,61,16,51,60,37,70,55,69,14,502
2013-04-18,FT,Fortune Thursday,43,67,44,2,37,18,51,76,19,5,306
2013-04-19,FB,Friday Bonanza,10,27,31,60,76,35,62,49,86,8,290
2013-04-20,NW,National Weekly,42,89,82,80,53,60,54,46,86,17,2636
2013-04-22,MS,Monday Special,36,76,10,6,34,4,88,82,84,39,382
2013-04-23,LT,Lucky Tuesday,23,35,29,63,73,1,60,38,13,11,304
2013-04-24,MW,MidWeek,53,47,39,84,73,18,12,44,65,5,503
2013-04-25,FT,Fortune Thursday,32,27,1,56,76,31,60,30,19,79,307
2013-04-26,FB,Friday Bonanza,32,67,78,86,42,55,74,76,37,4,291
2013-04-27,NW,National Weekly,50,41,7,66,90,83,60,48,33,70,2637
2013-04-29,MS,Monday Special,27,82,13,32,12,2,65,48,43,71,383
2013-04-30,LT,Lucky Tuesday,30,54,78,64,11,9,56,49,81,23,305
2013-05-01,MW,MidWeek,67,60,30,49,14,74,63,70,42,35,504
2013-05-02,FT,Fortune Thursday,22,86,51,15,57,44,19,2,12,40,308
2013-05-03,FB,Friday Bonanza,61,63,49,80,30,60,82,51,48,32,292
2013-05-04,NW,National Weekly,22,8,6,58,86,42,16,10,38,28,2638
2013-05-06,MS,Monday Special,81,3,17,45,29,84,79,4,19,10,384
2013-05-07,LT,Lucky Tuesday,39,16,26,40,47,75,65,27,63,90,306
2013-05-08,MW,MidWeek,11,18,82,73,3,6,16,62,20,50,505
2013-05-09,FT,Fortune Thursday,10,50,43,32,71,86,57,39,84,33,309
2013-05-10,FB,Friday Bonanza,65,56,77,35,8,26,74,28,25,46,293
2013-05-11,NW,National Weekly,45,73,32,33,40,62,16,36,56,28,2639
2013-05-13,MS,Monday Special,53,24,2,27,82,16,72,79,63,78,385
2013-05-14,LT,Lucky Tuesday,26,19,34,88,50,40,36,90,49,80,307
2013-05-15,MW,MidWeek,9,12,87,85,50,53,32,59,78,76,506
2013-05-16,FT,Fortune Thursday,20,19,12,6,55,68,61,9,43,29,310
2013-05-17,FB,Friday Bonanza,37,82,10,85,69,39,67,32,73,45,294
2013-05-18,NW,National Weekly,49,7,66,26,69,59,32,51,4,68,2640
2013-05-20,MS,Monday Special,17,22,61,35,55,68,85,36,20,12,386
2013-05-21,LT,Lucky Tuesday,28,24,51,44,39,27,35,52,71,1,308
2013-05-22,MW,MidWeek,72,52,29,80,22,30,65,51,38,77,507
2013-05-23,FT,Fortune Thursday,59,56,28,35,30,20,3,68,19,74,311
2013-05-24,FB,Friday Bonanza,90,65,42,24,12,32,15,62,14,33,295
2013-05-25,NW,National Weekly,59,43,22,26,82,37,63,90,76,52,2641
2013-05-27,MS,Monday Special,61,27,87,7,14,5,50,78,15,76,387
2013-05-28,LT,Lucky Tuesday,79,73,13,74,86,60,18,12,4,47,309
2013-05-29,MW,MidWeek,70,35,22,8,56,85,27,38,4,63,508
2013-05-30,FT,Fortune Thursday,59,72,33,1,26,13,41,86,50,14,312
2013-05-31,FB,Friday Bonanza,74,4,38,70,24,71,21,12,51,15,296
2013-06-01,NW,National Weekly,22,37,59,40,41,11,33,71,46,6,2642
2013-06-03,MS,Monday Special,32,82,46,15,16,47,77,26,59,3,388
2013-06-04,LT,Lucky Tuesday,32,40,78,51,73,90,9,18,56,47,310
2013-06-05,MW,MidWeek,50,32,78,34,81,24,33,28,63,5,509
2013-06-06,FT,Fortune Thursday,43,58,21,22,26,18,70,59,52,36,313
2013-06-07,FB,Friday Bonanza,79,21,28,74,8,15,5,38,80,23,297
2013-06-08,NW,National Weekly,39,26,12,29,65,73,60,41,11,8,2643
2013-06-10,MS,Monday Special,5,10,6,7,74,85,46,38,13,47,389
2013-06-11,LT,Lucky Tuesday,3,46,84,68,39,81,20,8,73,7,311
2013-06-12,MW,MidWeek,2,85,22,24,14,36,37,23,74,29,510
2013-06-13,FT,Fortune Thursday,9,89,60,16,19,21,87,62,88,44,314
2013-06-14,FB,Friday Bonanza,67,34,4,51,61,62,72,64,17,53,298
2013-06-15,NW,National Weekly,39,63,26,2,25,5,44,16,87,62,2644
2013-06-17,MS,Monday Special,69,20,27,67,12,1,15,25,39,65,390
2013-06-18,LT,Lucky Tuesday,18,29,87,90,54,22,14,68,51,17,312
2013-06-19,MW,MidWeek,70,39,87,67,53,52,6,75,63,41,511
2013-06-20,FT,Fortune Thursday,36,59,76,5,31,48,72,37,13,19,315
2013-06-21,FB,Friday Bonanza,55,86,77,69,59,63,34,73,54,51,299
2013-06-22,NW,National Weekly,17,90,75,12,7,81,47,27,18,33,2645
2013-06-24,MS,Monday Special,11,1,6,30,24,68,9,52,21,83,391
2013-06-25,LT,Lucky Tuesday,88,19,59,41,82,56,60,67,73,76,313
2013-06-26,MW,MidWeek,81,30,23,50,66,41,9,1,79,29,512
2013-06-27,FT,Fortune Thursday,14,56,65,49,19,12,13,42,3,76,316
2013-06-28,FB,Friday Bonanza,72,62,81,69,26,53,6,30,55,52,300
2013-06-29,NW,National Weekly,10,16,5,64,32,63,72,70,90,23,2646
2013-07-01,MS,Monday Special,90,21,37,9,51,36,86,23,27,64,392
2013-07-02,LT,Lucky Tuesday,4,37,44,72,63,69,53,83,90,73,314
2013-07-03,MW,MidWeek,6,62,55,41,30,81,44,14,19,24,513
2013-07-04,FT,Fortune Thursday,84,48,64,18,49,4,51,5,21,11,317
2013-07-05,FB,Friday Bonanza,82,75,73,60,55,77,28,23,38,80,301
2013-07-06,NW,National Weekly,40,63,71,87,32,70,26,61,90,69,2647
2013-07-08,MS,Monday Special,32,5,47,68,14,55,30,26,33,67,393
2013-07-09,LT,Lucky Tuesday,24,16,72,90,20,73,46,82,56,83,315
2013-07-10,MW,MidWeek,75,17,1,89,62,56,68,52,48,7,514
2013-07-11,FT,Fortune Thursday,83,65,17,63,62,9,58,11,48,21,318
2013-07-12,FB,Friday Bonanza,82,26,72,40,1,89,23,7,6,63,302
2013-07-13,NW,National Weekly,60,32,57,10,2,81,84,37,58,34,2648
2013-07-15,MS,Monday Special,17,54,85,86,22,72,68,80,12,27,394
2013-07-16,LT,Lucky Tuesday,32,43,39,81,84,80,78,72,30,70,316
2013-07-17,MW,MidWeek,15,70,48,1,67,19,45,37,33,55,515
2013-07-18,FT,Fortune Thursday,78,84,11,6,19,33,3,5,41,43,319
2013-07-19,FB,Friday Bonanza,86,89,18,55,14,47,61,39,20,8,303
2013-07-20,NW,National Weekly,24,5,83,1,61,87,72,11,50,8,2649
2013-07-22,MS,Monday Special,85,21,12,37,66,73,45,44,6,81,395
2013-07-23,LT,Lucky Tuesday,47,7,77,65,29,34,19,41,50,46,317
2013-07-24,MW,MidWeek,75,70,50,28,54,19,17,20,22,74,516
2013-07-25,FT,Fortune Thursday,40,31,38,79,43,27,5,60,44,1,320
2013-07-26,FB,Friday Bonanza,7,6,11,81,33,56,83,85,31,23,304
2013-07-27,NW,National Weekly,7,31,78,5,32,76,17,88,60,55,2650
2013-07-29,MS,Monday Special,46,64,47,63,39,3,2,18,21,36,396
2013-07-30,LT,Lucky Tuesday,55,26,63,32,13,14,50,48,83,66,318
2013-07-31,MW,MidWeek,12,40,38,51,1,47,84,14,85,26,517
2013-08-01,FT,Fortune Thursday,49,43,74,28,8,65,64,72,37,68,321
2013-08-02,FB,Friday Bonanza,35,38,16,24,69,70,87,65,54,28,305
2013-08-03,NW,National Weekly,72,73,48,79,59,5,80,69,37,66,2651
2013-08-03,FB,Friday Bonanza,43,50,78,51,77,90,68,64,49,89,285
2013-08-05,MS,Monday Special,5,87,70,17,51,88,44,15,50,25,397
2013-08-06,LT,Lucky Tuesday,33,12,2,62,6,9,40,26,67,79,319
2013-08-09,FT,Fortune Thursday,3,86,68,72,87,83,39,60,31,74,322
2013-08-10,NW,National Weekly,1,62,47,61,33,26,63,34,74,65,2652
2013-08-12,MS,Monday Special,1,47,35,54,81,82,24,79,5,71,398
2013-08-13,LT,Lucky Tuesday,23,39,3,48,45,32,53,12,64,49,320
2013-08-14,MW,MidWeek,79,12,74,52,23,47,80,27,8,55,519
2013-08-15,FT,Fortune Thursday,64,42,54,60,66,35,10,25,72,12,323
2013-08-16,FB,Friday Bonanza,55,24,1,18,22,2,11,37,65,38,307
2013-08-17,NW,National Weekly,61,60,75,3,51,7,64,85,77,6,2653
2013-08-19,MS,Monday Special,73,78,33,83,15,17,61,45,74,1,399
2013-08-20,LT,Lucky Tuesday,53,11,42,46,87,26,86,81,22,75,321
2013-08-21,MW,MidWeek,45,66,19,55,11,42,72,12,27,14,520
2013-08-22,FT,Fortune Thursday,71,19,60,16,67,90,82,23,9,64,324
2013-08-23,FB,Friday Bonanza,29,46,57,43,76,65,30,86,56,78,308
2013-08-24,NW,National Weekly,31,6,87,73,90,32,81,69,28,55,2654
2013-08-26,MS,Monday Special,16,53,68,90,10,23,78,40,76,37,400
2013-08-27,LT,Lucky Tuesday,79,87,26,49,61,35,56,51,59,74,322
2013-08-28,MW,MidWeek,23,84,72,60,17,8,28,21,80,50,521
2013-08-29,FT,Fortune Thursday,41,90,21,52,78,58,8,37,25,48,325
2013-08-30,FB,Friday Bonanza,87,90,34,39,25,15,3,14,1,71,309
2013-08-31,NW,National Weekly,63,5,88,28,43,34,4,22,41,85,2655
2013-09-02,MS,Monday Special,5,87,65,12,80,88,83,64,76,36,401
2013-09-03,LT,Lucky Tuesday,51,61,84,68,71,13,14,55,49,81,323
2013-09-04,MW,MidWeek,70,43,90,32,59,82,80,14,34,28,522
2013-09-05,FT,Fortune Thursday,68,22,54,33,61,89,74,63,80,29,326
2013-09-06,FT,Fortune Thursday,84,86,11,49,76,14,47,42,43,7,327
2013-09-06,FB,Friday Bonanza,66,90,34,87,22,29,3,33,45,51,310
2013-09-07,NW,National Weekly,72,33,86,18,79,14,5,3,62,27,2656
2013-09-07,FT,Fortune Thursday,59,5,50,90,11,37,45,39,36,38,328
2013-09-08,FT,Fortune Thursday,74,46,61,55,20,10,3,5,7,36,329
2013-09-08,FB,Friday Bonanza,68,14,75,62,35,40,83,20,33,47,306
2013-09-09,MS,Monday Special,1,40,33,35,75,20,48,5,18,53,402
2013-09-09,FT,Fortune Thursday,39,13,40,70,25,82,79,64,22,2,330
2013-09-10,LT,Lucky Tuesday,69,81,86,80,72,30,61,60,43,33,324
2013-09-10,FT,Fortune Thursday,59,8,86,37,18,35,60,13,44,67,331
2013-09-11,MW,MidWeek,88,55,40,32,67,59,21,42,27,84,523
2013-09-11,FT,Fortune Thursday,44,64,2,60,10,12,80,49,17,4,332
2013-09-12,FT,Fortune Thursday,75,52,86,2,46,34,82,26,9,13,333
2013-09-13,FT,Fortune Thursday,37,80,26,54,5,69,53,85,1,60,334
2013-09-13,FB,Friday Bonanza,71,42,16,52,89,5,30,31,4,32,311
2013-09-14,NW,National Weekly,37,49,44,47,57,3,85,1,18,56,2657
2013-09-14,FT,Fortune Thursday,57,55,67,26,64,10,13,45,32,3,335
2013-09-15,FT,Fortune Thursday,32,11,77,7,73,45,26,13,62,16,336
2013-09-16,MS,Monday Special,82,87,3,32,9,64,75,18,40,27,403
2013-09-16,FT,Fortune Thursday,23,48,17,51,44,10,89,82,68,33,337
2013-09-17,LT,Lucky Tuesday,21,11,57,51,3,35,72,10,39,36,325
2013-09-17,FT,Fortune Thursday,15,85,82,31,23,72,65,79,43,58,338
2013-09-18,MW,MidWeek,59,56,68,80,55,79,83,49,66,29,524
2013-09-18,FT,Fortune Thursday,82,28,47,41,16,12,46,20,88,48,339
2013-09-19,FT,Fortune Thursday,87,41,80,85,6,30,14,36,79,39,340
2013-09-20,FT,Fortune Thursday,21,25,42,65,85,10,44,60,45,84,341
2013-09-20,FB,Friday Bonanza,21,54,9,69,4,24,64,15,89,26,312
2013-09-21,NW,National Weekly,10,42,23,30,52,18,38,24,37,77,2658
2013-09-23,MS,Monday Special,29,8,42,9,84,71,54,38,7,2,404
2013-09-24,LT,Lucky Tuesday,50,19,45,5,14,47,62,40,16,12,326
2013-09-25,MW,MidWeek,20,75,34,39,84,73,8,57,40,10,525
2013-09-27,FB,Friday Bonanza,10,76,66,44,15,2,29,42,1,55,313
2013-09-28,NW,National Weekly,65,74,25,47,5,85,31,81,71,18,2659
2013-09-30,MS,Monday Special,79,65,38,55,54,64,8,53,48,43,405
2013-10-01,LT,Lucky Tuesday,8,30,42,14,11,10,78,9,3,82,327
2013-10-02,MW,MidWeek,86,79,84,25,33,53,66,80,26,41,526
2013-10-04,FB,Friday Bonanza,72,8,58,73,28,25,85,75,78,57,314
2013-10-05,NW,National Weekly,77,72,10,71,34,64,69,56,8,90,2660
2013-10-07,MS,Monday Special,74,20,88,47,66,23,40,58,34,90,406
2013-10-08,LT,Lucky Tuesday,33,51,84,6,22,32,80,67,4,21,328
2013-10-09,MW,MidWeek,14,12,69,45,74,48,27,89,34,71,527
2013-10-12,NW,National Weekly,9,44,11,29,40,33,43,53,37,71,2661
2013-10-14,MS,Monday Special,36,1,9,33,24,90,72,58,60,21,407
2013-10-15,LT,Lucky Tuesday,24,43,52,56,89,27,13,49,50,2,329
2013-10-16,MW,MidWeek,50,15,83,58,10,62,76,72,22,66,528
2013-10-18,FB,Friday Bonanza,56,19,44,78,90,10,14,34,58,67,316
2013-10-19,NW,National Weekly,13,4,19,14,42,12,60,57,15,17,2662
2013-10-21,MS,Monday Special,11,19,54,76,34,74,27,31,20,17,408
2013-10-22,LT,Lucky Tuesday,42,4,88,55,39,20,63,89,67,58,330
2013-10-23,MW,MidWeek,5,75,9,19,53,11,18,63,61,74,529
2013-10-25,FB,Friday Bonanza,50,33,34,28,85,2,65,35,42,60,317
2013-10-26,NW,National Weekly,27,19,65,49,57,75,24,31,90,32,2663
2013-10-28,MS,Monday Special,52,17,44,74,51,76,79,35,18,54,409
2013-10-29,LT,Lucky Tuesday,40,23,61,27,55,60,64,56,59,3,331
2013-10-30,MW,MidWeek,6,89,31,7,27,2,38,26,64,67,530
2013-11-01,FB,Friday Bonanza,90,23,7,86,59,13,17,42,8,54,318
2013-11-02,NW,National Weekly,61,44,74,66,72,34,42,55,57,64,2664
2013-11-04,MS,Monday Special,80,49,67,11,15,53,3,51,5,30,410
2013-11-05,LT,Lucky Tuesday,60,35,16,15,27,17,33,25,66,71,332
2013-11-06,MW,MidWeek,71,45,73,82,72,21,11,88,3,69,531
2013-11-08,FB,Friday Bonanza,23,71,6,50,85,57,66,59,7,56,319
2013-11-09,NW,National Weekly,73,25,56,88,41,48,11,52,22,60,2665
2013-11-10,FB,Friday Bonanza,66,6,75,68,90,62,37,18,11,42,315
2013-11-11,MS,Monday Special,24,35,77,2,42,55,19,83,57,15,411
2013-11-12,LT,Lucky Tuesday,57,63,32,38,75,40,44,29,61,73,333
2013-11-13,MW,MidWeek,38,75,28,22,80,21,64,86,15,33,532
2013-11-15,FB,Friday Bonanza,70,50,60,22,65,6,47,17,69,49,320
2013-11-16,NW,National Weekly,14,53,55,67,45,41,63,36,2,37,2666
2013-11-18,MS,Monday Special,8,56,3,29,50,70,47,76,77,37,412
2013-11-19,LT,Lucky Tuesday,49,83,50,78,28,5,15,14,73,68,334
2013-11-20,MW,MidWeek,64,20,11,21,24,30,36,15,89,16,533
2013-11-22,FB,Friday Bonanza,5,55,2,88,53,75,29,70,86,11,321
2013-11-23,NW,National Weekly,76,72,36,10,22,83,37,46,57,2,2667
2013-11-25,MS,Monday Special,29,72,38,61,85,78,9,36,25,64,413
2013-11-26,LT,Lucky Tuesday,13,64,53,10,37,34,70,75,40,14,335
2013-11-27,MW,MidWeek,74,83,2,62,89,67,1,70,5,21,534
2013-11-29,FB,Friday Bonanza,4,83,48,9,3,28,89,57,1,32,322
2013-11-30,NW,National Weekly,62,81,13,64,80,61,15,75,78,23,2668
2013-12-02,MS,Monday Special,49,64,89,18,77,87,48,66,56,53,414
2013-12-03,LT,Lucky Tuesday,77,54,25,40,20,26,76,80,56,61,336
2013-12-04,MW,MidWeek,84,75,67,30,60,8,39,50,63,69,535
2013-12-07,NW,National Weekly,32,82,40,20,33,75,48,3,25,10,2669
2013-12-09,MS,Monday Special,32,11,77,43,47,27,89,72,50,90,415
2013-12-10,LT,Lucky Tuesday,58,13,18,52,86,27,89,69,8,34,337
2013-12-11,MW,MidWeek,76,86,50,58,39,84,71,81,25,87,536
2013-12-13,FB,Friday Bonanza,3,70,80,87,8,44,56,83,77,89,323
2013-12-14,NW,National Weekly,85,81,40,42,71,11,89,44,12,53,2670
2013-12-16,MS,Monday Special,76,12,42,14,8,85,48,41,11,38,416
2013-12-17,LT,Lucky Tuesday,18,88,62,69,27,14,45,84,66,13,338
2013-12-18,MW,MidWeek,84,77,54,50,71,41,14,44,40,23,537
2013-12-20,FB,Friday Bonanza,85,39,71,49,84,23,27,42,80,46,324
2013-12-21,NW,National Weekly,53,90,32,46,86,88,11,70,27,30,2671
2013-12-23,MS,Monday Special,57,54,26,35,39,86,87,13,41,22,417
2013-12-24,LT,Lucky Tuesday,5,50,18,75,58,71,43,12,68,35,339
2013-12-27,FB,Friday Bonanza,1,62,24,22,64,52,90,40,88,21,325
2013-12-28,NW,National Weekly,69,58,16,30,22,78,81,84,32,17,2672
2013-12-30,MS,Monday Special,54,30,71,85,55,10,88,78,87,84,418
2013-12-31,LT,Lucky Tuesday,15,46,3,27,51,9,84,26,45,68,340
2014-01-02,FT,Fortune Thursday,49,14,60,75,68,21,55,26,35,42,342
2014-01-03,FB,Friday Bonanza,60,76,65,67,16,21,86,37,46,62,326
2014-01-04,NW,National Weekly,5,66,39,42,22,4,60,71,33,76,2673
2014-01-06,MS,Monday Special,61,86,69,88,17,28,10,75,72,31,419
2014-01-07,LT,Lucky Tuesday,35,36,5,46,47,70,7,76,43,8,341
2014-01-08,MW,MidWeek,81,45,19,13,8,79,64,71,85,75,538
2014-01-09,FT,Fortune Thursday,38,86,75,83,63,51,30,12,23,71,343
2014-01-10,FB,Friday Bonanza,45,42,15,87,8,67,23,76,71,14,327
2014-01-11,NW,National Weekly,88,73,36,52,64,85,5,12,77,48,2674
2014-01-13,MS,Monday Special,89,2,23,43,29,45,72,41,52,1,420
2014-01-14,LT,Lucky Tuesday,23,53,74,8,52,29,39,63,62,5,342
2014-01-15,MW,MidWeek,85,34,23,6,30,51,72,64,77,70,539
2014-01-16,FT,Fortune Thursday,73,65,16,64,40,59,85,15,26,33,344
2014-01-17,FB,Friday Bonanza,61,24,39,21,37,34,50,59,81,80,328
2014-01-18,NW,National Weekly,80,7,74,56,67,50,14,89,32,63,2675
2014-01-20,MS,Monday Special,89,29,40,52,47,56,86,68,79,60,421
2014-01-21,LT,Lucky Tuesday,51,55,1,40,82,11,56,32,37,46,343
2014-01-22,MW,MidWeek,30,9,83,77,20,22,35,47,73,1,540
2014-01-23,FT,Fortune Thursday,39,48,79,74,76,13,57,62,15,29,345
2014-01-24,FB,Friday Bonanza,75,57,19,16,29,90,15,67,77,30,329
2014-01-25,NW,National Weekly,55,80,83,65,3,12,72,52,48,30,2676
2014-01-27,MS,Monday Special,72,31,50,49,14,27,16,70,18,59,422
2014-01-28,LT,Lucky Tuesday,29,68,76,67,66,47,89,83,59,56,344
2014-01-29,MW,MidWeek,12,48,70,52,4,7,23,64,88,26,541
2014-01-30,FT,Fortune Thursday,8,46,69,89,34,31,50,9,76,24,346
2014-01-31,FB,Friday Bonanza,14,53,74,76,43,48,80,49,34,71,330
2014-02-01,NW,National Weekly,5,16,35,8,20,76,52,58,51,2,2677
2014-02-03,MS,Monday Special,28,9,17,88,42,27,10,82,67,68,423
2014-02-04,LT,Lucky Tuesday,46,69,78,68,14,52,56,53,16,18,345
2014-02-05,MW,MidWeek,30,45,63,8,64,12,52,57,42,20,542
2014-02-06,FT,Fortune Thursday,90,18,54,28,74,55,52,32,19,4,347
2014-02-07,FB,Friday Bonanza,46,29,50,41,85,25,70,80,19,49,331
2014-02-08,NW,National Weekly,39,64,3,41,52,55,37,7,82,58,2678
2014-02-10,MS,Monday Special,45,85,73,17,90,16,77,82,18,54,424
2014-02-11,LT,Lucky Tuesday,85,28,37,64,61,86,22,75,41,59,346
2014-02-12,MW,MidWeek,33,12,60,9,14,82,36,3,90,13,543
2014-02-13,FT,Fortune Thursday,74,38,90,41,23,29,69,64,65,60,348
2014-02-14,FB,Friday Bonanza,79,37,52,5,42,87,88,31,27,16,332
2014-02-15,NW,National Weekly,59,54,14,9,81,39,58,82,5,11,2679
2014-02-17,MS,Monday Special,89,27,9,45,4,30,35,32,34,82,425
2014-02-18,LT,Lucky Tuesday,60,49,29,21,37,83,85,70,66,15,347
2014-02-19,MW,MidWeek,2,80,11,76,35,30,47,72,88,37,544
2014-02-20,FT,Fortune Thursday,82,22,61,3,20,80,29,62,86,49,349
2014-02-21,FB,Friday Bonanza,32,85,36,46,28,13,25,33,90,12,333
2014-02-22,NW,National Weekly,44,36,34,32,58,71,37,49,77,85,2680
2014-02-24,MS,Monday Special,4,5,70,90,79,21,42,25,56,15,426
2014-02-25,LT,Lucky Tuesday,53,33,14,37,77,64,9,35,31,5,348
2014-02-26,MW,MidWeek,49,4,58,13,51,11,12,39,27,25,545
2014-02-27,FT,Fortune Thursday,55,31,15,42,60,5,77,73,33,20,350
2014-02-28,FB,Friday Bonanza,11,45,36,35,50,78,37,21,65,13,334
2014-03-01,NW,National Weekly,3,17,57,43,61,5,50,71,66,54,2681
2014-03-03,MS,Monday Special,58,89,64,63,9,85,45,88,74,34,427
2014-03-04,LT,Lucky Tuesday,12,75,67,71,58,22,63,39,23,30,349
2014-03-05,MW,MidWeek,5,12,6,39,26,37,28,74,8,43,546
2014-03-07,FB,Friday Bonanza,1,28,35,60,64,46,87,72,62,42,335
2014-03-08,NW,National Weekly,16,71,64,3,85,45,28,88,66,58,2682
2014-03-10,MS,Monday Special,70,57,90,55,36,28,62,46,69,3,428
2014-03-11,LT,Lucky Tuesday,14,13,35,9,67,11,28,80,21,49,350
2014-03-12,MW,MidWeek,70,60,23,38,73,13,34,35,43,22,547
2014-03-13,FT,Fortune Thursday,82,29,6,78,80,16,26,65,32,58,351
2014-03-14,FB,Friday Bonanza,22,74,35,38,69,33,78,20,26,53,336
2014-03-15,NW,National Weekly,35,15,7,79,40,42,17,61,31,49,2683
2014-03-17,MS,Monday Special,52,80,54,2,50,19,84,53,7,17,429
2014-03-18,LT,Lucky Tuesday,84,44,38,7,53,39,79,83,33,77,351
2014-03-19,MW,MidWeek,85,53,62,55,60,13,38,71,23,40,548
2014-03-20,FT,Fortune Thursday,37,58,4,61,36,5,50,12,15,63,352
2014-03-21,FB,Friday Bonanza,18,58,43,51,12,77,42,14,19,55,337
2014-03-22,NW,National Weekly,80,75,71,13,18,16,46,20,38,57,2684
2014-03-24,MS,Monday Special,15,11,75,71,19,57,78,5,37,7,430
2014-03-25,LT,Lucky Tuesday,16,59,45,24,57,47,37,60,49,72,352
2014-03-26,MW,MidWeek,31,85,53,84,60,80,67,69,59,63,549
2014-03-27,FT,Fortune Thursday,3,43,63,86,68,13,12,28,16,78,353
2014-03-28,FB,Friday Bonanza,70,34,62,43,5,74,71,35,68,73,338
2014-03-29,NW,National Weekly,83,53,82,8,3,46,73,89,39,14,2685
2014-03-31,MS,Monday Special,63,66,16,87,52,61,33,67,12,51,431
2014-04-01,LT,Lucky Tuesday,78,40,18,77,45,21,11,43,50,52,353
2014-04-02,MW,MidWeek,3,9,59,72,10,87,44,57,81,32,550
2014-04-03,FT,Fortune Thursday,49,39,24,79,47,51,75,13,26,57,354
2014-04-04,FB,Friday Bonanza,11,75,33,31,13,45,7,43,63,55,339
2014-04-05,NW,National Weekly,54,32,19,86,17,29,16,62,47,45,2686
2014-04-07,MS,Monday Special,26,83,31,48,50,21,78,79,77,29,432
2014-04-08,LT,Lucky Tuesday,57,40,70,26,23,75,19,62,5,4,354
2014-04-09,MW,MidWeek,2,53,84,24,59,36,38,87,5,57,551
2014-04-10,FT,Fortune Thursday,29,68,24,42,69,18,62,72,74,4,355
2014-04-11,FB,Friday Bonanza,69,56,73,53,37,36,90,41,76,74,340
2014-04-12,NW,National Weekly,25,15,67,38,57,85,40,86,24,80,2687
2014-04-14,MS,Monday Special,3,55,27,24,41,18,83,15,75,77,433
2014-04-15,LT,Lucky Tuesday,83,63,64,61,45,28,16,59,79,3,355
2014-04-16,MW,MidWeek,70,4,5,85,32,60,17,10,74,41,552
2014-04-17,NW,National Weekly,79,2,72,17,27,63,3,55,87,26,2688
2014-04-17,FT,Fortune Thursday,68,18,44,8,10,33,21,57,5,45,356
2014-04-21,MS,Monday Special,30,7,83,33,56,42,19,63,66,53,434
2014-04-22,LT,Lucky Tuesday,15,54,69,6,90,11,50,29,41,67,356
2014-04-23,MW,MidWeek,22,78,8,73,54,42,74,23,9,80,553
2014-04-24,FT,Fortune Thursday,24,37,62,30,58,65,27,63,31,16,357
2014-04-25,FB,Friday Bonanza,37,10,66,29,52,32,26,5,21,18,341
2014-04-26,NW,National Weekly,61,4,63,7,83,71,11,90,17,21,2689
2014-04-28,MS,Monday Special,84,51,54,52,22,56,76,9,78,12,435
2014-04-29,LT,Lucky Tuesday,11,72,9,2,58,7,30,49,50,54,357
2014-04-30,MW,MidWeek,18,70,22,85,20,23,61,73,83,66,554
2014-05-01,FT,Fortune Thursday,12,53,26,22,88,19,61,10,77,45,358
2014-05-02,FB,Friday Bonanza,45,40,18,16,90,82,1,63,49,61,342
2014-05-03,NW,National Weekly,64,60,83,20,19,89,76,41,75,13,2690
2014-05-05,MS,Monday Special,58,34,36,44,28,20,4,25,53,81,436
2014-05-06,LT,Lucky Tuesday,50,63,32,55,4,21,80,49,20,26,358
2014-05-07,MW,MidWeek,8,15,73,33,58,78,21,51,43,85,555
2014-05-08,FT,Fortune Thursday,48,25,24,61,87,52,18,36,88,64,359
2014-05-09,FB,Friday Bonanza,75,14,61,7,85,89,29,49,82,86,343
2014-05-10,NW,National Weekly,57,10,89,18,88,38,2,25,80,40,2691
2014-05-12,MS,Monday Special,17,33,38,74,85,1,4,3,6,32,437
2014-05-13,LT,Lucky Tuesday,12,16,23,22,13,1,89,84,58,80,359
2014-05-14,MW,MidWeek,18,64,11,1,21,62,35,29,72,65,556
2014-05-15,FT,Fortune Thursday,4,5,16,3,27,74,2,39,23,79,360
2014-05-16,FB,Friday Bonanza,57,26,4,1,40,49,10,2,90,81,344
2014-05-17,NW,National Weekly,70,75,69,36,89,46,23,39,52,13,2692
2014-05-19,MS,Monday Special,72,55,48,73,64,8,56,66,70,39,438
2014-05-20,LT,Lucky Tuesday,72,88,47,33,43,23,46,51,57,11,360
2014-05-21,MW,MidWeek,78,47,89,88,16,36,27,26,45,55,557
2014-05-22,FT,Fortune Thursday,80,17,12,13,36,40,23,76,30,18,361
2014-05-23,FB,Friday Bonanza,7,37,28,19,82,73,76,42,12,59,345
2014-05-24,NW,National Weekly,53,58,10,77,1,59,15,79,60,13,2693
2014-05-27,MS,Monday Special,51,50,17,88,85,71,79,27,47,90,439
2014-05-27,LT,Lucky Tuesday,27,17,33,57,23,6,49,44,16,89,361
2014-05-28,MW,MidWeek,50,55,33,83,37,65,35,74,66,28,558
2014-05-29,FT,Fortune Thursday,18,62,64,78,79,87,80,77,4,81,362
2014-05-30,FB,Friday Bonanza,59,48,41,44,90,70,50,29,9,75,346
2014-05-31,NW,National Weekly,63,17,45,30,20,72,42,77,51,3,2694
2014-06-02,MS,Monday Special,18,28,53,20,30,8,40,65,21,71,440
2014-06-03,LT,Lucky Tuesday,77,50,14,87,38,54,44,64,67,58,362
2014-06-04,MW,MidWeek,19,77,75,67,60,86,57,41,72,38,559
2014-06-05,FT,Fortune Thursday,58,7,5,46,40,44,32,47,81,19,363
2014-06-06,FB,Friday Bonanza,31,81,19,50,64,39,37,23,34,54,347
2014-06-07,NW,National Weekly,65,79,30,7,6,64,71,17,2,13,2695
2014-06-09,MS,Monday Special,38,33,17,75,41,49,88,80,78,40,441
2014-06-10,LT,Lucky Tuesday,49,19,35,1,33,7,23,34,25,80,363
2014-06-11,MW,MidWeek,65,14,16,6,27,1,25,79,81,45,560
2014-06-12,FT,Fortune Thursday,75,53,68,50,87,48,30,73,21,76,364
2014-06-13,FB,Friday Bonanza,51,47,68,3,32,16,80,1,54,61,348
2014-06-14,NW,National Weekly,76,84,90,14,68,89,2,3,70,19,2696
2014-06-16,MS,Monday Special,65,67,3,79,2,89,10,26,88,72,442
2014-06-17,LT,Lucky Tuesday,1,84,5,85,49,37,78,69,53,68,364
2014-06-18,MW,MidWeek,66,82,31,41,2,57,34,65,17,79,561
2014-06-19,FT,Fortune Thursday,60,49,70,17,78,24,23,66,59,43,365
2014-06-20,FB,Friday Bonanza,43,24,25,74,36,10,66,48,1,39,349
2014-06-21,NW,National Weekly,65,15,83,54,81,85,16,75,31,82,2697
2014-06-23,MS,Monday Special,4,48,58,83,23,65,82,21,54,2,443
2014-06-24,LT,Lucky Tuesday,70,80,44,75,6,46,51,1,68,76,365
2014-06-25,MW,MidWeek,13,20,17,64,15,47,7,60,81,83,562
2014-06-26,FT,Fortune Thursday,29,15,89,82,9,77,35,70,19,33,366
2014-06-27,FB,Friday Bonanza,40,90,75,67,89,79,12,9,4,81,350
2014-06-28,NW,National Weekly,46,36,6,4,18,26,27,9,44,71,2698
2014-06-30,MS,Monday Special,55,57,61,88,27,24,76,26,54,23,444
2014-07-02,LT,Lucky Tuesday,9,24,60,3,46,53,82,23,84,19,366
2014-07-02,MW,MidWeek,34,51,83,60,10,35,31,13,45,64,563
2014-07-03,FT,Fortune Thursday,59,56,25,13,8,21,28,48,73,78,367
2014-07-04,FB,Friday Bonanza,84,45,60,33,58,41,90,44,16,18,351
2014-07-05,NW,National Weekly,47,68,77,29,54,1,28,76,75,10,2699
2014-07-07,MS,Monday Special,38,48,83,11,88,70,16,73,20,69,445
2014-07-08,LT,Lucky Tuesday,84,45,59,54,90,82,73,44,41,68,367
2014-07-09,MW,MidWeek,2,66,11,52,37,20,18,10,17,22,564
2014-07-10,FT,Fortune Thursday,90,42,89,77,34,49,73,80,32,54,368
2014-07-11,FB,Friday Bonanza,10,89,60,81,67,75,30,16,46,82,352
2014-07-12,NW,National Weekly,13,6,17,43,12,74,63,4,31,3,2700
2014-07-14,MS,Monday Special,37,10,80,9,2,71,67,81,58,82,446
2014-07-15,LT,Lucky Tuesday,45,55,9,48,71,1,11,49,8,32,368
2014-07-16,MW,MidWeek,86,52,64,84,77,21,70,41,89,49,565
2014-07-17,FT,Fortune Thursday,90,6,11,37,26,13,73,56,75,42,369
2014-07-18,FB,Friday Bonanza,46,79,18,76,31,6,26,81,72,20,353
2014-07-19,NW,National Weekly,84,79,40,16,89,70,14,8,15,49,2701
2014-07-21,MS,Monday Special,33,32,5,16,11,22,41,71,13,58,447
2014-07-22,LT,Lucky Tuesday,81,68,74,70,61,62,28,23,65,40,369
2014-07-23,MW,MidWeek,20,35,30,45,21,67,77,54,74,50,566
2014-07-24,FT,Fortune Thursday,19,41,77,49,14,55,82,66,43,40,370
2014-07-25,FB,Friday Bonanza,22,43,76,18,41,29,28,59,48,30,354
2014-07-26,NW,National Weekly,76,74,23,55,24,10,65,90,12,70,2702
2014-07-29,MS,Monday Special,61,15,5,34,6,39,13,70,82,4,448
2014-07-29,LT,Lucky Tuesday,89,58,63,8,27,19,81,26,88,59,370
2014-07-30,MW,MidWeek,27,69,54,50,19,44,41,15,25,59,567
2014-07-31,FT,Fortune Thursday,12,65,71,66,57,76,55,31,83,5,371
2014-08-01,FB,Friday Bonanza,33,20,75,13,18,41,77,90,1,32,355
2014-08-02,NW,National Weekly,36,2,85,66,87,63,9,78,70,30,2703
2014-08-04,MS,Monday Special,82,46,42,33,19,12,27,29,59,63,449
2014-08-05,LT,Lucky Tuesday,33,89,51,57,74,20,60,71,58,49,371
2014-08-06,MW,MidWeek,44,85,58,65,43,17,24,48,20,59,568
2014-08-07,MW,MidWeek,84,35,10,64,87,86,67,11,82,40,518
2014-08-07,FT,Fortune Thursday,41,67,40,23,45,55,28,38,57,8,372
2014-08-08,FB,Friday Bonanza,9,48,75,70,32,36,33,50,37,5,356
2014-08-09,NW,National Weekly,61,66,6,38,18,12,46,81,17,54,2704
2014-08-11,MS,Monday Special,84,2,5,9,39,33,38,10,73,64,450
2014-08-12,LT,Lucky Tuesday,54,12,10,53,15,32,23,11,85,90,372
2014-08-13,MW,MidWeek,9,38,53,85,72,48,50,63,80,6,569
2014-08-14,FT,Fortune Thursday,15,11,26,86,83,9,10,46,59,66,373
2014-08-15,FB,Friday Bonanza,40,20,35,12,49,61,63,46,30,69,357
2014-08-16,NW,National Weekly,46,58,71,13,60,16,31,14,20,73,2705
2014-08-18,MS,Monday Special,79,77,12,22,20,46,90,4,76,59,451
2014-08-19,LT,Lucky Tuesday,58,44,75,88,89,66,67,52,42,7,373
2014-08-20,MW,MidWeek,32,69,43,24,70,10,31,23,58,49,570
2014-08-21,FT,Fortune Thursday,65,44,33,47,56,25,52,4,73,21,374
2014-08-22,FB,Friday Bonanza,48,15,29,88,9,14,21,11,69,71,358
2014-08-23,NW,National Weekly,27,14,4,42,31,26,13,43,30,49,2706
2014-08-25,MS,Monday Special,5,40,25,58,72,83,39,42,27,70,452
2014-08-26,LT,Lucky Tuesday,89,87,55,16,59,49,12,21,43,10,374
2014-08-27,MW,MidWeek,51,10,70,57,1,31,41,46,72,44,571
2014-08-28,FT,Fortune Thursday,21,83,34,68,51,42,5,86,48,79,375
2014-08-29,FB,Friday Bonanza,31,71,53,75,28,35,33,88,69,41,359
2014-08-30,NW,National Weekly,10,74,32,58,78,42,73,75,72,89,2707
2014-09-01,MS,Monday Special,32,45,63,31,82,22,51,2,40,54,453
2014-09-02,LT,Lucky Tuesday,87,3,6,76,24,48,78,1,29,75,375
2014-09-03,MW,MidWeek,55,61,64,29,53,70,26,4,78,35,572
2014-09-04,FT,Fortune Thursday,68,53,17,81,57,13,73,22,84,3,376
2014-09-05,FB,Friday Bonanza,85,48,87,65,47,52,10,64,84,29,360
2014-09-06,NW,National Weekly,33,46,25,38,84,74,41,54,81,19,2708
2014-09-08,MS,Monday Special,78,85,21,76,7,71,31,34,6,44,454
2014-09-09,LT,Lucky Tuesday,47,57,16,52,85,13,56,33,58,1,376
2014-09-10,MW,MidWeek,48,89,66,67,43,22,78,90,88,80,573
2014-09-11,FT,Fortune Thursday,79,23,22,28,57,62,50,12,3,11,377
2014-09-12,FB,Friday Bonanza,37,57,76,10,38,30,63,55,64,9,361
2014-09-13,NW,National Weekly,78,6,48,68,45,21,40,29,79,51,2709
2014-09-15,MS,Monday Special,45,74,56,23,73,71,78,22,46,52,455
2014-09-16,LT,Lucky Tuesday,42,83,47,22,76,28,14,7,11,13,377
2014-09-17,MW,MidWeek,81,45,27,54,24,40,59,82,70,43,574
2014-09-18,FT,Fortune Thursday,71,22,63,23,42,17,90,8,77,3,378
2014-09-19,FB,Friday Bonanza,4,81,28,23,68,69,43,40,83,65,362
2014-09-20,NW,National Weekly,22,2,70,67,4,66,73,37,54,55,2710
2014-09-22,MS,Monday Special,4,21,31,16,38,62,13,83,7,63,456
2014-09-23,LT,Lucky Tuesday,84,12,4,89,83,42,63,23,20,26,378
2014-09-24,MW,MidWeek,48,57,35,20,59,67,56,30,51,6,575
2014-09-25,FT,Fortune Thursday,88,26,25,76,69,37,41,17,16,23,379
2014-09-26,FB,Friday Bonanza,26,7,28,69,13,45,42,51,29,25,363
2014-09-27,NW,National Weekly,43,32,87,55,13,83,60,24,25,42,2711
2014-09-29,MS,Monday Special,12,14,70,61,22,17,47,77,39,25,457
2014-09-30,LT,Lucky Tuesday,24,12,63,2,33,53,55,85,16,65,379
2014-10-01,MW,MidWeek,66,1,55,58,4,19,62,17,60,90,576
2014-10-02,FT,Fortune Thursday,54,52,56,75,80,50,83,74,69,46,380
2014-10-03,FB,Friday Bonanza,55,22,90,47,67,7,3,35,81,29,364
2014-10-04,NW,National Weekly,4,89,58,73,62,46,74,6,36,81,2712
2014-10-06,MS,Monday Special,40,17,44,16,19,43,66,6,53,56,458
2014-10-07,LT,Lucky Tuesday,52,72,23,86,71,15,24,4,22,57,380
2014-10-08,MW,MidWeek,81,75,4,20,71,29,54,56,16,77,577
2014-10-09,FT,Fortune Thursday,15,66,55,72,48,37,21,43,6,29,381
2014-10-10,FB,Friday Bonanza,39,51,10,81,11,85,41,47,79,44,365
2014-10-11,NW,National Weekly,76,72,42,77,40,90,59,61,29,70,2713
2014-10-13,MS,Monday Special,61,63,15,64,56,5,48,1,78,54,459
2014-10-14,LT,Lucky Tuesday,88,6,70,75,89,79,72,36,44,78,381
2014-10-15,MW,MidWeek,80,44,39,57,5,88,15,68,8,73,578
2014-10-16,FT,Fortune Thursday,8,50,28,29,22,88,55,25,48,82,382
2014-10-17,FB,Friday Bonanza,63,20,61,24,42,6,7,88,17,87,366
2014-10-18,NW,National Weekly,41,83,70,44,53,6,36,19,90,56,2714
2014-10-20,MS,Monday Special,32,33,19,55,34,54,81,37,61,15,460
2014-10-21,LT,Lucky Tuesday,73,21,14,24,42,64,8,69,55,74,382
2014-10-22,MW,MidWeek,65,69,66,50,89,15,4,10,46,42,579
2014-10-23,FT,Fortune Thursday,2,28,8,18,57,70,4,14,37,59,383
2014-10-24,FB,Friday Bonanza,55,20,51,73,61,90,68,83,44,18,367
2014-10-25,NW,National Weekly,82,9,73,54,34,66,18,39,10,47,2715
2014-10-27,MS,Monday Special,56,28,54,35,32,14,12,40,26,7,461
2014-10-28,LT,Lucky Tuesday,46,18,21,47,63,29,10,86,53,44,383
2014-10-29,MW,MidWeek,30,66,57,55,42,14,48,61,23,8,580
2014-10-30,FT,Fortune Thursday,29,37,38,23,63,10,57,41,72,17,384
2014-10-31,FB,Friday Bonanza,85,89,52,51,66,56,84,38,61,39,368
2014-11-01,NW,National Weekly,56,24,60,30,87,18,68,20,8,1,2716
2014-11-03,MS,Monday Special,40,50,41,26,43,80,5,71,64,73,462
2014-11-04,LT,Lucky Tuesday,79,35,17,43,4,67,58,71,33,2,384
2014-11-05,MW,MidWeek,25,63,47,49,75,38,18,74,71,62,581
2014-11-06,FT,Fortune Thursday,37,76,50,65,45,3,60,26,87,62,385
2014-11-07,FB,Friday Bonanza,5,49,26,16,27,65,4,63,6,44,369
2014-11-08,NW,National Weekly,67,57,23,73,37,14,52,56,6,15,2717
2014-11-10,MS,Monday Special,90,24,70,43,46,75,26,60,59,30,463
2014-11-11,LT,Lucky Tuesday,56,60,11,86,65,37,62,17,66,24,385
2014-11-12,MW,MidWeek,24,14,13,31,82,62,9,79,54,86,582
2014-11-13,FT,Fortune Thursday,73,34,87,37,2,59,40,66,11,86,386
2014-11-14,FB,Friday Bonanza,70,89,21,49,37,60,13,81,17,55,370
2014-11-15,NW,National Weekly,81,59,62,20,74,33,17,4,70,73,2718
2014-11-17,MS,Monday Special,11,83,2,86,49,35,22,44,4,47,464
2014-11-18,LT,Lucky Tuesday,4,86,14,17,67,8,3,26,78,36,386
2014-11-19,MW,MidWeek,78,83,55,19,48,81,10,38,80,12,583
2014-11-20,FT,Fortune Thursday,61,17,63,68,49,62,30,84,70,90,387
2014-11-21,FB,Friday Bonanza,73,1,65,50,14,28,78,60,71,84,371
2014-11-22,NW,National Weekly,35,11,70,13,71,74,64,29,28,77,2719
2014-11-24,MS,Monday Special,63,2,33,51,58,74,28,73,15,55,465
2014-11-25,LT,Lucky Tuesday,80,28,38,30,85,65,16,70,83,15,387
2014-11-26,MW,MidWeek,22,48,55,81,74,44,73,53,15,12,584
2014-11-27,FT,Fortune Thursday,50,58,67,7,90,34,39,6,55,38,388
2014-11-28,FB,Friday Bonanza,29,58,21,24,80,9,56,53,26,45,372
2014-11-29,NW,National Weekly,82,76,22,44,27,21,68,31,89,25,2720
2014-12-01,MS,Monday Special,42,3,46,66,65,14,4,69,23,77,466
2014-12-02,LT,Lucky Tuesday,43,50,25,2,71,3,41,56,21,27,388
2014-12-03,MW,MidWeek,26,65,64,42,75,44,29,24,54,6,585
2014-12-04,FT,Fortune Thursday,70,66,79,42,82,38,59,9,65,80,389
2014-12-06,NW,National Weekly,2,36,50,21,39,69,60,78,49,29,2721
2014-12-06,FB,Friday Bonanza,18,77,88,36,90,27,11,33,23,79,373
2014-12-08,MS,Monday Special,63,5,27,72,69,15,32,33,11,16,467
2014-12-09,LT,Lucky Tuesday,29,45,51,78,4,58,20,63,7,75,389
2014-12-10,MW,MidWeek,78,87,41,20,75,32,24,7,42,33,586
2014-12-11,FT,Fortune Thursday,76,17,33,60,14,16,65,84,74,47,390
2014-12-12,FB,Friday Bonanza,78,24,70,4,84,51,49,59,41,89,374
2014-12-13,NW,National Weekly,42,38,83,70,27,56,41,31,25,44,2722
2014-12-15,MS,Monday Special,45,46,53,42,27,52,69,61,8,33,468
2014-12-16,LT,Lucky Tuesday,85,31,73,83,70,58,39,21,28,54,390
2014-12-17,MW,MidWeek,19,68,39,62,26,20,22,48,75,1,587
2014-12-18,FT,Fortune Thursday,33,30,78,25,73,64,35,36,53,68,391
2014-12-19,FB,Friday Bonanza,37,2,86,33,5,14,32,6,84,29,375
2014-12-20,NW,National Weekly,38,87,88,13,86,6,39,78,11,19,2723
2014-12-22,MS,Monday Special,50,19,7,76,34,31,83,71,75,21,469
2014-12-23,LT,Lucky Tuesday,85,17,79,26,3,78,43,56,44,15,391
2014-12-24,MW,MidWeek,47,24,36,52,82,3,69,73,17,27,588
2014-12-27,NW,National Weekly,61,77,84,47,2,72,31,11,70,29,2724
2014-12-29,MS,Monday Special,16,53,52,51,40,55,68,80,78,77,470
2014-12-30,LT,Lucky Tuesday,47,43,33,13,16,52,44,81,78,71,392
2014-12-31,MW,MidWeek,20,75,65,46,41,70,51,88,17,3,589
2015-01-02,FT,Fortune Thursday,83,66,86,30,11,44,56,41,43,25,392
2015-01-02,FB,Friday Bonanza,55,41,12,79,47,9,45,51,37,60,376
2015-01-03,NW,National Weekly,45,48,44,8,47,23,31,42,82,62,2725
2015-01-05,MS,Monday Special,72,57,89,55,31,32,84,12,21,13,471
2015-01-06,LT,Lucky Tuesday,56,33,88,41,24,31,38,78,39,1,393
2015-01-07,MW,MidWeek,28,52,40,48,36,4,21,87,54,11,590
2015-01-08,FT,Fortune Thursday,84,55,27,70,10,85,12,76,25,62,393
2015-01-09,FB,Friday Bonanza,2,16,17,7,1,10,82,61,87,78,377
2015-01-10,NW,National Weekly,77,6,52,69,20,88,28,57,27,85,2726
2015-01-12,MS,Monday Special,42,14,19,88,28,15,76,81,17,77,472
2015-01-13,LT,Lucky Tuesday,50,27,12,42,3,57,77,24,20,80,394
2015-01-14,MW,MidWeek,49,83,29,55,58,72,25,76,77,90,591
2015-01-15,FT,Fortune Thursday,28,15,52,86,70,84,21,11,27,41,394
2015-01-16,FB,Friday Bonanza,3,19,2,39,28,52,77,72,50,49,378
2015-01-17,NW,National Weekly,68,80,81,23,87,63,74,65,16,24,2727
2015-01-19,MS,Monday Special,71,82,61,20,89,4,16,36,10,72,473
2015-01-20,LT,Lucky Tuesday,34,11,76,24,8,9,74,15,45,73,395
2015-01-21,MW,MidWeek,23,42,4,67,26,47,59,57,78,5,592
2015-01-22,FT,Fortune Thursday,43,11,90,61,69,48,33,42,9,57,395
2015-01-23,FB,Friday Bonanza,6,78,69,28,5,80,71,81,2,21,379
2015-01-24,NW,National Weekly,77,71,56,48,69,44,37,5,45,14,2728
2015-01-26,MS,Monday Special,30,54,71,17,16,50,55,67,40,63,474
2015-01-27,LT,Lucky Tuesday,3,22,50,41,63,74,27,88,75,7,396
2015-01-28,MW,MidWeek,7,34,78,69,67,39,13,84,79,60,593
2015-01-29,FT,Fortune Thursday,24,37,80,18,61,30,16,86,51,23,396
2015-01-30,FB,Friday Bonanza,65,40,57,35,52,15,7,61,47,67,380
2015-01-31,NW,National Weekly,4,6,88,23,30,72,52,50,53,66,2729
2015-02-02,MS,Monday Special,36,31,21,40,30,90,72,56,55,12,475
2015-02-03,LT,Lucky Tuesday,42,77,13,28,59,70,46,71,56,36,397
2015-02-04,MW,MidWeek,18,22,28,55,33,34,8,13,14,51,594
2015-02-05,FT,Fortune Thursday,7,80,24,47,34,56,44,79,6,10,397
2015-02-06,FB,Friday Bonanza,55,19,69,76,24,66,88,10,73,28,381
2015-02-07,NW,National Weekly,32,22,5,63,41,82,24,6,64,36,2730
2015-02-09,MS,Monday Special,50,85,62,40,29,28,25,3,30,54,476
2015-02-10,LT,Lucky Tuesday,83,4,78,60,82,39,71,20,19,33,398
2015-02-11,MW,MidWeek,38,16,80,76,8,6,26,86,20,43,595
2015-02-12,FT,Fortune Thursday,76,90,8,71,15,10,5,12,44,75,398
2015-02-13,FB,Friday Bonanza,66,63,11,13,32,86,2,9,75,80,382
2015-02-14,NW,National Weekly,46,26,34,39,79,23,11,25,6,78,2731
2015-02-16,MS,Monday Special,13,50,47,84,37,90,32,56,18,76,477
2015-02-17,LT,Lucky Tuesday,39,81,7,48,12,82,6,70,14,23,399
2015-02-18,MW,MidWeek,76,67,55,45,38,4,60,9,21,24,596
2015-02-19,FT,Fortune Thursday,49,6,57,64,48,37,71,11,15,85,399
2015-02-20,FB,Friday Bonanza,52,49,50,35,4,21,20,41,14,75,383
2015-02-21,NW,National Weekly,16,84,18,19,36,14,61,4,74,24,2732
2015-02-23,MS,Monday Special,3,12,54,25,35,33,20,69,63,10,478
2015-02-24,LT,Lucky Tuesday,82,31,26,16,71,78,12,5,83,80,400
2015-02-25,MW,MidWeek,57,72,4,67,42,75,62,23,34,36,597
2015-02-26,FT,Fortune Thursday,66,49,17,12,61,72,48,75,64,30,400
2015-02-27,FB,Friday Bonanza,59,69,63,31,14,64,87,36,35,47,384
2015-02-28,NW,National Weekly,34,38,16,36,54,24,22,65,40,73,2733
2015-03-02,MS,Monday Special,74,44,33,80,7,77,34,84,40,75,479
2015-03-03,LT,Lucky Tuesday,86,90,63,81,23,22,74,57,61,2,401
2015-03-04,MW,MidWeek,52,67,24,64,69,30,11,47,33,14,598
2015-03-05,FT,Fortune Thursday,2,13,4,52,46,15,83,89,8,5,401
2015-03-07,NW,National Weekly,59,15,45,20,54,23,57,4,62,60,2734
2015-03-09,MS,Monday Special,42,38,81,55,76,83,30,43,36,58,480
2015-03-10,LT,Lucky Tuesday,90,28,47,70,87,60,43,36,82,34,402
2015-03-11,MW,MidWeek,22,6,72,5,90,78,11,38,21,25,599
2015-03-12,FT,Fortune Thursday,3,8,52,39,34,83,71,30,9,4,402
2015-03-13,FB,Friday Bonanza,52,42,65,83,50,13,31,51,78,8,385
2015-03-14,NW,National Weekly,64,50,18,10,2,4,41,31,45,28,2735
2015-03-16,MS,Monday Special,34,42,40,51,17,21,88,79,61,68,481
2015-03-17,LT,Lucky Tuesday,12,41,9,49,71,39,60,55,38,33,403
2015-03-18,MW,MidWeek,66,56,50,3,28,47,17,15,79,83,600
2015-03-19,FT,Fortune Thursday,13,38,82,32,71,20,15,10,76,9,403
2015-03-20,FB,Friday Bonanza,38,69,32,24,55,28,29,23,62,66,386
2015-03-21,NW,National Weekly,4,10,34,23,85,71,72,15,90,39,2736
2015-03-23,MS,Monday Special,16,38,81,74,55,17,19,68,26,89,482
2015-03-24,LT,Lucky Tuesday,6,12,89,20,71,7,70,36,56,24,404
2015-03-25,MW,MidWeek,76,65,4,78,48,24,77,39,67,29,601
2015-03-26,FT,Fortune Thursday,41,42,63,26,46,75,1,2,11,14,404
2015-03-27,FB,Friday Bonanza,58,63,18,46,53,57,23,87,28,11,387
2015-03-28,NW,National Weekly,64,2,34,83,50,86,26,1,66,32,2737
2015-03-30,MS,Monday Special,64,79,78,12,77,44,69,84,86,17,483
2015-03-31,LT,Lucky Tuesday,10,15,80,83,5,53,81,39,30,60,405
2015-04-01,MW,MidWeek,85,13,27,5,87,42,81,6,47,52,602
2015-04-02,NW,National Weekly,37,11,27,57,81,64,83,38,17,49,2738
2015-04-02,FT,Fortune Thursday,56,16,39,78,50,6,65,87,32,58,405
2015-04-07,MS,Monday Special,17,33,90,9,47,58,59,8,3,7,484
2015-04-07,LT,Lucky Tuesday,74,71,88,29,7,48,3,50,49,80,406
2015-04-08,MW,MidWeek,53,23,69,80,45,82,50,32,88,81,603
2015-04-09,FT,Fortune Thursday,5,20,3,26,25,59,14,24,73,7,406
2015-04-10,FB,Friday Bonanza,56,77,32,4,28,3,87,19,42,52,388
2015-04-11,NW,National Weekly,70,85,9,22,27,72,62,35,75,71,2739
2015-04-13,MS,Monday Special,50,29,81,32,8,89,63,74,59,21,485
2015-04-14,LT,Lucky Tuesday,60,12,76,14,63,32,5,50,30,6,407
2015-04-15,MW,MidWeek,36,67,64,74,8,21,28,4,75,81,604
2015-04-16,FT,Fortune Thursday,9,47,37,29,68,45,61,64,48,1,407
2015-04-17,FB,Friday Bonanza,21,19,49,24,37,85,65,63,44,25,389
2015-04-18,NW,National Weekly,47,60,15,78,56,37,48,73,88,36,2740
2015-04-20,MS,Monday Special,77,42,67,45,9,89,37,86,11,24,486
2015-04-21,LT,Lucky Tuesday,55,12,50,85,35,83,20,6,63,37,408
2015-04-22,MW,MidWeek,18,27,90,57,77,25,89,24,85,44,605
2015-04-23,FT,Fortune Thursday,76,35,44,88,77,30,24,73,89,81,408
2015-04-24,FB,Friday Bonanza,76,44,7,56,77,52,61,75,80,67,390
2015-04-25,NW,National Weekly,3,89,27,41,1,13,43,76,65,31,2741
2015-04-27,MS,Monday Special,50,35,75,55,23,12,58,29,46,80,487
2015-04-28,LT,Lucky Tuesday,17,46,6,78,22,51,55,81,48,44,409
2015-04-29,MW,MidWeek,13,26,18,20,57,64,46,62,79,85,606
2015-04-30,FT,Fortune Thursday,32,57,53,3,90,22,36,1,30,42,409
2015-04-30,FB,Friday Bonanza,32,44,7,4,47,33,82,78,74,23,391
2015-05-02,NW,National Weekly,84,75,77,35,41,68,14,27,31,17,2742
2015-05-04,MS,Monday Special,20,36,32,26,27,48,22,13,73,29,488
2015-05-05,LT,Lucky Tuesday,73,27,58,25,19,56,41,76,57,44,410
2015-05-06,MW,MidWeek,89,31,50,22,45,11,77,15,79,71,607
2015-05-07,FT,Fortune Thursday,86,75,76,30,72,63,3,84,12,25,410
2015-05-08,FB,Friday Bonanza,32,52,87,38,34,19,5,72,35,27,392
2015-05-09,NW,National Weekly,85,40,51,26,2,74,37,50,38,53,2743
2015-05-11,MS,Monday Special,27,19,75,32,20,30,74,55,70,13,489
2015-05-12,LT,Lucky Tuesday,8,86,28,70,29,79,89,55,82,80,411
2015-05-13,MW,MidWeek,21,19,14,6,82,23,52,11,68,38,608
2015-05-14,FT,Fortune Thursday,56,31,46,8,68,62,86,35,54,60,411
2015-05-15,FB,Friday Bonanza,46,50,28,69,51,41,60,27,77,40,393
2015-05-16,NW,National Weekly,60,29,16,36,47,13,74,79,88,10,2744
2015-05-18,MS,Monday Special,76,11,9,70,13,29,37,23,57,77,490
2015-05-19,LT,Lucky Tuesday,24,17,16,38,87,27,72,48,82,85,412
2015-05-20,MW,MidWeek,46,80,72,21,67,61,47,89,58,31,609
2015-05-21,FT,Fortune Thursday,51,75,38,77,6,71,32,79,12,4,412
2015-05-22,FB,Friday Bonanza,47,31,48,40,25,27,80,60,21,3,394
2015-05-23,NW,National Weekly,36,27,44,59,74,49,56,38,47,62,2745
2015-05-26,MS,Monday Special,81,2,44,11,29,3,58,10,34,85,491
2015-05-26,LT,Lucky Tuesday,27,81,33,37,17,71,87,6,51,85,413
2015-05-27,MW,MidWeek,73,15,81,57,51,61,46,71,41,8,610
2015-05-28,FT,Fortune Thursday,27,66,71,59,3,46,22,69,85,70,413
2015-05-29,FB,Friday Bonanza,4,89,41,42,73,52,9,56,21,83,395
2015-05-30,NW,National Weekly,69,11,57,1,15,58,48,21,51,37,2746
2015-06-01,MS,Monday Special,84,75,48,38,19,8,57,78,14,1,492
2015-06-02,LT,Lucky Tuesday,16,11,86,31,47,21,73,34,69,50,414
2015-06-03,MW,MidWeek,81,75,45,25,65,48,13,82,15,44,611
2015-06-04,FT,Fortune Thursday,46,68,72,38,78,44,18,41,81,56,414
2015-06-05,FB,Friday Bonanza,46,15,21,61,80,5,67,31,8,58,396
2015-06-06,NW,National Weekly,3,24,75,50,89,8,14,60,77,22,2747
2015-06-08,MS,Monday Special,45,3,42,7,78,34,13,47,6,12,493
2015-06-09,LT,Lucky Tuesday,72,47,57,51,26,90,27,12,80,65,415
2015-06-10,MW,MidWeek,82,79,3,41,66,1,68,21,50,16,612
2015-06-11,FT,Fortune Thursday,19,44,40,49,20,50,57,10,6,9,415
2015-06-12,FB,Friday Bonanza,11,57,33,10,86,14,18,16,27,39,397
2015-06-13,NW,National Weekly,25,35,38,23,31,58,79,29,16,59,2748
2015-06-15,MS,Monday Special,89,76,41,7,30,58,12,22,75,23,494
2015-06-16,LT,Lucky Tuesday,69,52,10,19,29,2,86,61,7,65,416
2015-06-17,MW,MidWeek,59,74,10,80,2,35,71,33,54,28,613
2015-06-18,FT,Fortune Thursday,79,67,71,7,69,88,84,68,20,57,416
2015-06-19,FB,Friday Bonanza,5,11,33,70,39,75,19,46,3,23,398
2015-06-20,NW,National Weekly,25,45,28,3,22,7,57,37,39,78,2749
2015-06-22,MS,Monday Special,62,15,28,43,3,38,65,11,22,47,495
2015-06-23,LT,Lucky Tuesday,22,17,26,89,2,62,38,81,61,58,417
2015-06-24,MW,MidWeek,79,23,20,26,60,73,78,66,15,48,614
2015-06-25,FT,Fortune Thursday,41,27,88,46,43,90,61,26,31,21,417
2015-06-26,FB,Friday Bonanza,75,22,13,31,12,53,79,61,90,37,399
2015-06-27,NW,National Weekly,12,48,63,30,25,75,35,21,76,13,2750
2015-06-29,MS,Monday Special,40,26,70,27,30,17,64,36,89,88,496
2015-06-30,LT,Lucky Tuesday,11,47,81,18,65,27,51,43,29,89,418
2015-07-02,MW,MidWeek,89,88,45,9,33,5,23,73,36,4,615
2015-07-02,FT,Fortune Thursday,86,22,73,33,13,30,3,77,67,8,418
2015-07-03,FB,Friday Bonanza,78,1,31,73,18,15,71,85,88,16,400
2015-07-04,NW,National Weekly,55,1,67,50,60,80,76,3,6,52,2751
2015-07-06,MS,Monday Special,9,90,34,84,53,72,68,13,10,63,497
2015-07-07,LT,Lucky Tuesday,66,48,79,46,36,23,77,4,54,43,419
2015-07-08,MW,MidWeek,57,86,10,66,47,4,56,17,72,70,616
2015-07-09,FT,Fortune Thursday,75,28,41,64,21,35,1,16,8,2,419
2015-07-10,FB,Friday Bonanza,59,81,66,2,82,37,40,20,33,46,401
2015-07-11,NW,National Weekly,38,30,3,65,34,66,37,1,80,86,2752
2015-07-13,MS,Monday Special,68,50,40,74,15,20,48,13,27,31,498
2015-07-14,LT,Lucky Tuesday,65,44,45,88,34,32,51,42,89,46,420
2015-07-15,MW,MidWeek,64,32,39,83,78,10,6,73,87,60,617
2015-07-16,FT,Fortune Thursday,49,55,18,80,1,62,86,21,2,60,420
2015-07-17,FB,Friday Bonanza,40,88,16,22,23,2,58,24,53,71,402
2015-07-18,NW,National Weekly,81,82,46,58,1,84,78,80,15,11,2753
2015-07-21,MS,Monday Special,7,6,22,9,32,8,11,83,21,59,499
2015-07-21,LT,Lucky Tuesday,50,60,48,28,30,33,72,46,32,67,421
2015-07-22,MW,MidWeek,42,4,59,45,87,31,68,24,26,3,618
2015-07-23,FT,Fortune Thursday,10,86,13,62,71,67,47,89,42,56,421
2015-07-24,FB,Friday Bonanza,31,32,87,23,84,27,2,59,71,37,403
2015-07-25,NW,National Weekly,90,68,64,79,42,76,50,67,47,83,2754
2015-07-27,MS,Monday Special,65,30,48,32,5,69,34,21,66,23,500
2015-07-28,LT,Lucky Tuesday,76,31,74,58,59,83,4,44,9,52,422
2015-07-29,MW,MidWeek,18,7,24,25,10,68,29,89,4,57,619
2015-07-30,FT,Fortune Thursday,63,73,15,41,27,29,23,28,85,51,422
2015-07-31,FB,Friday Bonanza,88,79,3,15,50,8,49,55,77,9,404
2015-08-01,NW,National Weekly,34,90,49,39,10,32,70,80,57,21,2755
2015-08-03,MS,Monday Special,28,57,54,23,24,85,20,46,3,81,501
2015-08-04,LT,Lucky Tuesday,81,37,17,32,49,34,56,5,36,38,423
2015-08-05,MW,MidWeek,66,16,33,77,85,51,78,81,37,71,620
2015-08-06,FT,Fortune Thursday,25,57,10,3,67,24,4,75,68,86,423
2015-08-07,FB,Friday Bonanza,76,13,71,63,57,81,33,54,72,17,405
2015-08-08,NW,National Weekly,84,31,52,36,60,75,73,71,5,4,2756
2015-08-10,MS,Monday Special,22,73,36,26,51,58,70,57,65,85,502
2015-08-11,LT,Lucky Tuesday,18,38,14,6,53,77,16,74,25,15,424
2015-08-12,MW,MidWeek,25,82,31,85,14,32,78,35,76,24,621
2015-08-13,FT,Fortune Thursday,34,29,6,77,22,66,88,31,58,33,424
2015-08-14,FB,Friday Bonanza,86,83,5,4,22,50,36,75,77,41,406
2015-08-15,NW,National Weekly,16,87,68,76,51,48,23,75,63,21,2757
2015-08-17,MS,Monday Special,39,22,85,63,44,64,88,47,38,40,503
2015-08-18,LT,Lucky Tuesday,29,33,23,6,3,25,70,13,52,12,425
2015-08-19,MW,MidWeek,61,29,31,72,55,25,50,68,54,67,622
2015-08-20,FT,Fortune Thursday,21,48,35,74,20,77,60,31,69,4,425
2015-08-21,FB,Friday Bonanza,86,24,82,20,15,44,66,55,7,9,407
2015-08-22,NW,National Weekly,47,23,54,15,11,66,22,62,76,30,2758
2015-08-24,MS,Monday Special,13,39,36,12,45,7,20,41,27,79,504
2015-08-25,LT,Lucky Tuesday,61,13,35,15,71,32,78,25,36,69,426
2015-08-26,MW,MidWeek,70,2,53,41,59,33,63,43,68,74,623
2015-08-27,FT,Fortune Thursday,83,1,67,37,85,43,86,74,64,25,426
2015-08-28,FB,Friday Bonanza,60,39,37,68,46,11,77,65,21,80,408
2015-08-29,NW,National Weekly,79,52,22,49,82,90,74,10,53,55,2759
2015-08-31,MS,Monday Special,71,42,90,12,6,29,54,37,10,67,505
2015-09-01,LT,Lucky Tuesday,64,36,86,80,84,19,23,65,38,44,427
2015-09-02,MW,MidWeek,42,11,79,78,77,45,37,50,82,68,624
2015-09-03,FT,Fortune Thursday,78,88,26,35,41,79,86,7,15,69,427
2015-09-04,FB,Friday Bonanza,27,45,76,8,15,22,66,53,61,26,409
2015-09-05,NW,National Weekly,68,51,3,54,37,70,71,50,76,72,2760
2015-09-07,MS,Monday Special,14,29,23,70,86,11,52,50,51,68,506
2015-09-08,LT,Lucky Tuesday,68,47,21,46,81,14,60,51,29,36,428
2015-09-09,MW,MidWeek,88,78,13,83,72,11,81,19,61,1,625
2015-09-10,FT,Fortune Thursday,56,72,30,4,85,82,52,43,16,73,428
2015-09-11,FB,Friday Bonanza,23,81,60,9,80,79,31,42,26,40,410
2015-09-12,NW,National Weekly,90,25,48,40,51,76,10,43,63,39,2761
2015-09-14,MS,Monday Special,31,46,71,73,6,19,84,30,1,9,507
2015-09-15,LT,Lucky Tuesday,42,26,88,27,78,48,4,60,83,54,429
2015-09-16,MW,MidWeek,21,83,62,55,42,2,52,5,6,20,626
2015-09-17,FT,Fortune Thursday,17,73,52,31,10,80,44,46,62,38,429
2015-09-18,FB,Friday Bonanza,80,84,3,46,64,27,54,35,79,48,411
2015-09-19,NW,National Weekly,54,11,49,20,34,23,88,31,28,32,2762
2015-09-22,MS,Monday Special,35,43,79,36,34,46,20,76,60,78,508
2015-09-22,LT,Lucky Tuesday,26,83,65,19,68,50,53,36,13,84,430
2015-09-23,MW,MidWeek,12,71,15,61,87,42,47,29,86,19,627
2015-09-25,FT,Fortune Thursday,10,53,44,90,45,76,6,23,56,87,430
2015-09-25,FB,Friday Bonanza,47,25,78,64,62,15,90,85,50,33,412
2015-09-26,NW,National Weekly,42,60,48,32,78,84,57,77,43,17,2763
2015-09-28,MS,Monday Special,42,29,67,82,46,58,18,45,87,81,509
2015-09-29,LT,Lucky Tuesday,46,13,7,84,69,29,86,56,66,14,431
2015-09-30,MW,MidWeek,75,57,71,42,80,5,67,14,7,74,628
2015-10-01,FT,Fortune Thursday,22,10,34,32,11,81,84,8,12,75,431
2015-10-02,FB,Friday Bonanza,46,84,78,88,11,48,29,40,25,16,413
2015-10-03,NW,National Weekly,58,80,50,90,42,65,14,38,48,17,2764
2015-10-05,MS,Monday Special,72,44,54,33,3,4,52,27,40,29,510
2015-10-06,LT,Lucky Tuesday,53,77,17,44,43,75,54,15,37,69,432
2015-10-07,MW,MidWeek,60,57,85,31,17,50,8,81,67,21,629
2015-10-08,FT,Fortune Thursday,34,58,89,63,85,65,86,11,23,24,432
2015-10-09,FB,Friday Bonanza,3,1,72,61,6,35,29,74,59,85,414
2015-10-10,NW,National Weekly,73,53,45,81,50,4,85,32,65,57,2765
2015-10-12,MS,Monday Special,7,87,3,48,18,20,49,1,84,15,511
2015-10-13,LT,Lucky Tuesday,89,48,67,14,69,44,87,79,53,82,433
2015-10-14,MW,MidWeek,52,84,30,48,55,74,83,69,88,56,630
2015-10-15,FT,Fortune Thursday,19,21,5,69,49,61,47,15,7,88,433
2015-10-16,FB,Friday Bonanza,80,65,5,36,85,1,66,82,23,20,415
2015-10-17,NW,National Weekly,39,15,5,11,84,78,8,2,44,80,2766
2015-10-19,MS,Monday Special,57,50,13,68,16,62,23,81,86,74,512
2015-10-20,LT,Lucky Tuesday,8,86,88,9,56,74,11,18,71,29,434
2015-10-21,MW,MidWeek,75,86,24,80,36,76,53,83,2,84,631
2015-10-22,FT,Fortune Thursday,49,4,67,2,60,25,44,73,37,24,434
2015-10-23,FB,Friday Bonanza,16,67,14,58,90,73,36,11,43,20,416
2015-10-24,NW,National Weekly,79,45,87,52,44,53,29,56,84,76,2767
2015-10-26,MS,Monday Special,66,15,4,34,88,74,44,28,90,1,513
2015-10-27,LT,Lucky Tuesday,84,78,19,56,23,18,58,45,17,90,435
2015-10-28,MW,MidWeek,30,13,6,10,82,79,73,49,12,7,632
2015-10-29,FT,Fortune Thursday,64,87,56,3,63,7,29,67,82,88,435
2015-10-30,FB,Friday Bonanza,83,38,85,24,49,60,52,59,70,20,417
2015-10-31,NW,National Weekly,26,23,61,76,32,39,35,62,81,15,2768
2015-11-02,MS,Monday Special,86,44,81,51,83,32,50,52,24,69,514
2015-11-03,LT,Lucky Tuesday,86,90,10,19,43,88,50,12,77,9,436
2015-11-04,MW,MidWeek,51,82,87,6,61,42,28,79,77,13,633
2015-11-05,FT,Fortune Thursday,9,6,65,16,40,77,21,62,14,71,436
2015-11-06,FB,Friday Bonanza,75,29,43,11,31,63,78,36,1,51,418
2015-11-07,NW,National Weekly,61,8,78,51,64,1,66,44,68,41,2769
2015-11-09,MS,Monday Special,52,30,12,75,90,58,32,77,64,44,515
2015-11-10,LT,Lucky Tuesday,43,16,51,86,85,6,7,48,40,81,437
2015-11-11,MW,MidWeek,83,67,59,76,30,49,62,64,8,90,634
2015-11-12,FT,Fortune Thursday,1,72,48,41,81,56,58,3,68,6,437
2015-11-13,FB,Friday Bonanza,90,25,35,44,82,81,43,24,40,4,419
2015-11-14,NW,National Weekly,47,62,66,71,28,40,23,2,69,43,2770
2015-11-16,MS,Monday Special,37,76,74,57,54,52,9,40,44,18,516
2015-11-17,LT,Lucky Tuesday,38,57,44,37,63,46,62,43,27,90,438
2015-11-18,MW,MidWeek,47,8,77,53,23,87,41,75,64,89,635
2015-11-19,FT,Fortune Thursday,24,33,17,78,69,7,87,72,16,2,438
2015-11-20,FB,Friday Bonanza,80,4,26,73,31,60,10,72,5,70,420
2015-11-21,NW,National Weekly,25,22,56,36,70,4,13,12,59,90,2771
2015-11-23,MS,Monday Special,71,82,36,9,14,43,12,34,73,31,517
2015-11-24,LT,Lucky Tuesday,43,67,54,42,46,78,84,72,81,66,439
2015-11-25,MW,MidWeek,73,40,24,89,42,56,34,79,23,72,636
2015-11-26,FT,Fortune Thursday,85,16,80,60,78,5,61,27,49,20,439
2015-11-27,FB,Friday Bonanza,45,84,66,74,31,62,44,13,80,27,421
2015-11-28,NW,National Weekly,1,70,24,60,14,36,35,41,67,39,2772
2015-11-30,MS,Monday Special,67,90,14,23,57,54,65,76,60,81,518
2015-12-01,LT,Lucky Tuesday,51,74,73,6,25,58,65,53,33,28,440
2015-12-02,MW,MidWeek,50,72,90,44,75,82,71,32,87,59,637
2015-12-03,FT,Fortune Thursday,53,22,6,32,59,81,70,76,89,45,440
2015-12-03,FB,Friday Bonanza,13,72,37,66,38,84,73,27,61,82,422
2015-12-05,NW,National Weekly,22,17,27,63,59,51,79,47,57,80,2773
2015-12-07,MS,Monday Special,31,43,25,51,1,86,80,66,15,55,519
2015-12-08,LT,Lucky Tuesday,73,32,68,70,47,62,23,29,43,10,441
2015-12-09,MW,MidWeek,12,8,36,11,65,87,31,22,67,68,638
2015-12-10,FT,Fortune Thursday,64,35,87,32,51,57,7,38,77,24,441
2015-12-11,FB,Friday Bonanza,76,11,40,28,8,51,62,52,41,14,423
2015-12-12,NW,National Weekly,53,14,25,76,26,87,40,8,85,19,2774
2015-12-14,MS,Monday Special,19,2,40,13,39,90,1,44,35,33,520
2015-12-15,LT,Lucky Tuesday,29,74,75,39,44,17,70,81,48,85,442
2015-12-16,MW,MidWeek,42,30,48,84,65,77,7,1,2,4,639
2015-12-17,FT,Fortune Thursday,51,68,64,54,53,2,17,16,14,4,442
2015-12-18,FB,Friday Bonanza,2,56,70,69,47,40,82,66,64,72,424
2015-12-19,NW,National Weekly,74,12,84,42,48,90,38,54,32,72,2775
2015-12-21,MS,Monday Special,32,62,29,70,60,64,46,47,26,74,521
2015-12-22,LT,Lucky Tuesday,2,29,84,23,73,22,43,52,33,27,443
2015-12-23,MW,MidWeek,23,51,64,85,27,47,62,58,4,87,640
2015-12-24,NW,National Weekly,75,68,74,41,57,17,47,35,7,10,2776
2015-12-24,FT,Fortune Thursday,88,70,42,82,47,43,54,55,34,39,443
2015-12-29,MS,Monday Special,57,41,20,53,64,13,42,63,31,9,522
2015-12-29,LT,Lucky Tuesday,52,16,38,13,64,57,36,35,86,61,444
2015-12-30,MW,MidWeek,7,74,3,64,28,44,48,55,78,54,641
2015-12-31,FT,Fortune Thursday,49,80,75,34,79,72,28,44,12,16,444
2015-12-31,FB,Friday Bonanza,21,90,13,65,48,26,43,25,84,27,425
2016-01-02,NW,National Weekly,13,90,15,47,64,24,41,37,6,75,2777
2016-01-04,MS,Monday Special,51,33,19,65,17,84,27,60,78,28,523
2016-01-05,LT,Lucky Tuesday,72,28,18,56,54,6,32,58,24,30,445
2016-01-06,MW,MidWeek,76,39,26,54,29,17,71,15,67,72,642
2016-01-07,FT,Fortune Thursday,25,53,14,84,41,49,88,63,76,90,445
2016-01-08,FB,Friday Bonanza,21,26,48,8,47,33,4,36,52,53,426
2016-01-09,NW,National Weekly,53,68,25,79,12,10,8,16,81,90,2778
2016-01-11,MS,Monday Special,28,49,3,54,27,1,7,53,39,16,524
2016-01-12,LT,Lucky Tuesday,7,52,37,29,57,14,67,72,70,56,446
2016-01-13,MW,MidWeek,45,18,76,88,56,15,54,73,69,13,643
2016-01-14,FT,Fortune Thursday,74,65,58,41,29,36,25,71,84,10,446
2016-01-15,FB,Friday Bonanza,43,4,21,9,86,41,60,24,25,36,427
2016-01-16,NW,National Weekly,23,39,63,4,84,35,18,87,14,20,2779
2016-01-18,MS,Monday Special,50,43,8,86,44,60,21,29,66,61,525
2016-01-19,LT,Lucky Tuesday,67,83,21,89,1,46,59,50,12,78,447
2016-01-20,MW,MidWeek,56,62,79,49,24,13,12,42,35,76,644
2016-01-21,FT,Fortune Thursday,22,25,43,11,72,39,36,56,2,62,447
2016-01-22,FB,Friday Bonanza,80,60,58,67,39,50,72,78,43,41,428
2016-01-23,NW,National Weekly,29,43,62,21,46,54,9,83,51,69,2780
2016-01-25,MS,Monday Special,81,52,25,17,7,80,84,76,42,46,526
2016-01-26,LT,Lucky Tuesday,30,19,38,37,74,33,25,82,88,39,448
2016-01-27,MW,MidWeek,84,34,27,14,79,69,28,90,65,53,645
2016-01-28,FT,Fortune Thursday,77,2,11,5,62,36,12,55,20,58,448
2016-01-29,FB,Friday Bonanza,64,21,82,74,78,14,50,77,45,63,429
2016-01-30,NW,National Weekly,62,19,57,7,73,16,63,53,77,3,2781
2016-02-01,MS,Monday Special,50,7,90,13,23,74,57,35,15,21,527
2016-02-02,LT,Lucky Tuesday,57,50,29,40,9,1,62,83,11,27,449
2016-02-03,MW,MidWeek,47,35,65,81,48,15,57,37,69,20,646
2016-02-04,FT,Fortune Thursday,42,3,59,53,83,33,26,62,50,13,449
2016-02-05,FB,Friday Bonanza,1,30,32,25,2,80,64,28,5,36,430
2016-02-06,NW,National Weekly,62,24,63,16,48,83,17,47,37,90,2782
2016-02-08,MS,Monday Special,28,60,29,38,49,11,83,63,53,26,528
2016-02-09,LT,Lucky Tuesday,67,6,45,23,38,44,83,36,4,13,450
2016-02-10,MW,MidWeek,26,24,62,82,66,59,28,48,84,81,647
2016-02-11,FT,Fortune Thursday,12,54,1,41,71,89,76,28,14,60,450
2016-02-12,FB,Friday Bonanza,32,28,23,22,74,33,1,83,79,80,431
2016-02-13,NW,National Weekly,33,60,71,75,31,72,16,1,47,28,2783
2016-02-15,MS,Monday Special,37,86,17,50,68,3,38,26,24,61,529
2016-02-16,LT,Lucky Tuesday,55,8,38,29,40,59,21,80,75,20,451
2016-02-17,MW,MidWeek,19,42,57,39,87,53,78,73,62,9,648
2016-02-18,FT,Fortune Thursday,34,10,68,76,8,16,12,88,21,13,451
2016-02-19,FB,Friday Bonanza,46,17,70,84,43,45,88,58,21,6,432
2016-02-20,NW,National Weekly,2,69,32,9,30,45,13,82,23,63,2784
2016-02-22,MS,Monday Special,12,70,53,48,6,58,79,3,4,78,530
2016-02-23,LT,Lucky Tuesday,68,31,67,65,25,80,6,46,24,81,452
2016-02-24,MW,MidWeek,21,44,89,59,25,81,23,82,16,72,649
2016-02-25,FT,Fortune Thursday,57,51,10,43,38,79,59,23,7,14,452
2016-02-26,FB,Friday Bonanza,53,19,20,10,32,12,88,44,90,59,433
2016-02-27,NW,National Weekly,76,17,86,37,79,33,20,90,55,14,2785
2016-02-29,MS,Monday Special,8,33,76,73,64,51,48,34,36,6,531
2016-03-01,LT,Lucky Tuesday,8,31,40,28,43,79,81,22,29,24,453
2016-03-02,MW,MidWeek,24,52,48,31,47,2,21,5,43,55,650
2016-03-03,FT,Fortune Thursday,58,72,90,40,78,35,70,31,79,42,453
2016-03-04,FB,Friday Bonanza,61,21,35,74,84,37,68,38,63,9,434
2016-03-05,NW,National Weekly,88,67,36,23,82,85,61,78,46,70,2786
2016-03-08,MS,Monday Special,34,89,54,85,82,51,36,5,7,42,532
2016-03-08,LT,Lucky Tuesday,81,9,48,39,25,80,61,21,32,86,454
2016-03-09,MW,MidWeek,1,33,28,39,57,7,85,50,23,10,651
2016-03-10,FT,Fortune Thursday,7,42,31,45,50,55,70,21,79,71,454
2016-03-11,FB,Friday Bonanza,8,1,73,17,75,32,21,5,55,3,435
2016-03-12,NW,National Weekly,16,67,15,38,71,44,17,72,14,5,2787
2016-03-14,MS,Monday Special,16,61,84,57,2,79,55,33,6,86,533
2016-03-15,LT,Lucky Tuesday,15,3,52,79,26,47,88,11,53,48,455
2016-03-16,MW,MidWeek,41,43,36,1,55,46,6,73,24,3,652
2016-03-17,FT,Fortune Thursday,79,62,28,40,82,61,15,89,42,31,455
2016-03-18,FB,Friday Bonanza,48,32,3,11,58,77,63,25,40,20,436
2016-03-19,NW,National Weekly,2,29,58,52,28,15,62,65,3,16,2788
2016-03-21,MS,Monday Special,13,44,70,24,41,5,69,68,78,74,534
2016-03-22,LT,Lucky Tuesday,75,57,76,37,27,23,9,43,22,71,456
2016-03-23,MW,MidWeek,30,67,16,46,54,50,68,6,25,20,653
2016-03-24,NW,National Weekly,45,12,18,65,77,16,40,67,70,39,2789
2016-03-24,FT,Fortune Thursday,90,66,48,88,43,79,1,39,72,7,456
2016-03-29,MS,Monday Special,80,30,16,45,56,64,63,29,12,41,535
2016-03-29,LT,Lucky Tuesday,69,46,47,52,37,12,51,68,35,86,457
2016-03-30,MW,MidWeek,21,15,84,23,80,73,40,69,8,82,654
2016-03-31,FT,Fortune Thursday,49,79,87,46,70,6,90,8,80,18,457
2016-04-01,FB,Friday Bonanza,40,68,87,10,78,66,55,61,58,4,437
2016-04-02,NW,National Weekly,61,5,79,78,7,20,16,36,69,8,2790
2016-04-04,MS,Monday Special,20,29,36,25,18,12,61,42,52,15,536
2016-04-05,LT,Lucky Tuesday,9,7,51,32,54,88,10,72,44,45,458
2016-04-06,MW,MidWeek,36,47,8,49,79,16,84,90,74,77,655
2016-04-07,FT,Fortune Thursday,31,42,10,15,90,22,67,58,69,43,458
2016-04-08,FB,Friday Bonanza,8,47,23,2,1,86,74,57,30,62,438
2016-04-09,NW,National Weekly,47,38,22,25,78,31,43,80,41,87,2791
2016-04-11,MS,Monday Special,16,89,15,80,26,12,55,85,41,23,537
2016-04-12,LT,Lucky Tuesday,57,47,29,7,42,70,25,87,63,62,459
2016-04-13,MW,MidWeek,81,24,29,42,49,68,11,41,9,43,656
2016-04-14,FT,Fortune Thursday,10,53,43,59,45,87,50,48,83,52,459
2016-04-15,FB,Friday Bonanza,60,29,50,87,49,73,89,45,76,44,439
2016-04-16,NW,National Weekly,86,56,35,6,62,61,25,54,16,36,2792
2016-04-18,MS,Monday Special,2,78,64,26,9,57,77,46,69,1,538
2016-04-19,LT,Lucky Tuesday,13,70,35,29,26,11,14,88,84,37,460
2016-04-20,MW,MidWeek,63,76,44,12,35,77,33,30,80,38,657
2016-04-21,FT,Fortune Thursday,59,80,24,56,40,30,58,3,74,12,460
2016-04-22,FB,Friday Bonanza,42,32,63,52,70,21,31,84,76,73,440
2016-04-23,NW,National Weekly,70,60,13,17,84,82,35,18,30,62,2793
2016-04-25,MS,Monday Special,55,18,47,7,85,39,36,57,51,79,539
2016-04-26,LT,Lucky Tuesday,71,24,74,59,85,81,86,48,62,23,461
2016-04-27,MW,MidWeek,72,63,90,37,11,55,69,22,32,86,658
2016-04-28,FT,Fortune Thursday,20,15,24,43,61,88,19,27,57,13,461
2016-04-29,FB,Friday Bonanza,57,90,23,22,64,41,20,27,79,78,441
2016-04-30,NW,National Weekly,32,68,52,18,10,63,13,57,87,80,2794
2016-05-03,MS,Monday Special,54,82,1,23,88,50,53,34,83,75,540
2016-05-03,LT,Lucky Tuesday,63,78,28,66,51,30,65,46,7,84,462
2016-05-04,MW,MidWeek,52,1,70,16,85,53,7,40,48,90,659
2016-05-05,FT,Fortune Thursday,48,15,18,42,40,45,25,69,84,85,462
2016-05-06,FB,Friday Bonanza,25,65,81,82,6,1,62,60,4,72,442
2016-05-07,NW,National Weekly,7,54,57,52,10,55,85,32,20,30,2795
2016-05-09,MS,Monday Special,58,68,40,29,12,73,90,89,65,43,541
2016-05-10,LT,Lucky Tuesday,3,56,69,85,39,26,48,35,50,27,463
2016-05-11,MW,MidWeek,56,54,58,89,34,31,71,27,5,36,660
2016-05-12,FT,Fortune Thursday,31,50,21,58,75,60,30,37,24,39,463
2016-05-13,FB,Friday Bonanza,49,63,67,66,36,46,78,29,3,55,443
2016-05-14,NW,National Weekly,73,41,18,76,33,62,59,16,65,52,2796
2016-05-16,MS,Monday Special,48,51,78,23,9,14,32,36,1,15,542
2016-05-17,LT,Lucky Tuesday,60,90,13,80,75,42,10,21,2,24,464
2016-05-18,MW,MidWeek,29,74,49,89,75,7,67,73,37,63,661
2016-05-19,FT,Fortune Thursday,8,6,29,35,89,63,5,30,28,83,464
2016-05-20,FB,Friday Bonanza,51,49,11,31,9,40,80,58,57,79,444
2016-05-21,NW,National Weekly,39,78,12,40,14,3,28,86,25,8,2797
2016-05-23,MS,Monday Special,47,76,23,8,70,12,4,3,10,79,543
2016-05-24,LT,Lucky Tuesday,33,88,27,87,68,19,36,77,5,1,465
2016-05-26,MW,MidWeek,26,49,28,47,16,63,75,80,40,51,662
2016-05-26,FT,Fortune Thursday,49,55,70,24,62,19,33,20,86,74,465
2016-05-27,FB,Friday Bonanza,1,28,12,66,88,68,69,77,64,74,445
2016-05-28,NW,National Weekly,75,55,2,41,85,6,87,47,34,62,2798
2016-05-30,MS,Monday Special,48,54,19,31,8,79,40,51,27,41,544
2016-05-31,LT,Lucky Tuesday,74,88,58,77,3,25,27,69,12,48,466
2016-06-01,MW,MidWeek,38,44,76,14,54,26,85,17,2,72,663
2016-06-02,FT,Fortune Thursday,60,86,53,57,35,2,5,52,13,70,466
2016-06-03,FB,Friday Bonanza,48,15,86,65,53,33,32,75,24,72,446
2016-06-04,NW,National Weekly,57,73,85,84,71,39,18,34,3,90,2799
2016-06-06,MS,Monday Special,89,84,18,61,6,7,15,69,1,26,545
2016-06-07,LT,Lucky Tuesday,77,89,26,65,3,64,73,39,20,72,467
2016-06-08,MW,MidWeek,33,86,54,90,11,85,87,64,56,20,664
2016-06-10,FB,Friday Bonanza,80,7,31,82,78,88,16,24,46,72,447
2016-06-11,NW,National Weekly,51,26,60,66,8,35,65,34,5,80,2800
2016-06-13,MS,Monday Special,90,58,59,10,23,88,63,80,55,40,546
2016-06-14,LT,Lucky Tuesday,8,49,17,41,13,83,81,6,63,44,468
2016-06-15,MW,MidWeek,84,67,13,41,5,59,49,27,79,56,665
2016-06-16,FT,Fortune Thursday,16,51,57,81,64,19,49,63,36,74,468
2016-06-17,FB,Friday Bonanza,64,74,68,71,23,27,17,31,6,43,448
2016-06-18,NW,National Weekly,15,61,38,6,46,66,21,25,89,4,2801
2016-06-20,MS,Monday Special,33,86,51,53,61,81,79,59,17,70,547
2016-06-21,LT,Lucky Tuesday,15,4,75,17,88,61,38,71,85,39,469
2016-06-22,MW,MidWeek,13,57,49,56,85,89,44,17,71,42,666
2016-06-23,FT,Fortune Thursday,86,37,10,74,72,18,65,46,78,26,467
2016-06-23,FT,Fortune Thursday,24,20,87,8,27,42,82,29,12,41,469
2016-06-24,FB,Friday Bonanza,25,70,27,1,24,79,5,3,56,51,449
2016-06-25,NW,National Weekly,25,17,19,72,63,22,11,35,37,13,2802
2016-06-27,MS,Monday Special,55,34,64,43,7,6,12,14,80,81,548
2016-06-28,LT,Lucky Tuesday,9,71,53,54,21,81,86,31,67,18,470
2016-06-29,MW,MidWeek,59,55,33,31,82,17,73,36,25,15,667
2016-06-30,FT,Fortune Thursday,23,84,65,32,69,54,72,42,83,39,470
2016-06-30,FB,Friday Bonanza,29,40,38,46,69,21,18,26,11,36,450
2016-07-02,NW,National Weekly,61,88,15,32,35,60,84,87,21,20,2803
2016-07-04,MS,Monday Special,11,83,90,5,24,30,39,81,75,16,549
2016-07-05,LT,Lucky Tuesday,49,13,20,52,8,54,34,15,47,85,471
2016-07-07,MW,MidWeek,24,52,47,48,87,45,44,36,82,41,668
2016-07-07,FT,Fortune Thursday,66,43,32,67,37,18,27,77,68,35,471
2016-07-08,FB,Friday Bonanza,28,70,18,49,38,82,16,24,44,12,451
2016-07-09,NW,National Weekly,45,60,26,64,50,68,19,22,74,66,2804
2016-07-11,MS,Monday Special,80,88,38,72,10,13,6,78,52,23,550
2016-07-12,LT,Lucky Tuesday,46,43,81,7,27,22,87,13,66,47,472
2016-07-13,MW,MidWeek,76,46,53,6,83,66,63,10,72,7,669
2016-07-14,FT,Fortune Thursday,82,77,7,66,4,43,6,79,16,37,472
2016-07-15,FB,Friday Bonanza,55,75,3,72,45,43,17,90,53,68,452
2016-07-16,NW,National Weekly,62,39,26,63,21,43,85,75,73,69,2805
2016-07-18,MS,Monday Special,4,48,36,42,41,87,13,27,85,46,551
2016-07-19,LT,Lucky Tuesday,82,58,50,52,79,65,26,57,45,29,473
2016-07-20,MW,MidWeek,88,24,81,6,4,54,28,10,49,13,670
2016-07-21,FT,Fortune Thursday,1,52,89,42,55,81,5,45,59,40,473
2016-07-22,FB,Friday Bonanza,56,28,29,19,87,26,83,2,46,33,453
2016-07-23,NW,National Weekly,65,81,79,89,1,86,80,42,5,36,2806
2016-07-25,MS,Monday Special,39,46,48,25,19,67,78,28,15,44,552
2016-07-26,LT,Lucky Tuesday,87,51,22,56,53,83,21,33,47,58,474
2016-07-27,MW,MidWeek,54,77,69,61,53,31,48,46,32,90,671
2016-07-28,FT,Fortune Thursday,10,3,63,13,55,77,29,60,59,7,474
2016-07-29,FB,Friday Bonanza,28,58,87,78,40,44,16,84,54,17,454
2016-07-30,NW,National Weekly,1,32,19,45,89,38,71,77,86,21,2807
2016-08-01,MS,Monday Special,10,23,64,88,9,31,81,44,55,69,553
2016-08-02,LT,Lucky Tuesday,33,62,46,87,77,57,58,59,38,84,475
2016-08-03,MW,MidWeek,87,20,59,75,49,78,4,9,10,82,672
2016-08-04,FT,Fortune Thursday,37,81,47,56,59,66,82,78,1,30,475
2016-08-05,FB,Friday Bonanza,41,42,12,68,45,24,47,9,65,82,455
2016-08-08,NW,National Weekly,17,3,13,54,89,62,70,68,37,21,2808
2016-08-08,MS,Monday Special,69,51,29,5,86,79,64,1,18,72,554
2016-08-09,LT,Lucky Tuesday,90,52,63,7,36,77,14,40,50,87,476
2016-08-10,MW,MidWeek,28,17,80,37,14,43,19,1,36,15,673
2016-08-11,FT,Fortune Thursday,32,5,44,26,25,30,39,11,41,18,476
2016-08-12,FB,Friday Bonanza,75,52,81,68,11,40,23,74,34,87,456
2016-08-13,NW,National Weekly,88,50,65,46,35,33,29,24,9,74,2809
2016-08-15,MS,Monday Special,22,49,73,37,21,11,46,10,78,56,555
2016-08-16,LT,Lucky Tuesday,32,72,45,16,61,18,1,15,75,2,477
2016-08-17,MW,MidWeek,54,59,47,18,76,88,66,9,90,77,674
2016-08-18,FT,Fortune Thursday,90,76,68,1,25,87,67,70,35,45,477
2016-08-19,FB,Friday Bonanza,3,24,22,84,55,9,60,34,56,90,457
2016-08-20,NW,National Weekly,50,57,40,26,15,55,42,45,17,67,2810
2016-08-22,MS,Monday Special,7,65,55,2,50,56,37,59,54,33,556
2016-08-23,LT,Lucky Tuesday,16,41,67,48,72,82,23,44,87,8,478
2016-08-24,MW,MidWeek,22,74,49,38,25,48,67,29,16,60,675
2016-08-25,FT,Fortune Thursday,37,14,89,22,79,73,19,83,54,18,478
2016-08-26,FB,Friday Bonanza,11,23,30,69,79,83,82,5,52,45,458
2016-08-27,NW,National Weekly,70,57,34,20,59,5,21,90,72,10,2811
2016-08-29,MS,Monday Special,12,51,40,28,9,52,44,60,15,24,557
2016-08-30,LT,Lucky Tuesday,63,57,16,46,28,14,24,64,36,69,479
2016-08-31,MW,MidWeek,1,67,14,43,58,47,81,68,40,9,676
2016-09-01,FT,Fortune Thursday,44,72,16,75,25,84,86,54,70,48,479
2016-09-02,FB,Friday Bonanza,10,63,53,73,25,61,2,19,64,18,459
2016-09-03,NW,National Weekly,28,55,83,82,24,43,44,88,81,62,2812
2016-09-05,MS,Monday Special,70,36,11,48,59,57,5,3,69,85,558
2016-09-06,LT,Lucky Tuesday,47,36,10,63,75,60,29,83,67,46,480
2016-09-07,MW,MidWeek,57,89,75,58,6,65,63,87,84,50,677
2016-09-08,FT,Fortune Thursday,52,56,42,4,41,18,39,84,13,38,480
2016-09-09,FB,Friday Bonanza,82,54,68,33,1,23,89,34,60,31,460
2016-09-10,NW,National Weekly,63,33,71,81,37,40,62,26,2,89,2813
2016-09-13,MS,Monday Special,19,58,84,77,7,65,79,66,5,24,559
2016-09-13,LT,Lucky Tuesday,40,88,59,61,6,62,39,27,50,83,481
2016-09-14,MW,MidWeek,44,72,32,52,59,76,64,17,51,45,678
2016-09-15,FT,Fortune Thursday,7,60,34,30,76,2,79,24,49,47,481
2016-09-16,FB,Friday Bonanza,61,41,27,36,71,9,69,83,15,14,461
2016-09-17,NW,National Weekly,21,15,51,53,65,79,82,17,24,6,2814
2016-09-19,MS,Monday Special,11,71,87,15,6,84,90,46,13,5,560
2016-09-20,LT,Lucky Tuesday,55,53,61,46,27,22,50,83,87,38,482
2016-09-22,MW,MidWeek,29,75,18,43,83,24,39,51,62,42,679
2016-09-22,FT,Fortune Thursday,68,66,55,21,58,8,1,31,24,23,482
2016-09-23,FB,Friday Bonanza,86,75,68,79,52,90,7,65,11,16,462
2016-09-24,NW,National Weekly,57,10,79,73,65,33,84,25,80,90,2815
2016-09-26,MS,Monday Special,83,42,88,77,90,44,67,20,36,11,561
2016-09-27,LT,Lucky Tuesday,38,23,3,40,65,9,90,68,39,87,483
2016-09-28,MW,MidWeek,42,26,65,40,6,85,31,70,38,22,680
2016-09-29,FT,Fortune Thursday,16,78,50,79,34,89,32,68,18,85,483
2016-09-30,FB,Friday Bonanza,58,79,65,15,75,85,4,60,61,48,463
2016-10-01,NW,National Weekly,69,79,71,89,13,12,16,20,67,61,2816
2016-10-03,MS,Monday Special,25,26,18,16,30,9,36,87,33,46,562
2016-10-04,LT,Lucky Tuesday,19,55,61,17,7,20,31,3,74,5,484
2016-10-05,MW,MidWeek,73,83,56,78,43,24,19,84,8,58,681
2016-10-06,FT,Fortune Thursday,70,56,49,86,66,33,16,83,11,7,484
2016-10-07,FB,Friday Bonanza,23,59,29,72,83,81,61,86,70,77,464
2016-10-08,NW,National Weekly,36,45,49,4,24,41,71,83,7,62,2817
2016-10-10,MS,Monday Special,68,1,24,22,88,75,52,5,87,42,563
2016-10-11,LT,Lucky Tuesday,57,47,5,80,60,34,76,40,70,52,485
2016-10-12,MW,MidWeek,46,50,2,62,52,78,30,25,26,58,682
2016-10-13,FT,Fortune Thursday,58,72,38,89,3,61,44,69,15,57,485
2016-10-14,FB,Friday Bonanza,39,75,24,26,44,40,70,7,45,5,465
2016-10-15,NW,National Weekly,23,53,21,29,35,32,27,44,18,68,2818
2016-10-17,MS,Monday Special,76,25,50,72,67,4,10,46,51,69,564
2016-10-18,LT,Lucky Tuesday,83,88,67,8,64,26,46,52,42,76,486
2016-10-19,MW,MidWeek,63,8,49,87,2,6,31,89,16,29,683
2016-10-20,FT,Fortune Thursday,64,34,44,31,10,35,43,38,5,85,486
2016-10-21,FB,Friday Bonanza,44,12,87,56,11,7,37,30,81,67,466
2016-10-22,NW,National Weekly,67,34,83,29,6,60,45,57,70,23,2819
2016-10-24,MS,Monday Special,76,53,77,24,22,89,44,55,71,38,565
2016-10-25,LT,Lucky Tuesday,9,31,49,75,69,3,51,29,55,86,487
2016-10-26,MW,MidWeek,78,72,89,4,58,83,39,51,52,26,684
2016-10-27,FT,Fortune Thursday,62,90,13,2,59,31,30,77,23,75,487
2016-10-28,FB,Friday Bonanza,1,59,15,58,43,47,40,48,77,76,467
2016-10-29,NW,National Weekly,2,17,35,47,76,62,48,32,34,21,2820
2016-10-31,MS,Monday Special,38,84,10,69,8,5,27,28,50,79,566
2016-11-01,LT,Lucky Tuesday,43,35,77,89,69,84,20,26,15,86,488
2016-11-02,MW,MidWeek,64,12,70,71,60,42,43,76,39,9,685
2016-11-03,FT,Fortune Thursday,74,6,1,89,64,28,41,42,21,90,488
2016-11-04,FB,Friday Bonanza,8,18,51,35,57,86,85,21,9,68,468
2016-11-05,NW,National Weekly,77,27,46,61,36,34,75,8,9,28,2821
2016-11-07,MS,Monday Special,31,2,9,56,1,26,81,22,70,51,567
2016-11-08,LT,Lucky Tuesday,10,24,38,2,48,63,86,83,81,42,489
2016-11-09,MW,MidWeek,21,55,89,24,27,74,37,30,52,11,686
2016-11-10,FT,Fortune Thursday,5,80,43,45,32,40,73,4,1,64,489
2016-11-11,FB,Friday Bonanza,57,90,16,8,71,4,36,76,45,41,469
2016-11-12,NW,National Weekly,71,14,62,32,40,20,51,72,11,9,2822
2016-11-14,MS,Monday Special,71,35,17,14,75,34,1,56,38,16,568
2016-11-15,LT,Lucky Tuesday,39,51,28,3,58,27,20,43,29,90,490
2016-11-16,MW,MidWeek,57,18,53,6,84,17,21,83,70,82,687
2016-11-17,FT,Fortune Thursday,39,22,66,28,53,68,26,80,74,18,490
2016-11-18,FB,Friday Bonanza,70,24,61,45,64,31,75,83,33,69,470
2016-11-19,NW,National Weekly,37,79,12,38,63,80,5,35,69,14,2823
2016-11-21,MS,Monday Special,75,53,28,24,47,31,50,64,1,8,569
2016-11-22,LT,Lucky Tuesday,35,60,68,15,22,2,81,8,11,59,491
2016-11-23,MW,MidWeek,1,40,57,63,45,26,46,53,27,87,688
2016-11-24,FT,Fortune Thursday,3,27,50,38,8,88,59,33,6,69,491
2016-11-25,FB,Friday Bonanza,84,41,42,57,20,15,56,51,43,10,471
2016-11-26,NW,National Weekly,30,1,65,36,62,40,58,88,78,69,2824
2016-11-28,MS,Monday Special,5,84,36,63,85,40,26,64,72,48,570
2016-11-29,LT,Lucky Tuesday,56,26,83,58,39,69,43,29,88,38,492
2016-11-30,MW,MidWeek,36,19,37,43,12,10,22,70,60,26,689
2016-12-01,FT,Fortune Thursday,67,9,11,86,87,85,38,89,50,63,492
2016-12-01,FB,Friday Bonanza,10,38,79,48,64,27,71,89,8,57,472
2016-12-03,NW,National Weekly,68,36,13,74,38,70,64,23,75,71,2825
2016-12-05,MS,Monday Special,43,59,35,82,54,25,61,30,57,52,571
2016-12-06,LT,Lucky Tuesday,26,52,11,69,38,72,31,57,79,1,493
2016-12-07,MW,MidWeek,46,52,22,1,20,73,6,32,36,29,690
2016-12-08,FT,Fortune Thursday,68,80,43,11,59,79,63,76,37,85,493
2016-12-09,FB,Friday Bonanza,52,79,65,47,42,2,27,73,55,14,473
2016-12-10,NW,National Weekly,25,57,24,84,74,30,81,34,37,43,2826
2016-12-12,MS,Monday Special,26,84,55,88,87,5,27,22,49,20,572
2016-12-13,LT,Lucky Tuesday,30,64,4,38,16,34,21,90,74,63,494
2016-12-14,MW,MidWeek,4,75,64,5,41,7,29,56,24,35,691
2016-12-15,FT,Fortune Thursday,60,56,41,3,7,17,9,46,43,30,494
2016-12-16,FB,Friday Bonanza,80,3,78,47,19,45,29,88,10,30,474
2016-12-17,NW,National Weekly,60,66,15,6,5,37,1,2,4,71,2827
2016-12-19,MS,Monday Special,24,35,6,74,46,2,85,63,75,67,573
2016-12-20,LT,Lucky Tuesday,66,72,6,13,79,85,86,60,53,32,495
2016-12-21,MW,MidWeek,21,58,32,19,5,75,48,71,16,34,692
2016-12-22,FT,Fortune Thursday,44,47,84,37,21,90,49,77,85,76,495
2016-12-23,FB,Friday Bonanza,29,69,7,28,68,17,23,13,54,85,475
2016-12-24,NW,National Weekly,50,25,17,33,53,14,60,88,65,66,2828
2016-12-28,LT,Lucky Tuesday,29,31,26,39,44,88,60,43,42,27,496
2016-12-28,MW,MidWeek,13,53,9,49,15,32,70,80,56,31,693
2016-12-29,FT,Fortune Thursday,78,67,8,41,86,28,9,73,64,52,496
2016-12-30,FB,Friday Bonanza,32,33,75,40,69,10,26,5,3,82,476
2016-12-31,NW,National Weekly,12,86,17,39,25,34,23,46,54,30,2829
2017-01-02,MS,Monday Special,48,45,64,32,50,82,44,33,4,5,574
2017-01-03,LT,Lucky Tuesday,69,58,75,1,34,88,52,78,71,44,497
2017-01-04,MW,MidWeek,11,68,8,56,85,13,90,38,44,33,694
2017-01-05,FT,Fortune Thursday,38,60,90,71,23,39,75,18,33,43,497
2017-01-06,FB,Friday Bonanza,74,59,46,33,71,87,45,70,24,78,477
2017-01-07,NW,National Weekly,17,61,51,84,42,67,7,58,78,12,2830
2017-01-09,MS,Monday Special,66,60,64,26,24,12,16,8,88,51,575
2017-01-10,LT,Lucky Tuesday,44,56,13,32,65,48,83,55,5,49,498
2017-01-11,MW,MidWeek,81,54,17,20,40,88,79,60,68,35,695
2017-01-12,FT,Fortune Thursday,5,58,24,51,66,60,76,90,72,82,498
2017-01-13,FB,Friday Bonanza,82,21,62,7,77,39,48,10,49,57,478
2017-01-14,NW,National Weekly,26,66,79,41,34,47,16,36,88,27,2831
2017-01-16,MS,Monday Special,26,32,40,61,20,9,7,39,85,28,576
2017-01-17,LT,Lucky Tuesday,56,31,26,22,18,72,23,70,43,64,499
2017-01-18,MW,MidWeek,17,48,33,30,88,66,2,21,12,51,696
2017-01-19,FT,Fortune Thursday,89,75,35,64,65,9,87,21,1,77,499
2017-01-20,FB,Friday Bonanza,31,28,42,65,81,6,20,63,88,17,479
2017-01-21,NW,National Weekly,54,19,33,85,63,66,2,76,23,25,2832
2017-01-23,MS,Monday Special,35,72,77,19,30,36,86,11,42,37,577
2017-01-24,LT,Lucky Tuesday,36,19,63,2,7,29,57,64,50,37,500
2017-01-25,MW,MidWeek,4,74,52,9,89,30,64,20,13,27,697
2017-01-26,FT,Fortune Thursday,50,49,35,42,32,29,15,74,18,66,500
2017-01-27,FB,Friday Bonanza,52,65,90,39,36,64,81,29,14,35,480
2017-01-28,NW,National Weekly,33,71,42,15,14,69,37,50,89,19,2833
2017-01-30,MS,Monday Special,46,90,73,50,15,42,60,58,39,76,578
2017-01-31,LT,Lucky Tuesday,24,3,74,19,75,22,89,53,87,55,501
2017-02-01,MW,MidWeek,64,61,82,87,90,38,7,62,34,11,698
2017-02-02,FT,Fortune Thursday,61,34,47,76,38,23,68,29,7,5,501
2017-02-03,FB,Friday Bonanza,48,51,80,27,78,18,24,31,26,58,481
2017-02-04,NW,National Weekly,17,19,18,60,76,43,70,79,38,46,2834
2017-02-06,MS,Monday Special,24,85,75,4,27,70,88,12,36,86,579
2017-02-07,LT,Lucky Tuesday,61,90,68,37,54,71,15,82,58,36,502
2017-02-08,MW,MidWeek,18,19,76,37,45,59,44,11,2,16,699
2017-02-09,FT,Fortune Thursday,74,29,9,48,27,89,10,46,20,62,502
2017-02-10,FB,Friday Bonanza,22,57,29,87,6,55,44,56,28,5,482
2017-02-11,NW,National Weekly,41,79,69,26,31,90,34,75,55,64,2835
2017-02-13,MS,Monday Special,47,80,54,82,36,26,28,23,88,71,580
2017-02-14,LT,Lucky Tuesday,41,35,49,26,11,17,20,62,45,77,503
2017-02-15,MW,MidWeek,15,52,63,1,50,83,28,33,44,42,700
2017-02-16,FT,Fortune Thursday,45,12,21,60,13,35,23,34,75,77,503
2017-02-17,FB,Friday Bonanza,17,75,79,73,71,2,24,55,16,81,483
2017-02-18,NW,National Weekly,46,47,88,8,83,39,35,12,64,80,2836
2017-02-20,MS,Monday Special,69,46,24,60,9,28,86,71,53,80,581
2017-02-21,LT,Lucky Tuesday,11,69,49,42,32,75,62,9,38,83,504
2017-02-22,MW,MidWeek,75,86,32,61,76,7,68,80,31,47,701
2017-02-23,FT,Fortune Thursday,59,22,64,36,34,39,68,38,54,53,504
2017-02-24,FB,Friday Bonanza,76,33,63,35,43,46,18,66,17,57,484
2017-02-25,NW,National Weekly,17,64,36,56,52,86,55,40,51,33,2837
2017-02-27,MS,Monday Special,9,3,14,76,51,68,26,16,37,42,582
2017-02-28,LT,Lucky Tuesday,26,78,75,87,6,62,74,86,18,59,505
2017-03-01,MW,MidWeek,66,52,38,82,88,14,24,11,50,70,702
2017-03-02,FT,Fortune Thursday,66,29,54,61,49,6,26,65,8,37,505
2017-03-03,FB,Friday Bonanza,73,41,10,33,8,30,2,46,6,89,485
2017-03-04,NW,National Weekly,54,66,1,48,79,33,43,90,16,13,2838
2017-03-06,MS,Monday Special,71,84,35,38,67,61,89,30,68,12,583
2017-03-07,LT,Lucky Tuesday,66,50,4,90,70,32,74,71,11,19,506
2017-03-08,MW,MidWeek,43,30,15,35,31,57,46,22,59,40,703
2017-03-09,FT,Fortune Thursday,50,10,63,64,4,39,74,17,16,52,506
2017-03-10,FB,Friday Bonanza,11,64,65,45,61,14,15,3,85,21,486
2017-03-11,NW,National Weekly,12,55,31,51,64,50,45,60,30,28,2839
2017-03-13,MS,Monday Special,49,28,44,70,11,85,19,16,38,59,584
2017-03-14,LT,Lucky Tuesday,18,61,38,2,21,6,20,64,24,15,507
2017-03-15,MW,MidWeek,23,84,29,77,5,8,32,6,53,15,704
2017-03-16,FT,Fortune Thursday,76,87,37,83,62,28,60,57,30,40,507
2017-03-17,FB,Friday Bonanza,51,29,42,9,17,4,5,87,90,78,487
2017-03-18,NW,National Weekly,71,48,66,80,10,73,68,53,39,50,2840
2017-03-20,MS,Monday Special,24,70,7,79,38,74,37,73,60,71,585
2017-03-21,LT,Lucky Tuesday,6,86,60,36,26,68,79,34,67,37,508
2017-03-22,MW,MidWeek,70,61,74,85,58,13,36,63,75,71,705
2017-03-23,FT,Fortune Thursday,16,26,76,48,15,22,7,47,49,20,508
2017-03-24,FB,Friday Bonanza,77,57,18,48,88,38,42,26,72,35,488
2017-03-25,NW,National Weekly,41,62,30,66,22,11,65,39,80,8,2841
2017-03-27,MS,Monday Special,25,14,3,45,10,50,16,61,2,81,586
2017-03-28,LT,Lucky Tuesday,84,33,85,53,34,73,79,13,65,11,509
2017-03-29,MW,MidWeek,4,9,26,43,45,1,79,30,39,53,706
2017-03-30,FT,Fortune Thursday,18,56,74,43,52,66,36,12,47,61,509
2017-03-31,FB,Friday Bonanza,15,76,11,26,21,71,59,43,72,2,489
2017-04-01,NW,National Weekly,42,13,87,56,46,11,3,27,24,47,2842
2017-04-03,MS,Monday Special,48,89,47,10,22,50,43,12,7,77,587
2017-04-04,LT,Lucky Tuesday,24,1,21,39,61,46,49,12,6,15,510
2017-04-05,MW,MidWeek,90,78,85,19,47,18,79,36,86,35,707
2017-04-06,FT,Fortune Thursday,27,46,29,69,57,88,61,7,37,60,510
2017-04-07,FB,Friday Bonanza,65,49,48,23,50,78,68,9,45,32,490
2017-04-08,NW,National Weekly,57,50,24,5,62,32,55,79,36,29,2843
2017-04-10,MS,Monday Special,66,14,5,63,2,51,7,21,87,50,588
2017-04-11,LT,Lucky Tuesday,90,37,18,48,25,71,33,34,51,42,511
2017-04-12,MW,MidWeek,65,78,42,55,8,37,74,35,47,12,708
2017-04-13,NW,National Weekly,53,54,63,48,5,57,61,13,33,39,2844
2017-04-13,FT,Fortune Thursday,81,20,57,26,79,71,56,35,37,78,511
2017-04-18,MS,Monday Special,18,55,12,41,40,7,64,43,60,39,589
2017-04-18,LT,Lucky Tuesday,30,23,6,80,43,81,59,63,83,55,512
2017-04-19,MW,MidWeek,50,31,26,14,86,72,21,3,69,53,709
2017-04-20,FT,Fortune Thursday,5,87,44,47,18,84,31,29,55,17,512
2017-04-21,FB,Friday Bonanza,56,61,78,8,10,30,62,23,81,50,491
2017-04-22,NW,National Weekly,68,2,52,18,83,76,74,31,44,48,2845
2017-04-24,MS,Monday Special,2,76,4,19,25,51,47,6,8,83,590
2017-04-25,LT,Lucky Tuesday,85,41,1,4,52,15,7,44,67,43,513
2017-04-26,MW,MidWeek,20,68,26,65,80,88,62,52,54,42,710
2017-04-27,FT,Fortune Thursday,25,84,31,61,64,77,38,45,53,10,513
2017-04-28,FB,Friday Bonanza,67,42,26,76,65,5,25,48,47,63,492
2017-04-29,NW,National Weekly,13,33,57,37,34,90,89,59,50,35,2846
2017-05-02,MS,Monday Special,67,6,27,51,60,49,20,76,54,22,591
2017-05-02,LT,Lucky Tuesday,58,17,4,50,45,36,8,46,20,23,514
2017-05-03,MW,MidWeek,39,58,36,33,47,29,38,67,35,45,711
2017-05-04,FT,Fortune Thursday,70,24,73,75,34,47,19,52,8,26,514
2017-05-05,FB,Friday Bonanza,16,17,47,21,37,49,58,30,63,88,493
2017-05-06,NW,National Weekly,42,1,76,75,36,16,33,46,30,7,2847
2017-05-08,MS,Monday Special,30,23,66,52,44,24,38,81,57,42,592
2017-05-09,LT,Lucky Tuesday,18,42,83,89,26,21,24,47,37,69,515
2017-05-10,MW,MidWeek,37,30,63,13,19,10,75,14,32,50,712
2017-05-11,FT,Fortune Thursday,21,28,2,69,82,32,9,34,68,4,515
2017-05-12,FB,Friday Bonanza,39,49,88,15,30,90,44,47,2,66,494
2017-05-13,NW,National Weekly,42,29,51,13,22,3,58,82,39,23,2848
2017-05-15,MS,Monday Special,25,73,28,86,24,63,40,88,13,89,593
2017-05-16,LT,Lucky Tuesday,72,28,58,80,67,51,12,10,11,48,516
2017-05-17,MW,MidWeek,5,74,75,66,10,77,1,6,47,19,713
2017-05-18,FT,Fortune Thursday,70,6,90,59,41,46,39,31,42,76,516
2017-05-19,FB,Friday Bonanza,64,89,15,14,36,23,61,11,59,27,495
2017-05-20,NW,National Weekly,46,54,63,59,90,41,72,30,17,60,2849
2017-05-22,MS,Monday Special,67,33,65,78,70,1,28,24,59,2,594
2017-05-23,LT,Lucky Tuesday,46,31,64,47,38,35,27,79,40,42,517
2017-05-24,MW,MidWeek,76,71,55,75,13,58,69,67,77,17,714
2017-05-26,FT,Fortune Thursday,39,7,25,6,9,20,74,22,4,69,517
2017-05-26,FB,Friday Bonanza,72,73,40,23,21,46,90,65,6,45,496
2017-05-27,NW,National Weekly,35,6,54,24,11,51,85,4,77,53,2850
2017-05-29,MS,Monday Special,3,37,82,73,72,1,42,50,12,59,595
2017-05-30,LT,Lucky Tuesday,80,51,28,27,68,62,75,88,82,15,518
2017-05-31,MW,MidWeek,53,17,4,60,89,28,42,36,7,80,715
2017-06-01,FT,Fortune Thursday,27,24,46,28,54,12,72,80,19,8,518
2017-06-02,FB,Friday Bonanza,44,10,32,33,26,85,80,17,29,1,497
2017-06-03,NW,National Weekly,13,18,32,9,58,16,65,22,7,78,2851
2017-06-05,MS,Monday Special,27,65,4,30,16,22,57,48,76,25,596
2017-06-06,LT,Lucky Tuesday,50,59,52,58,33,35,67,73,63,19,519
2017-06-07,MW,MidWeek,16,40,35,47,42,70,10,9,81,14,716
2017-06-08,FT,Fortune Thursday,8,84,81,21,41,29,24,48,54,1,519
2017-06-09,FB,Friday Bonanza,18,62,13,58,63,30,12,59,57,39,498
2017-06-10,NW,National Weekly,33,22,54,39,8,67,58,4,43,75,2852
2017-06-12,MS,Monday Special,33,10,21,38,11,76,15,13,70,80,597
2017-06-13,LT,Lucky Tuesday,13,6,43,9,81,11,83,23,54,70,520
2017-06-14,MW,MidWeek,5,25,71,56,19,42,57,45,36,68,717
2017-06-15,FT,Fortune Thursday,63,12,14,88,5,9,35,10,77,13,520
2017-06-16,FB,Friday Bonanza,27,68,13,48,71,66,9,89,46,81,499
2017-06-17,NW,National Weekly,49,44,8,55,66,4,39,72,75,82,2853
2017-06-19,MS,Monday Special,45,83,66,34,27,31,17,82,79,22,598
2017-06-20,LT,Lucky Tuesday,65,6,2,84,3,51,4,55,20,8,521
2017-06-21,MW,MidWeek,39,30,20,51,61,37,22,23,81,72,718
2017-06-22,FT,Fortune Thursday,3,76,20,15,2,64,6,73,46,67,521
2017-06-23,FB,Friday Bonanza,45,60,81,43,7,76,30,82,75,89,500
2017-06-24,NW,National Weekly,30,43,61,7,74,73,27,42,32,48,2854
2017-06-26,MS,Monday Special,69,23,79,1,50,7,36,18,88,52,599
2017-06-27,LT,Lucky Tuesday,70,57,13,19,55,75,41,11,48,12,522
2017-06-28,MW,MidWeek,18,45,60,67,38,33,39,82,19,48,719
2017-06-29,FT,Fortune Thursday,1,46,29,34,54,66,60,87,23,7,522
2017-06-30,FB,Friday Bonanza,56,30,1,57,38,29,9,3,31,49,501
2017-07-01,NW,National Weekly,85,41,34,2,36,80,68,43,74,38,2855
2017-07-03,MS,Monday Special,66,50,60,21,5,22,70,26,19,90,600
2017-07-04,LT,Lucky Tuesday,11,38,20,9,24,7,31,10,48,86,523
2017-07-05,MW,MidWeek,45,46,62,3,20,27,11,32,55,36,720
2017-07-06,FT,Fortune Thursday,90,51,50,5,35,27,24,40,78,38,523
2017-07-07,FB,Friday Bonanza,4,33,29,61,74,80,54,46,18,57,502
2017-07-08,NW,National Weekly,44,45,65,55,30,2,84,37,1,86,2856
2017-07-10,MS,Monday Special,57,90,14,68,36,88,8,60,22,49,601
2017-07-11,LT,Lucky Tuesday,22,38,71,46,7,50,16,55,23,8,524
2017-07-12,MW,MidWeek,29,23,18,78,13,76,7,14,46,26,721
2017-07-13,FT,Fortune Thursday,85,65,39,57,1,60,53,20,42,32,524
2017-07-14,FB,Friday Bonanza,70,57,41,1,16,71,17,39,18,8,503
2017-07-15,NW,National Weekly,5,10,19,4,18,76,40,38,65,84,2857
2017-07-17,MS,Monday Special,31,36,51,70,14,88,47,35,28,26,602
2017-07-18,LT,Lucky Tuesday,76,78,69,42,16,12,10,17,56,32,525
2017-07-19,MW,MidWeek,74,50,78,70,61,5,87,58,35,72,722
2017-07-20,FT,Fortune Thursday,34,16,47,39,49,13,78,28,29,18,525
2017-07-21,FB,Friday Bonanza,36,41,19,24,48,45,22,69,57,28,504
2017-07-22,NW,National Weekly,81,53,33,69,6,37,40,4,15,68,2858
2017-07-24,MS,Monday Special,55,79,43,67,27,23,30,75,50,49,603
2017-07-25,LT,Lucky Tuesday,15,29,27,26,1,35,19,6,47,64,526
2017-07-26,MW,MidWeek,49,46,79,70,82,59,11,21,1,17,723
2017-07-27,FT,Fortune Thursday,17,1,9,50,8,88,79,25,14,23,526
2017-07-28,FB,Friday Bonanza,87,7,86,60,37,12,70,17,33,25,505
2017-07-29,NW,National Weekly,77,7,2,8,16,68,47,72,66,50,2859
2017-07-31,MS,Monday Special,18,22,29,21,26,31,12,51,60,23,604
2017-08-01,LT,Lucky Tuesday,56,70,16,45,46,39,28,86,55,63,527
2017-08-02,MW,MidWeek,81,4,82,55,37,26,69,85,43,87,724
2017-08-03,FT,Fortune Thursday,89,54,2,36,4,71,12,31,75,84,527
2017-08-04,FB,Friday Bonanza,53,42,64,29,22,51,5,72,32,28,506
2017-08-05,NW,National Weekly,66,83,31,49,82,38,9,5,56,33,2860
2017-08-07,MS,Monday Special,77,41,79,47,34,88,85,40,46,61,605
2017-08-08,LT,Lucky Tuesday,84,3,90,7,48,53,77,46,13,67,528
2017-08-09,MW,MidWeek,12,77,88,61,80,64,14,45,13,47,725
2017-08-10,FT,Fortune Thursday,40,22,32,65,82,9,5,12,30,55,528
2017-08-11,FB,Friday Bonanza,12,55,2,63,29,60,82,32,11,18,507
2017-08-12,NW,National Weekly,89,82,60,20,54,84,30,38,28,51,2861
2017-08-14,MS,Monday Special,24,64,61,58,78,68,41,60,48,3,606
2017-08-15,LT,Lucky Tuesday,67,61,14,19,20,38,10,43,31,18,529
2017-08-16,MW,MidWeek,55,68,13,8,79,16,88,21,51,35,726
2017-08-17,FT,Fortune Thursday,68,8,30,35,58,89,52,50,72,27,529
2017-08-18,FB,Friday Bonanza,14,79,34,47,63,74,62,24,60,77,508
2017-08-19,NW,National Weekly,68,86,8,64,45,43,4,13,78,29,2862
2017-08-21,MS,Monday Special,14,21,29,70,26,85,18,86,1,8,607
2017-08-22,LT,Lucky Tuesday,66,4,65,14,46,53,64,7,76,63,530
2017-08-23,MW,MidWeek,84,15,18,72,6,27,19,48,74,55,727
2017-08-24,FT,Fortune Thursday,10,70,88,80,82,38,25,54,86,29,530
2017-08-25,FB,Friday Bonanza,15,63,16,57,9,30,26,39,29,60,509
2017-08-26,NW,National Weekly,34,42,3,65,79,49,10,62,66,13,2863
2017-08-28,MS,Monday Special,55,16,5,80,62,41,22,64,10,73,608
2017-08-29,LT,Lucky Tuesday,89,72,54,37,33,48,23,14,63,1,531
2017-08-30,MW,MidWeek,49,85,14,33,48,8,31,5,46,58,728
2017-08-31,FT,Fortune Thursday,83,84,46,33,11,62,60,67,14,26,531
2017-08-31,FB,Friday Bonanza,35,9,2,88,71,38,12,66,49,77,510
2017-09-02,NW,National Weekly,10,38,26,4,72,16,76,66,68,62,2864
2017-09-04,MS,Monday Special,62,57,72,53,39,20,12,7,37,78,609
2017-09-05,LT,Lucky Tuesday,51,37,1,31,19,25,85,43,65,27,532
2017-09-06,MW,MidWeek,50,89,54,19,51,1,17,4,45,26,729
2017-09-07,FT,Fortune Thursday,7,29,84,71,86,68,80,60,87,67,532
2017-09-08,FB,Friday Bonanza,22,9,75,74,14,42,61,4,12,2,511
2017-09-09,NW,National Weekly,79,20,51,1,62,10,86,11,75,54,2865
2017-09-11,MS,Monday Special,31,9,2,36,80,14,74,10,90,89,610
2017-09-12,LT,Lucky Tuesday,72,8,88,27,55,2,36,75,76,29,533
2017-09-13,MW,MidWeek,41,1,33,16,75,71,56,85,79,43,730
2017-09-14,FT,Fortune Thursday,17,44,48,23,39,28,53,41,14,52,533
2017-09-15,FB,Friday Bonanza,48,3,60,81,67,28,37,74,58,55,512
2017-09-16,NW,National Weekly,90,19,43,3,28,32,6,42,7,23,2866
2017-09-18,MS,Monday Special,39,81,23,64,3,54,27,5,58,45,611
2017-09-19,LT,Lucky Tuesday,66,62,43,70,5,16,24,12,72,8,534
2017-09-20,MW,MidWeek,54,61,4,7,38,59,32,8,17,13,731
2017-09-21,FT,Fortune Thursday,88,6,77,81,28,25,12,52,83,54,534
2017-09-22,FB,Friday Bonanza,8,69,62,10,6,34,72,39,32,59,513
2017-09-23,NW,National Weekly,78,57,70,40,16,84,23,89,8,58,2867
2017-09-25,MS,Monday Special,70,17,62,44,2,86,42,59,87,77,612
2017-09-26,LT,Lucky Tuesday,56,36,79,29,86,87,81,76,60,11,535
2017-09-27,MW,MidWeek,75,14,60,29,51,12,87,8,66,26,732
2017-09-28,FT,Fortune Thursday,28,87,40,18,78,45,6,86,66,41,535
2017-09-29,FB,Friday Bonanza,17,86,47,76,21,66,69,25,31,8,514
2017-09-30,NW,National Weekly,78,27,88,58,67,63,54,4,36,13,2868
2017-10-02,MS,Monday Special,65,36,58,83,13,62,35,14,37,59,613
2017-10-03,LT,Lucky Tuesday,24,42,18,30,15,40,87,28,7,76,536
2017-10-04,MW,MidWeek,77,37,49,73,57,65,47,68,44,88,733
2017-10-05,FT,Fortune Thursday,43,4,52,71,48,66,51,6,38,41,536
2017-10-06,FB,Friday Bonanza,14,24,20,44,78,27,61,3,35,9,515
2017-10-07,NW,National Weekly,25,37,45,54,18,56,29,38,32,84,2869
2017-10-09,MS,Monday Special,2,50,76,27,65,41,34,68,86,14,614
2017-10-10,LT,Lucky Tuesday,19,58,43,3,2,60,28,54,69,40,537
2017-10-11,MW,MidWeek,77,51,80,81,8,89,44,37,72,47,734
2017-10-12,FT,Fortune Thursday,8,38,85,36,51,11,20,29,40,16,537
2017-10-13,FB,Friday Bonanza,33,69,27,11,50,34,56,24,88,10,516
2017-10-14,NW,National Weekly,64,37,6,61,1,90,89,35,25,29,2870
2017-10-16,MS,Monday Special,18,79,9,66,5,17,74,47,53,90,615
2017-10-17,LT,Lucky Tuesday,46,90,44,57,16,54,63,27,17,59,538
2017-10-18,MW,MidWeek,7,18,10,66,60,31,83,67,61,33,735
2017-10-19,FT,Fortune Thursday,35,89,54,24,22,29,6,45,7,44,538
2017-10-20,FB,Friday Bonanza,80,46,82,2,6,85,48,8,77,17,517
2017-10-21,NW,National Weekly,30,64,45,67,78,61,44,60,15,89,2871
2017-10-23,MS,Monday Special,47,10,90,34,20,36,13,37,44,51,616
2017-10-24,LT,Lucky Tuesday,61,39,71,35,36,43,21,34,19,58,539
2017-10-25,MW,MidWeek,72,81,38,44,46,5,21,17,78,20,736
2017-10-26,FT,Fortune Thursday,9,38,61,18,36,64,24,37,71,40,539
2017-10-27,FB,Friday Bonanza,61,62,24,7,71,5,72,34,74,80,518
2017-10-28,NW,National Weekly,73,9,76,71,52,14,72,18,67,15,2872
2017-10-28,LT,Lucky Tuesday,32,72,58,64,14,39,18,82,54,71,541
2017-10-30,MS,Monday Special,15,81,67,72,87,29,2,42,60,4,617
2017-10-31,LT,Lucky Tuesday,13,85,89,56,69,31,15,43,17,46,540
2017-11-01,MW,MidWeek,27,37,63,76,32,72,15,2,18,74,737
2017-11-02,FT,Fortune Thursday,8,22,16,86,66,26,68,73,24,63,540
2017-11-03,FB,Friday Bonanza,65,70,27,69,1,36,35,18,44,20,519
2017-11-04,NW,National Weekly,1,47,29,56,46,84,54,66,25,36,2873
2017-11-06,MS,Monday Special,58,52,90,44,59,34,42,60,4,17,618
2017-11-08,MW,MidWeek,3,34,7,32,9,82,26,33,83,16,738
2017-11-09,FT,Fortune Thursday,74,45,90,64,61,32,67,39,57,9,541
2017-11-10,FB,Friday Bonanza,71,23,72,59,48,43,81,17,1,51,520
2017-11-11,NW,National Weekly,58,22,26,52,20,83,7,65,6,49,2874
2017-11-13,MS,Monday Special,50,79,42,74,7,86,24,73,30,49,619
2017-11-14,LT,Lucky Tuesday,64,28,62,90,21,58,53,57,22,13,542
2017-11-15,MW,MidWeek,28,32,23,64,72,54,65,83,78,25,739
2017-11-16,FT,Fortune Thursday,7,36,14,86,17,46,27,78,83,67,542
2017-11-17,FB,Friday Bonanza,60,45,10,63,39,90,29,76,36,9,521
2017-11-18,NW,National Weekly,79,90,5,51,4,88,76,41,81,67,2875
2017-11-20,MS,Monday Special,78,87,35,86,57,75,42,49,37,18,620
2017-11-21,LT,Lucky Tuesday,13,7,31,62,53,89,56,72,54,6,543
2017-11-22,MW,MidWeek,14,13,34,16,26,72,31,82,39,19,740
2017-11-23,FT,Fortune Thursday,70,11,84,29,24,59,74,71,47,9,543
2017-11-24,FB,Friday Bonanza,26,21,41,37,12,14,15,11,72,87,522
2017-11-25,NW,National Weekly,53,73,80,37,70,77,15,10,90,81,2876
2017-11-27,MS,Monday Special,3,64,34,68,26,72,49,6,58,50,621
2017-11-28,LT,Lucky Tuesday,50,23,52,78,44,61,57,86,67,10,544
2017-11-29,MW,MidWeek,74,89,10,13,31,83,17,9,70,84,741
2017-11-30,FT,Fortune Thursday,76,26,36,31,58,72,40,47,5,52,544
2017-11-30,FB,Friday Bonanza,2,65,36,56,38,35,37,39,75,90,523
2017-12-02,NW,National Weekly,36,44,32,84,65,57,34,28,61,4,2877
2017-12-04,MS,Monday Special,38,13,49,69,23,31,4,44,1,46,622
2017-12-05,LT,Lucky Tuesday,73,35,19,84,41,27,1,45,79,36,545
2017-12-06,MW,MidWeek,11,19,13,83,58,67,72,3,5,59,742
2017-12-07,FT,Fortune Thursday,71,10,62,54,80,5,88,89,58,31,545
2017-12-08,FB,Friday Bonanza,56,11,90,28,41,24,30,80,62,85,524
2017-12-09,NW,National Weekly,77,66,49,69,58,46,14,38,41,76,2878
2017-12-11,MS,Monday Special,50,85,51,17,3,42,90,37,18,33,623
2017-12-12,LT,Lucky Tuesday,29,32,57,15,55,22,87,25,61,12,546
2017-12-13,MW,MidWeek,49,66,45,55,60,44,24,82,28,4,743
2017-12-14,FT,Fortune Thursday,59,88,86,48,44,1,24,18,89,90,546
2017-12-15,FB,Friday Bonanza,52,74,58,82,84,81,54,6,76,75,525
2017-12-16,NW,National Weekly,58,1,53,77,37,30,20,79,13,18,2879
2017-12-18,MS,Monday Special,86,85,10,60,32,43,79,48,69,7,624
2017-12-19,LT,Lucky Tuesday,79,87,74,45,31,85,57,62,17,12,547
2017-12-20,MW,MidWeek,20,5,11,68,33,84,59,52,85,15,744
2017-12-21,FT,Fortune Thursday,69,50,51,62,37,13,26,36,74,70,547
2017-12-22,FB,Friday Bonanza,31,87,86,50,8,5,20,55,48,10,526
2017-12-23,NW,National Weekly,21,44,64,85,26,68,32,24,81,36,2880
2017-12-26,LT,Lucky Tuesday,18,69,58,31,86,5,1,66,39,21,548
2017-12-27,MW,MidWeek,46,35,72,64,56,11,21,57,48,34,745
2017-12-28,FT,Fortune Thursday,4,62,52,34,21,60,84,40,10,61,548
2017-12-29,FB,Friday Bonanza,83,36,88,60,72,32,67,44,42,54,527
2017-12-30,NW,National Weekly,76,31,65,84,19,24,4,59,34,29,2881
2018-01-01,MS,Monday Special,12,44,60,3,37,87,24,27,13,17,625
2018-01-02,LT,Lucky Tuesday,86,61,74,16,13,39,20,53,41,42,549
2018-01-03,MW,MidWeek,33,81,65,89,64,50,11,1,60,40,746
2018-01-04,FT,Fortune Thursday,30,4,57,54,41,62,43,45,44,6,549
2018-01-05,FB,Friday Bonanza,1,43,72,10,33,22,59,9,50,41,528
2018-01-06,NW,National Weekly,88,9,50,39,29,69,6,22,36,25,2882
2018-01-08,MS,Monday Special,4,44,66,83,87,88,68,56,27,47,626
2018-01-09,LT,Lucky Tuesday,65,37,44,72,5,18,57,15,26,43,550
2018-01-10,MW,MidWeek,49,76,59,17,87,46,13,81,50,30,747
2018-01-11,FT,Fortune Thursday,15,53,69,65,73,10,1,37,23,8,550
2018-01-12,FB,Friday Bonanza,61,38,16,68,51,20,85,69,34,48,529
2018-01-13,NW,National Weekly,10,5,85,61,78,38,68,24,52,33,2883
2018-01-15,MS,Monday Special,46,82,48,23,10,9,83,16,26,40,627
2018-01-16,LT,Lucky Tuesday,61,56,2,80,49,25,13,87,17,74,551
2018-01-17,MW,MidWeek,36,64,48,63,25,38,43,23,7,19,748
2018-01-18,FT,Fortune Thursday,45,17,3,44,55,2,4,63,29,61,551
2018-01-19,FB,Friday Bonanza,80,54,62,87,45,18,64,60,14,59,530
2018-01-20,NW,National Weekly,23,35,9,36,73,18,12,83,41,16,2884
2018-01-22,MS,Monday Special,64,30,48,73,32,51,52,74,53,17,628
2018-01-23,LT,Lucky Tuesday,26,78,45,40,13,69,83,39,17,76,552
2018-01-24,MW,MidWeek,18,4,81,77,13,61,85,88,30,90,749
2018-01-25,FT,Fortune Thursday,61,42,55,83,66,19,87,26,35,37,552
2018-01-26,FB,Friday Bonanza,73,39,64,77,22,12,23,37,28,65,531
2018-01-27,NW,National Weekly,56,26,39,28,55,14,48,9,52,50,2885
2018-01-29,MS,Monday Special,73,40,64,77,33,38,16,55,62,44,629
2018-01-30,LT,Lucky Tuesday,72,20,59,53,66,67,38,77,61,88,553
2018-01-31,MW,MidWeek,43,30,69,10,2,19,51,12,46,38,750
2018-02-01,FT,Fortune Thursday,17,36,60,39,69,52,86,41,66,65,553
2018-02-02,FB,Friday Bonanza,49,82,32,56,41,78,31,64,67,47,532
2018-02-03,NW,National Weekly,24,63,54,32,53,66,45,20,13,60,2886
2018-02-05,MS,Monday Special,21,78,81,48,59,71,80,57,61,41,630
2018-02-06,LT,Lucky Tuesday,55,72,22,62,26,84,81,44,78,18,554
2018-02-07,MW,MidWeek,30,50,67,42,26,44,36,11,31,10,751
2018-02-08,FT,Fortune Thursday,28,8,65,4,34,27,3,42,19,5,554
2018-02-09,FB,Friday Bonanza,75,31,42,90,52,24,27,77,54,63,533
2018-02-10,NW,National Weekly,82,19,71,39,38,22,79,9,47,13,2887
2018-02-12,MS,Monday Special,7,88,86,47,38,66,18,27,17,29,631
2018-02-13,LT,Lucky Tuesday,48,53,8,14,76,36,17,59,65,2,555
2018-02-14,MW,MidWeek,65,4,7,38,55,16,58,1,72,19,752
2018-02-15,FT,Fortune Thursday,3,69,14,2,49,64,58,47,74,51,555
2018-02-16,FB,Friday Bonanza,70,38,55,36,62,68,85,19,49,47,534
2018-02-17,NW,National Weekly,78,5,84,17,74,13,23,71,38,88,2888
2018-02-19,MS,Monday Special,66,35,65,72,53,83,67,73,70,77,632
2018-02-20,LT,Lucky Tuesday,29,26,36,11,89,63,37,17,57,62,556
2018-02-21,MW,MidWeek,39,87,83,41,2,5,9,33,73,60,753
2018-02-22,FT,Fortune Thursday,16,12,89,87,26,44,33,78,24,18,556
2018-02-23,FB,Friday Bonanza,33,15,72,52,85,64,71,70,16,6,535
2018-02-24,NW,National Weekly,76,64,75,83,33,86,62,40,52,68,2889
2018-02-26,MS,Monday Special,54,4,67,60,21,23,89,58,19,34,633
2018-02-27,LT,Lucky Tuesday,51,63,34,46,75,52,22,84,29,30,557
2018-02-28,MW,MidWeek,5,25,87,51,18,24,15,84,49,42,754
2018-03-01,FT,Fortune Thursday,10,15,37,67,39,21,73,4,25,18,557
2018-03-02,FB,Friday Bonanza,18,90,41,51,20,56,1,89,29,88,536
2018-03-03,NW,National Weekly,87,90,20,53,10,18,63,38,8,39,2890
2018-03-05,MS,Monday Special,72,31,5,55,51,48,4,63,33,75,634
2018-03-06,LT,Lucky Tuesday,53,55,64,87,12,88,9,43,66,45,558
2018-03-07,MW,MidWeek,60,7,2,49,38,11,22,45,21,4,755
2018-03-08,FT,Fortune Thursday,59,5,65,33,17,82,62,11,10,32,558
2018-03-09,FB,Friday Bonanza,26,50,81,90,38,48,66,57,54,20,537
2018-03-10,NW,National Weekly,30,16,58,61,24,13,29,15,43,57,2891
2018-03-12,MS,Monday Special,88,75,46,87,54,67,68,32,90,25,635
2018-03-13,LT,Lucky Tuesday,75,38,53,1,11,29,85,89,65,83,559
2018-03-14,MW,MidWeek,48,12,68,41,17,25,80,67,83,57,756
2018-03-15,FT,Fortune Thursday,23,86,84,14,74,6,88,81,38,5,559
2018-03-16,FB,Friday Bonanza,84,6,35,39,60,52,68,31,49,22,538
2018-03-17,NW,National Weekly,53,14,88,38,11,75,57,26,4,68,2892
2018-03-19,MS,Monday Special,58,35,19,17,76,69,36,47,61,7,636
2018-03-20,LT,Lucky Tuesday,2,88,23,72,33,4,45,27,20,60,560
2018-03-21,MW,MidWeek,73,26,62,55,23,44,43,32,40,35,757
2018-03-22,FT,Fortune Thursday,34,13,40,44,4,47,58,89,39,42,560
2018-03-23,FB,Friday Bonanza,76,74,85,57,16,34,11,58,31,83,539
2018-03-24,NW,National Weekly,36,25,33,7,51,26,41,3,60,68,2893
2018-03-26,MS,Monday Special,82,43,71,75,34,24,14,72,44,79,637
2018-03-27,LT,Lucky Tuesday,51,80,75,60,78,69,35,13,33,58,561
2018-03-28,MW,MidWeek,68,62,63,87,18,57,16,27,26,79,758
2018-03-29,FT,Fortune Thursday,65,28,21,6,7,71,20,13,35,85,561
2018-03-31,NW,National Weekly,15,52,49,16,2,75,26,57,50,12,2894
2018-04-02,MS,Monday Special,52,53,30,8,39,59,24,89,34,85,638
2018-04-03,LT,Lucky Tuesday,83,52,23,36,43,55,51,56,24,82,562
2018-04-04,MW,MidWeek,61,90,48,64,83,44,72,13,10,51,759
2018-04-05,FT,Fortune Thursday,12,41,23,87,67,58,57,70,50,73,562
2018-04-06,FB,Friday Bonanza,89,34,51,82,1,90,31,75,39,53,540
2018-04-07,NW,National Weekly,10,53,48,5,86,2,68,1,21,23,2895
2018-04-09,MS,Monday Special,16,22,38,11,31,82,50,88,84,57,639
2018-04-10,LT,Lucky Tuesday,79,68,49,61,75,67,43,69,57,78,563
2018-04-11,MW,MidWeek,56,86,41,8,30,44,81,32,89,47,760
2018-04-12,FT,Fortune Thursday,6,38,55,54,13,48,51,27,46,17,563
2018-04-13,FB,Friday Bonanza,62,79,77,36,30,89,65,59,31,34,541
2018-04-14,NW,National Weekly,5,20,18,83,73,39,21,15,58,44,2896
2018-04-16,MS,Monday Special,30,61,64,51,66,36,56,5,34,3,640
2018-04-17,LT,Lucky Tuesday,67,19,30,11,13,76,31,24,65,28,564
2018-04-18,MW,MidWeek,44,88,40,60,50,59,77,42,36,14,761
2018-04-19,FT,Fortune Thursday,68,75,44,31,36,53,58,22,81,77,564
2018-04-20,FB,Friday Bonanza,51,84,66,18,38,15,69,7,39,21,542
2018-04-21,NW,National Weekly,30,71,53,56,89,26,31,2,37,42,2897
2018-04-23,MS,Monday Special,13,31,42,56,18,67,29,46,90,38,641
2018-04-24,LT,Lucky Tuesday,13,34,88,82,56,72,80,50,45,33,565
2018-04-25,MW,MidWeek,54,37,70,45,24,63,1,72,9,2,762
2018-04-26,FT,Fortune Thursday,35,55,52,18,87,1,24,34,83,14,565
2018-04-27,FB,Friday Bonanza,66,78,61,35,51,28,8,54,73,65,543
2018-04-28,NW,National Weekly,50,90,54,58,34,83,51,8,47,77,2898
2018-04-30,MS,Monday Special,36,57,65,66,5,29,50,90,87,24,642
2018-05-01,LT,Lucky Tuesday,70,89,76,14,87,2,4,77,67,54,566
2018-05-02,MW,MidWeek,45,75,44,7,78,27,46,18,4,51,763
2018-05-03,FT,Fortune Thursday,42,89,88,9,81,37,73,3,80,34,566
2018-05-04,FB,Friday Bonanza,46,48,79,43,20,63,86,82,37,19,544
2018-05-05,NW,National Weekly,20,6,64,51,40,15,48,56,3,54,2899
2018-05-07,MS,Monday Special,27,48,56,2,38,6,12,53,58,77,643
2018-05-08,LT,Lucky Tuesday,79,65,64,62,44,52,2,58,56,20,567
2018-05-09,MW,MidWeek,8,28,9,20,64,7,58,71,22,63,764
2018-05-10,FT,Fortune Thursday,60,45,66,34,1,17,7,23,70,19,567
2018-05-11,FB,Friday Bonanza,53,12,48,59,3,58,67,75,69,73,545
2018-05-12,NW,National Weekly,45,38,58,49,70,84,76,88,54,40,2900
2018-05-14,MS,Monday Special,82,34,64,26,5,4,65,1,47,10,644
2018-05-15,LT,Lucky Tuesday,69,82,33,62,51,84,38,12,41,7,568
2018-05-16,MW,MidWeek,57,41,38,47,69,53,3,59,61,54,765
2018-05-17,FT,Fortune Thursday,43,12,33,14,49,41,58,64,18,17,568
2018-05-18,FB,Friday Bonanza,2,68,23,12,57,77,89,41,30,34,546
2018-05-19,NW,National Weekly,9,79,21,85,33,59,46,68,69,17,2901
2018-05-21,MS,Monday Special,14,42,87,54,62,51,64,69,90,22,645
2018-05-22,LT,Lucky Tuesday,87,47,78,30,5,90,12,2,85,40,569
2018-05-23,MW,MidWeek,38,60,85,69,81,43,14,11,58,65,766
2018-05-24,FT,Fortune Thursday,67,40,86,42,25,79,74,28,16,12,569
2018-05-24,FB,Friday Bonanza,80,47,29,77,48,81,13,76,61,18,547
2018-05-26,NW,National Weekly,60,77,39,7,78,67,87,25,26,84,2902
2018-05-28,MS,Monday Special,81,23,27,82,35,83,60,28,10,74,646
2018-05-29,LT,Lucky Tuesday,69,79,1,47,61,57,39,55,53,3,570
2018-05-30,MW,MidWeek,86,43,61,60,51,10,80,20,36,56,767
2018-05-31,FT,Fortune Thursday,53,16,84,57,69,30,9,44,43,81,570
2018-06-01,FB,Friday Bonanza,48,76,61,89,39,37,69,34,28,56,548
2018-06-02,NW,National Weekly,56,32,40,8,7,73,89,34,80,76,2903
2018-06-04,MS,Monday Special,62,5,81,64,65,28,52,10,19,66,647
2018-06-05,LT,Lucky Tuesday,34,5,76,58,85,16,26,4,9,23,571
2018-06-06,MW,MidWeek,44,87,55,65,72,1,61,73,32,77,768
2018-06-07,FT,Fortune Thursday,3,1,37,68,61,14,2,54,86,62,571
2018-06-08,FB,Friday Bonanza,16,86,8,70,32,85,33,71,22,79,549
2018-06-09,NW,National Weekly,67,22,17,78,24,57,87,8,3,5,2904
2018-06-11,MS,Monday Special,85,90,19,28,2,41,24,64,16,1,648
2018-06-12,LT,Lucky Tuesday,4,18,69,54,37,74,64,16,76,62,572
2018-06-13,MW,MidWeek,24,15,87,16,35,20,75,11,51,28,769
2018-06-14,FT,Fortune Thursday,57,9,78,58,72,46,27,52,90,51,572
2018-06-14,FB,Friday Bonanza,47,71,37,19,65,12,22,31,73,38,550
2018-06-16,NW,National Weekly,82,41,49,17,6,15,83,77,69,76,2905
2018-06-18,MS,Monday Special,63,83,77,15,54,13,36,68,33,21,649
2018-06-19,LT,Lucky Tuesday,79,86,71,18,29,14,41,19,74,66,573
2018-06-20,MW,MidWeek,41,82,33,75,21,64,29,79,2,46,770
2018-06-21,FT,Fortune Thursday,56,3,31,41,19,84,51,10,38,28,573
2018-06-22,FB,Friday Bonanza,45,10,69,25,44,32,65,56,18,15,551
2018-06-23,NW,National Weekly,75,7,63,80,77,66,50,36,74,5,2906
2018-06-25,MS,Monday Special,68,31,78,58,23,1,50,17,33,3,650
2018-06-26,LT,Lucky Tuesday,46,79,71,53,62,49,16,32,41,18,574
2018-06-27,MW,MidWeek,10,89,49,37,26,88,67,77,21,46,771
2018-06-28,FT,Fortune Thursday,22,67,49,71,88,60,33,89,87,8,574
2018-06-29,FB,Friday Bonanza,75,35,51,66,23,19,24,54,45,60,552
2018-06-30,NW,National Weekly,41,8,11,77,44,14,22,53,37,30,2907
2018-07-02,MS,Monday Special,34,13,11,28,42,76,36,84,88,43,651
2018-07-03,LT,Lucky Tuesday,90,1,8,81,13,45,7,70,14,19,575
2018-07-04,MW,MidWeek,84,81,31,61,59,9,88,70,86,79,772
2018-07-05,FT,Fortune Thursday,60,4,76,72,57,14,25,35,19,46,575
2018-07-06,FB,Friday Bonanza,2,28,58,37,20,16,18,63,39,40,553
2018-07-07,NW,National Weekly,87,64,15,4,19,22,63,52,78,35,2908
2018-07-09,MS,Monday Special,86,55,69,58,9,3,74,8,60,16,652
2018-07-10,LT,Lucky Tuesday,27,30,63,34,84,54,74,23,68,9,576
2018-07-11,MW,MidWeek,44,42,63,17,38,75,4,73,14,76,773
2018-07-12,FT,Fortune Thursday,35,82,2,51,47,74,18,70,28,6,576
2018-07-13,FB,Friday Bonanza,3,35,1,37,17,76,54,82,45,59,554
2018-07-14,NW,National Weekly,56,30,47,68,34,78,40,58,79,67,2909
2018-07-16,MS,Monday Special,17,24,67,82,20,40,81,77,14,7,653
2018-07-17,LT,Lucky Tuesday,71,84,89,60,31,49,14,56,25,64,577
2018-07-18,MW,MidWeek,7,80,55,51,81,82,72,49,40,58,774
2018-07-19,FT,Fortune Thursday,87,58,69,24,19,48,17,86,40,80,577
2018-07-20,FB,Friday Bonanza,13,66,30,64,72,73,63,4,56,16,555
2018-07-21,NW,National Weekly,74,56,46,13,88,4,14,57,63,38,2910
2018-07-23,MS,Monday Special,81,72,67,30,19,54,3,42,5,49,654
2018-07-24,LT,Lucky Tuesday,82,81,17,30,59,63,53,90,67,47,578
2018-07-25,MW,MidWeek,84,76,62,90,74,12,29,35,14,71,775
2018-07-26,FT,Fortune Thursday,7,8,39,2,47,25,1,48,30,35,578
2018-07-27,FB,Friday Bonanza,16,32,42,44,19,89,50,4,81,62,556
2018-07-28,NW,National Weekly,26,3,28,45,71,5,25,20,8,9,2911
2018-07-30,MS,Monday Special,54,46,77,27,81,44,32,70,50,22,655
2018-07-31,LT,Lucky Tuesday,58,43,39,71,82,86,18,67,26,78,579
2018-08-01,MW,MidWeek,81,51,10,84,48,29,22,3,49,15,776
2018-08-02,FT,Fortune Thursday,88,84,43,66,19,39,44,64,30,68,579
2018-08-03,FB,Friday Bonanza,70,57,42,13,83,12,77,3,27,33,557
2018-08-04,NW,National Weekly,76,46,74,26,64,52,44,11,59,62,2912
2018-08-06,MS,Monday Special,73,71,67,68,66,49,30,38,52,21,656
2018-08-07,LT,Lucky Tuesday,20,76,60,73,46,81,9,53,16,61,580
2018-08-08,MW,MidWeek,68,49,75,73,11,87,76,27,55,83,777
2018-08-09,FT,Fortune Thursday,47,34,67,22,11,25,85,4,8,72,580
2018-08-10,FB,Friday Bonanza,83,6,27,82,2,58,19,38,31,87,558
2018-08-11,NW,National Weekly,64,90,89,14,63,54,35,10,42,25,2913
2018-08-13,MS,Monday Special,34,40,58,46,45,10,43,29,76,1,657
2018-08-14,LT,Lucky Tuesday,26,25,40,11,42,2,86,83,35,29,581
2018-08-15,MW,MidWeek,2,40,17,72,68,35,83,43,1,66,778
2018-08-16,FT,Fortune Thursday,57,69,62,90,56,46,68,74,25,9,581
2018-08-17,FB,Friday Bonanza,18,35,78,62,1,36,17,55,40,85,559
2018-08-18,NW,National Weekly,52,46,4,88,30,27,5,47,56,9,2914
2018-08-20,MS,Monday Special,90,36,64,7,14,39,49,28,18,56,658
2018-08-21,LT,Lucky Tuesday,34,19,47,22,48,61,8,81,67,66,582
2018-08-22,MW,MidWeek,74,60,15,80,16,56,65,14,87,81,779
2018-08-23,FT,Fortune Thursday,65,38,84,81,68,69,11,47,27,19,582
2018-08-24,FB,Friday Bonanza,8,77,36,40,56,13,79,60,45,27,560
2018-08-25,NW,National Weekly,77,39,63,71,33,3,46,27,1,82,2915
2018-08-27,MS,Monday Special,72,53,66,19,42,77,18,74,25,21,659
2018-08-28,LT,Lucky Tuesday,36,14,13,21,28,46,16,55,2,68,583
2018-08-29,MW,MidWeek,66,12,58,77,24,4,84,51,41,16,780
2018-08-30,FT,Fortune Thursday,71,61,69,14,13,23,32,58,74,49,583
2018-08-31,FB,Friday Bonanza,84,41,73,39,67,6,71,16,80,38,561
2018-09-01,NW,National Weekly,25,20,49,43,9,70,67,48,6,90,2916
2018-09-03,MS,Monday Special,41,4,49,56,25,48,90,65,66,27,660
2018-09-04,LT,Lucky Tuesday,55,1,59,37,12,46,47,45,13,61,584
2018-09-05,MW,MidWeek,55,72,75,25,61,67,22,5,57,8,781
2018-09-06,FT,Fortune Thursday,81,56,22,79,19,80,31,47,11,46,584
2018-09-07,FB,Friday Bonanza,16,11,83,40,7,73,42,67,13,23,562
2018-09-08,NW,National Weekly,19,56,15,87,12,69,14,54,30,41,2917
2018-09-10,MS,Monday Special,83,80,85,8,29,5,65,82,55,69,661
2018-09-11,LT,Lucky Tuesday,45,23,42,27,3,58,67,63,86,9,585
2018-09-12,MW,MidWeek,38,66,15,2,76,56,55,10,19,84,782
2018-09-13,FT,Fortune Thursday,22,48,23,63,55,77,75,17,15,8,585
2018-09-14,FB,Friday Bonanza,40,75,72,76,22,52,16,86,53,60,563
2018-09-15,NW,National Weekly,16,68,14,21,29,6,44,2,85,10,2918
2018-09-17,MS,Monday Special,20,27,64,48,58,4,77,90,32,50,662
2018-09-18,LT,Lucky Tuesday,41,45,71,9,54,32,56,33,58,18,586
2018-09-19,MW,MidWeek,21,31,67,88,35,75,77,22,10,18,783
2018-09-20,FT,Fortune Thursday,66,64,30,44,33,57,84,27,13,6,586
2018-09-20,FB,Friday Bonanza,72,52,59,90,39,31,14,86,27,11,564
2018-09-22,NW,National Weekly,76,42,86,68,89,3,80,11,38,60,2919
2018-09-24,MS,Monday Special,46,74,25,84,90,1,28,16,45,64,663
2018-09-25,LT,Lucky Tuesday,16,80,52,11,48,51,27,46,7,41,587
2018-09-26,MW,MidWeek,15,58,31,89,33,37,79,41,64,16,784
2018-09-27,FT,Fortune Thursday,83,13,74,15,62,12,77,41,24,19,587
2018-09-28,FB,Friday Bonanza,61,8,32,40,70,83,90,52,82,87,565
2018-09-29,NW,National Weekly,39,20,66,6,76,37,13,90,23,51,2920
2018-10-01,MS,Monday Special,22,52,1,68,34,71,76,43,35,50,664
2018-10-02,LT,Lucky Tuesday,63,62,32,76,50,8,52,35,11,37,588
2018-10-03,MW,MidWeek,31,86,87,45,34,89,23,82,63,28,785
2018-10-04,FT,Fortune Thursday,29,54,62,65,60,26,73,22,14,39,588
2018-10-05,FB,Friday Bonanza,17,4,13,84,82,37,9,56,88,79,566
2018-10-06,NW,National Weekly,87,61,13,39,2,55,1,75,26,63,2921
2018-10-07,MS,Monday Special,50,9,52,24,68,30,64,86,83,41,665
2018-10-09,LT,Lucky Tuesday,86,48,40,61,30,29,77,79,32,73,589
2018-10-10,MW,MidWeek,46,55,2,7,76,26,74,78,8,47,786
2018-10-11,FT,Fortune Thursday,81,76,85,25,57,50,36,42,31,2,589
2018-10-12,FB,Friday Bonanza,86,58,52,55,13,59,41,42,34,26,567
2018-10-13,NW,National Weekly,32,48,40,89,36,55,54,47,73,72,2922
2018-10-14,MS,Monday Special,25,36,32,83,77,31,9,88,62,53,666
2018-10-16,LT,Lucky Tuesday,82,70,41,88,3,77,90,63,71,31,590
2018-10-17,MW,MidWeek,82,42,7,1,47,37,22,58,67,62,787
2018-10-18,FT,Fortune Thursday,7,41,20,89,17,30,44,80,86,78,590
2018-10-19,FB,Friday Bonanza,83,58,5,57,67,52,86,84,47,78,568
2018-10-20,NW,National Weekly,33,69,49,61,76,65,26,79,57,29,2923
2018-10-21,MS,Monday Special,87,90,51,25,82,55,43,3,85,62,667
2018-10-23,LT,Lucky Tuesday,75,41,84,49,56,70,32,63,47,81,591
2018-10-24,MW,MidWeek,45,4,3,55,46,51,8,34,48,73,788
2018-10-25,FT,Fortune Thursday,79,31,24,69,76,55,75,46,32,38,591
2018-10-26,FB,Friday Bonanza,24,19,67,39,56,51,42,63,33,90,569
2018-10-27,NW,National Weekly,73,78,43,5,37,45,50,86,69,26,2924
2018-10-28,MS,Monday Special,80,49,18,51,47,8,40,56,20,55,668
2018-10-30,LT,Lucky Tuesday,28,62,29,3,27,15,52,76,59,26,592
2018-10-31,MW,MidWeek,88,16,73,53,6,50,51,60,47,21,789
2018-11-01,FT,Fortune Thursday,37,2,31,72,71,64,80,47,39,53,592
2018-11-02,FB,Friday Bonanza,82,24,8,79,34,59,81,29,57,37,570
2018-11-03,NW,National Weekly,18,90,3,74,60,10,13,29,20,47,2925
2018-11-05,MS,Monday Special,37,6,85,73,52,48,81,68,62,65,669
2018-11-06,LT,Lucky Tuesday,66,63,2,61,77,70,53,11,75,27,593
2018-11-07,MW,MidWeek,24,65,66,46,54,68,37,70,45,71,790
2018-11-08,FT,Fortune Thursday,12,84,75,32,11,9,42,39,2,73,593
2018-11-09,FB,Friday Bonanza,21,47,9,43,4,28,41,66,40,29,571
2018-11-10,NW,National Weekly,9,57,69,84,30,39,86,11,33,43,2926
2018-11-12,MS,Monday Special,55,19,85,4,26,8,70,3,86,90,670
2018-11-12,LT,Lucky Tuesday,36,61,56,16,40,45,17,22,60,9,594
2018-11-14,MW,MidWeek,43,63,37,19,55,11,47,88,7,90,791
2018-11-15,FT,Fortune Thursday,17,3,74,67,33,37,11,75,77,20,594
2018-11-16,FB,Friday Bonanza,36,37,77,51,74,71,50,82,41,63,572
2018-11-17,NW,National Weekly,17,84,62,82,11,29,63,14,47,28,2927
2018-11-19,MS,Monday Special,27,50,87,21,69,42,46,34,29,38,671
2018-11-20,LT,Lucky Tuesday,45,15,8,62,46,33,32,88,90,39,595
2018-11-21,MW,MidWeek,40,78,83,11,81,12,2,80,30,60,792
2018-11-22,FT,Fortune Thursday,23,10,89,41,57,2,73,81,44,61,595
2018-11-23,FB,Friday Bonanza,86,75,16,88,63,84,59,71,15,68,573
2018-11-24,NW,National Weekly,66,21,20,48,30,38,57,69,25,10,2928
2018-11-26,MS,Monday Special,3,52,83,14,15,56,90,78,32,4,672
2018-11-27,LT,Lucky Tuesday,31,86,11,79,41,48,80,47,73,32,596
2018-11-28,MW,MidWeek,30,79,60,12,33,56,35,89,7,54,793
2018-11-29,FT,Fortune Thursday,56,73,2,82,62,71,32,67,22,3,596
2018-11-30,FB,Friday Bonanza,38,4,42,67,49,2,44,79,14,77,574
2018-12-01,NW,National Weekly,58,73,19,22,9,35,3,74,46,90,2929
2018-12-03,MS,Monday Special,46,13,16,32,49,78,33,9,89,41,673
2018-12-04,LT,Lucky Tuesday,46,88,38,61,75,44,56,8,12,69,597
2018-12-05,MW,MidWeek,87,51,2,44,71,61,38,25,55,47,794
2018-12-06,FT,Fortune Thursday,37,13,30,49,73,42,26,60,44,23,597
2018-12-06,FB,Friday Bonanza,60,44,39,72,18,77,29,43,32,24,575
2018-12-08,NW,National Weekly,8,61,86,40,16,20,71,68,49,67,2930
2018-12-10,MS,Monday Special,65,2,71,62,64,19,86,38,29,9,674
2018-12-11,LT,Lucky Tuesday,4,26,29,5,49,11,3,56,68,27,598
2018-12-12,MW,MidWeek,85,1,5,66,68,72,65,34,57,33,795
2018-12-13,FT,Fortune Thursday,83,81,76,43,8,7,52,80,35,15,598
2018-12-14,FB,Friday Bonanza,66,5,65,27,87,78,31,35,62,11,576
2018-12-15,NW,National Weekly,83,81,49,67,51,55,66,20,41,68,2931
2018-12-17,MS,Monday Special,71,90,88,84,1,9,18,80,33,6,675
2018-12-18,LT,Lucky Tuesday,47,89,40,82,85,28,19,73,31,86,599
2018-12-19,MW,MidWeek,49,86,9,53,27,13,69,58,11,84,796
2018-12-20,FT,Fortune Thursday,28,65,8,7,54,19,45,72,14,70,599
2018-12-21,FB,Friday Bonanza,37,34,56,17,42,78,82,47,60,87,577
2018-12-22,NW,National Weekly,85,36,58,76,26,82,51,83,52,63,2932
2018-12-24,MS,Monday Special,43,35,89,12,19,75,39,83,77,34,676
2018-12-27,FT,Fortune Thursday,47,6,37,1,45,76,70,77,58,9,600
2018-12-28,FB,Friday Bonanza,83,65,84,72,26,32,44,12,49,63,578
2018-12-29,NW,National Weekly,69,24,7,19,68,29,40,27,44,53,2933
2018-12-31,MS,Monday Special,1,15,14,9,5,85,60,28,48,76,677
2019-01-02,MW,MidWeek,17,3,34,4,58,55,12,79,42,67,797
2019-01-03,FT,Fortune Thursday,54,41,79,59,8,72,83,70,42,63,601
2019-01-04,FB,Friday Bonanza,11,20,82,54,33,40,18,13,38,65,579
2019-01-05,NW,National Weekly,37,51,20,3,29,21,52,11,87,54,2934
2019-01-08,LT,Lucky Tuesday,42,44,79,11,53,18,5,73,16,90,600
2019-01-09,MW,MidWeek,80,33,25,17,1,13,60,46,41,48,798
2019-01-10,FT,Fortune Thursday,89,30,52,20,70,56,49,18,83,24,602
2019-01-11,FB,Friday Bonanza,81,30,28,59,17,12,78,55,85,62,580
2019-01-12,NW,National Weekly,17,12,73,46,33,9,81,44,74,89,2935
2019-01-14,MS,Monday Special,33,57,18,68,56,70,22,21,34,46,678
2019-01-15,LT,Lucky Tuesday,87,47,85,2,70,16,64,34,37,50,601
2019-01-16,MW,MidWeek,24,7,66,42,87,62,8,51,10,33,799
2019-01-17,FT,Fortune Thursday,55,22,50,35,2,79,7,70,74,20,603
2019-01-18,FB,Friday Bonanza,52,81,78,40,50,62,87,53,67,13,581
2019-01-19,NW,National Weekly,49,37,10,54,55,46,61,12,75,8,2936
2019-01-21,MS,Monday Special,83,2,87,60,58,32,20,46,37,89,679
2019-01-22,LT,Lucky Tuesday,70,79,64,60,20,9,10,74,47,54,602
2019-01-23,MW,MidWeek,70,7,87,19,35,33,30,76,77,34,800
2019-01-24,FT,Fortune Thursday,83,20,3,69,81,84,10,28,18,53,604
2019-01-25,FB,Friday Bonanza,63,80,75,51,16,87,11,85,49,62,582
2019-01-26,NW,National Weekly,55,51,58,69,50,88,44,72,40,27,2937
2019-01-28,MS,Monday Special,63,68,67,83,37,50,25,18,54,6,680
2019-01-29,LT,Lucky Tuesday,45,22,64,4,32,39,73,57,6,48,603
2019-01-30,MW,MidWeek,75,85,8,42,25,60,34,12,24,80,801
2019-01-31,FT,Fortune Thursday,76,58,78,10,4,24,25,90,86,46,605
2019-02-01,FB,Friday Bonanza,41,25,6,52,53,35,61,45,31,42,583
2019-02-02,NW,National Weekly,61,83,47,65,67,73,46,26,36,76,2938
2019-02-04,MS,Monday Special,32,88,49,20,33,58,53,77,65,17,681
2019-02-05,LT,Lucky Tuesday,77,78,10,37,70,35,54,18,57,7,604
2019-02-06,MW,MidWeek,49,44,80,22,85,20,41,6,76,71,802
2019-02-07,FT,Fortune Thursday,19,64,25,66,76,39,56,13,89,17,606
2019-02-08,FB,Friday Bonanza,73,51,19,60,80,29,58,14,56,40,584
2019-02-09,NW,National Weekly,41,65,72,12,29,48,34,17,69,78,2939
2019-02-11,MS,Monday Special,9,63,69,57,80,84,74,23,10,7,682
2019-02-12,LT,Lucky Tuesday,36,19,78,46,53,64,85,75,9,70,605
2019-02-13,MW,MidWeek,27,45,1,31,21,3,59,55,49,46,803
2019-02-14,FT,Fortune Thursday,73,47,32,55,14,30,31,6,18,66,607
2019-02-15,FB,Friday Bonanza,49,19,23,55,15,73,83,29,81,48,585
2019-02-16,NW,National Weekly,28,54,16,65,13,21,71,24,45,86,2940
2019-02-18,MS,Monday Special,86,51,23,50,69,53,27,76,78,37,683
2019-02-19,LT,Lucky Tuesday,26,62,53,4,69,1,27,2,3,30,606
2019-02-20,MW,MidWeek,71,49,63,19,39,77,88,26,64,80,804
2019-02-21,FT,Fortune Thursday,52,23,70,47,20,73,54,80,71,8,608
2019-02-22,FB,Friday Bonanza,44,69,19,17,26,56,90,11,78,37,586
2019-02-23,NW,National Weekly,67,78,30,71,17,24,66,5,52,80,2941
2019-02-25,MS,Monday Special,16,86,87,15,42,43,61,44,72,5,684
2019-02-26,LT,Lucky Tuesday,45,57,59,8,64,87,75,26,42,24,607
2019-02-27,MW,MidWeek,36,34,53,65,39,84,8,44,42,6,805
2019-02-28,FT,Fortune Thursday,15,7,6,84,70,63,76,1,11,49,609
2019-03-01,FB,Friday Bonanza,14,42,61,22,87,11,41,18,77,43,587
2019-03-02,NW,National Weekly,59,18,55,58,74,82,35,21,57,30,2942
2019-03-04,MS,Monday Special,90,53,56,48,38,52,54,5,72,7,685
2019-03-04,FT,Fortune Thursday,28,70,35,22,85,10,72,78,62,27,614
2019-03-05,LT,Lucky Tuesday,4,20,67,47,87,77,17,50,10,35,608
2019-03-07,FT,Fortune Thursday,24,27,67,87,39,78,44,33,25,28,610
2019-03-08,FB,Friday Bonanza,67,81,90,69,19,52,6,37,68,17,588
2019-03-09,NW,National Weekly,29,61,35,45,80,34,3,39,81,74,2943
2019-03-11,MS,Monday Special,24,19,18,48,55,28,51,78,70,3,686
2019-03-12,LT,Lucky Tuesday,12,71,17,60,78,90,56,9,26,33,609
2019-03-13,MW,MidWeek,40,88,14,82,41,62,55,66,61,64,806
2019-03-14,FT,Fortune Thursday,36,88,11,18,21,24,63,43,1,83,611
2019-03-15,FB,Friday Bonanza,60,27,68,52,31,8,26,54,7,20,589
2019-03-16,NW,National Weekly,22,89,80,59,8,58,20,15,84,71,2944
2019-03-18,MS,Monday Special,4,76,63,2,12,20,33,44,8,29,687
2019-03-19,LT,Lucky Tuesday,17,63,52,46,78,76,38,53,59,69,610
2019-03-20,MW,MidWeek,60,27,49,89,30,18,70,63,67,46,807
2019-03-21,FT,Fortune Thursday,71,85,40,78,72,88,68,79,50,67,612
2019-03-22,FB,Friday Bonanza,62,87,63,41,22,74,56,17,61,54,590
2019-03-23,NW,National Weekly,23,89,7,40,74,55,28,58,27,25,2945
2019-03-25,MS,Monday Special,17,70,37,68,86,4,7,42,20,36,688
2019-03-26,LT,Lucky Tuesday,57,40,76,24,31,63,26,9,67,46,611
2019-03-27,MW,MidWeek,85,56,86,70,12,8,73,59,26,11,808
2019-03-28,FT,Fortune Thursday,72,83,34,49,44,79,82,16,12,59,613
2019-03-29,FB,Friday Bonanza,74,18,39,72,2,15,65,32,48,9,591
2019-03-30,NW,National Weekly,36,75,26,35,85,54,38,29,7,48,2946
2019-04-01,MS,Monday Special,68,61,67,22,83,32,15,2,4,25,689
2019-04-02,LT,Lucky Tuesday,27,16,77,70,54,37,61,1,82,40,612
2019-04-03,MW,MidWeek,14,65,19,51,47,66,59,8,87,58,809
2019-04-05,FB,Friday Bonanza,26,41,46,65,84,76,63,18,33,27,592
2019-04-06,NW,National Weekly,26,46,5,49,33,74,88,67,43,12,2947
2019-04-08,MS,Monday Special,65,10,54,3,24,20,77,55,52,7,690
2019-04-09,LT,Lucky Tuesday,37,52,38,71,57,40,20,2,58,3,613
2019-04-10,MW,MidWeek,44,61,89,45,54,46,58,57,38,88,810
2019-04-11,FT,Fortune Thursday,2,20,8,53,1,45,26,89,58,5,615
2019-04-12,FB,Friday Bonanza,53,37,62,34,47,51,26,90,77,66,593
2019-04-13,NW,National Weekly,81,80,8,6,62,69,47,32,48,61,2948
2019-04-15,MS,Monday Special,4,74,63,47,26,52,37,15,36,77,691
2019-04-16,LT,Lucky Tuesday,21,24,61,82,5,33,66,35,30,32,614
2019-04-17,MW,MidWeek,67,14,32,72,39,13,11,63,38,73,811
2019-04-20,NW,National Weekly,90,41,21,40,14,33,2,67,72,36,2949
2019-04-23,LT,Lucky Tuesday,13,26,5,58,42,45,84,59,51,47,615
2019-04-24,MW,MidWeek,39,15,38,26,21,81,24,49,62,34,812
2019-04-25,FT,Fortune Thursday,2,42,40,13,67,32,1,44,79,60,616
2019-04-26,FB,Friday Bonanza,14,47,25,4,70,73,29,45,60,15,594
2019-04-27,NW,National Weekly,6,56,64,16,7,62,41,73,49,35,2950
2019-04-29,MS,Monday Special,56,84,6,81,55,64,3,40,70,74,692
2019-04-30,LT,Lucky Tuesday,9,41,30,59,1,8,40,57,84,22,616
2019-05-02,FT,Fortune Thursday,3,42,7,66,29,85,83,51,25,53,617
2019-05-03,FB,Friday Bonanza,53,60,37,7,48,24,17,9,31,59,595
2019-05-04,NW,National Weekly,72,60,63,79,80,56,73,34,66,83,2951
2019-05-06,MS,Monday Special,56,33,29,1,86,38,77,11,26,27,693
2019-05-07,LT,Lucky Tuesday,20,56,83,61,4,52,33,36,80,28,617
2019-05-08,MW,MidWeek,39,50,29,48,64,53,2,85,66,21,813
2019-05-09,FT,Fortune Thursday,40,83,66,3,59,60,88,38,12,52,618
2019-05-10,FB,Friday Bonanza,74,70,12,11,34,27,89,85,72,13,596
2019-05-11,NW,National Weekly,48,64,7,73,74,75,69,82,8,84,2952
2019-05-13,MS,Monday Special,85,59,18,64,45,89,41,33,74,24,694
2019-05-14,LT,Lucky Tuesday,64,12,28,67,55,56,85,60,81,62,618
2019-05-15,MW,MidWeek,63,20,12,8,35,36,40,10,60,62,814
2019-05-16,FT,Fortune Thursday,32,7,73,44,48,71,89,53,46,78,619
2019-05-17,FB,Friday Bonanza,56,46,88,51,78,75,17,5,68,48,597
2019-05-18,NW,National Weekly,75,47,86,5,78,66,44,63,64,10,2953
2019-05-20,MS,Monday Special,72,78,87,61,54,32,28,52,45,43,695
2019-05-21,LT,Lucky Tuesday,32,4,30,74,38,5,56,23,70,31,619
2019-05-22,MW,MidWeek,15,60,53,64,80,39,79,2,1,84,815
2019-05-23,FT,Fortune Thursday,46,89,56,3,70,20,50,81,84,9,620
2019-05-24,FB,Friday Bonanza,18,69,30,43,47,1,78,77,49,23,598
2019-05-25,NW,National Weekly,33,58,21,1,75,78,57,23,71,42,2954
2019-05-27,MS,Monday Special,82,57,58,60,43,21,48,85,51,7,696
2019-05-28,LT,Lucky Tuesday,4,73,16,43,2,32,35,10,38,69,620
2019-05-29,MW,MidWeek,62,24,30,6,34,13,80,72,63,51,816
2019-05-30,FT,Fortune Thursday,39,17,40,7,85,8,35,59,50,13,621
2019-05-31,FB,Friday Bonanza,22,45,74,23,30,11,83,28,10,77,599
2019-06-01,NW,National Weekly,29,21,72,38,65,25,15,32,45,10,2955
2019-06-03,MS,Monday Special,34,29,73,3,22,4,8,20,41,71,697
2019-06-04,LT,Lucky Tuesday,12,88,65,2,32,86,70,42,13,44,621
2019-06-06,FT,Fortune Thursday,74,36,57,37,83,61,5,87,89,90,622
2019-06-07,FB,Friday Bonanza,77,50,55,64,38,8,69,71,83,57,600
2019-06-08,NW,National Weekly,34,14,60,30,7,12,77,50,86,67,2956
2019-06-10,MS,Monday Special,55,48,20,47,8,44,71,36,83,18,698
2019-06-11,LT,Lucky Tuesday,49,78,50,12,88,61,29,14,35,20,622
2019-06-12,MW,MidWeek,57,79,35,30,5,26,87,73,44,16,817
2019-06-13,FT,Fortune Thursday,55,73,65,28,14,56,19,53,39,1,623
2019-06-14,FB,Friday Bonanza,75,71,12,11,90,36,38,1,54,70,601
2019-06-15,NW,National Weekly,87,43,36,73,55,44,77,74,40,21,2957
2019-06-17,MS,Monday Special,57,25,41,17,63,44,50,86,78,58,699
2019-06-18,LT,Lucky Tuesday,81,52,80,20,16,60,59,42,51,11,623
2019-06-19,MW,MidWeek,26,66,52,34,33,70,35,48,68,79,818
2019-06-20,FT,Fortune Thursday,31,36,49,67,52,89,81,66,8,11,624
2019-06-21,FB,Friday Bonanza,52,86,74,18,1,6,28,41,69,14,602
2019-06-22,NW,National Weekly,22,63,41,18,32,45,40,7,17,35,2958
2019-06-24,MS,Monday Special,68,37,55,3,19,29,5,53,28,22,700
2019-06-25,LT,Lucky Tuesday,54,15,12,16,30,47,81,89,44,1,624
2019-06-26,MW,MidWeek,67,1,23,21,58,31,24,47,19,85,819
2019-06-27,FT,Fortune Thursday,84,30,53,71,44,13,47,69,86,7,625
2019-06-28,FB,Friday Bonanza,65,88,67,29,77,14,58,61,79,76,603
2019-06-29,NW,National Weekly,63,60,47,2,70,39,48,86,4,38,2959
2019-07-01,MS,Monday Special,68,84,52,22,29,4,25,55,16,77,701
2019-07-02,LT,Lucky Tuesday,2,61,26,89,62,70,34,40,31,67,625
2019-07-03,MW,MidWeek,14,44,6,71,7,36,64,55,70,29,820
2019-07-04,FT,Fortune Thursday,36,41,80,51,73,28,65,79,44,31,626
2019-07-05,FB,Friday Bonanza,49,59,18,75,13,5,54,70,35,72,604
2019-07-06,NW,National Weekly,31,3,79,45,23,25,81,55,9,33,2960
2019-07-08,MS,Monday Special,36,50,88,37,64,21,65,43,59,49,702
2019-07-09,LT,Lucky Tuesday,41,43,79,49,29,54,18,4,19,14,626
2019-07-10,MW,MidWeek,19,7,35,27,57,24,56,10,73,1,821
2019-07-11,FT,Fortune Thursday,61,82,26,24,32,71,55,62,21,23,627
2019-07-12,FB,Friday Bonanza,77,17,64,29,22,1,89,78,61,16,605
2019-07-13,NW,National Weekly,58,55,78,57,15,10,8,38,40,66,2961
2019-07-15,MS,Monday Special,26,78,5,31,38,73,82,29,23,40,703
2019-07-16,LT,Lucky Tuesday,5,87,78,46,75,55,71,47,21,84,627
2019-07-17,MW,MidWeek,20,70,86,89,63,39,41,53,83,76,822
2019-07-18,FT,Fortune Thursday,21,71,38,51,32,78,8,75,36,64,628
2019-07-19,FB,Friday Bonanza,90,63,58,68,24,66,70,65,47,55,606
2019-07-20,NW,National Weekly,28,54,84,80,61,88,89,50,20,25,2962
2019-07-22,MS,Monday Special,26,67,75,76,66,53,22,2,68,15,704
2019-07-23,LT,Lucky Tuesday,49,77,56,53,61,30,11,48,68,82,628
2019-07-24,MW,MidWeek,61,89,62,63,4,87,10,16,83,55,823
2019-07-25,FT,Fortune Thursday,53,34,46,69,64,61,23,24,1,50,629
2019-07-26,FB,Friday Bonanza,58,42,43,17,15,89,27,2,32,59,607
2019-07-27,NW,National Weekly,33,89,30,54,39,55,44,6,57,29,2963
2019-07-29,MS,Monday Special,21,80,63,10,68,43,30,37,65,45,705
2019-07-30,LT,Lucky Tuesday,29,18,42,54,71,74,1,79,49,76,629
2019-07-31,MW,MidWeek,68,45,12,25,87,80,15,5,1,7,824
2019-08-01,FT,Fortune Thursday,90,13,38,14,12,4,72,43,65,21,630
2019-08-02,FB,Friday Bonanza,55,19,34,79,39,62,53,4,30,33,608
2019-08-03,NW,National Weekly,12,80,1,21,70,66,45,10,23,61,2964
2019-08-06,LT,Lucky Tuesday,46,8,37,59,41,51,5,11,27,45,630
2019-08-07,MW,MidWeek,17,4,35,60,34,46,82,15,49,38,825
2019-08-08,FT,Fortune Thursday,63,87,84,81,24,49,34,62,45,78,631
2019-08-09,FB,Friday Bonanza,72,85,67,61,41,68,78,17,25,27,609
2019-08-10,NW,National Weekly,39,86,58,70,35,60,10,38,62,14,2965
2019-08-13,LT,Lucky Tuesday,64,38,86,79,50,85,72,57,24,82,631
2019-08-14,MW,MidWeek,39,5,70,29,63,7,33,32,44,68,826
2019-08-15,FT,Fortune Thursday,25,20,57,21,54,82,69,51,11,55,632
2019-08-16,FB,Friday Bonanza,66,11,25,41,81,10,9,59,26,31,610
2019-08-17,NW,National Weekly,87,66,23,40,75,19,69,90,60,52,2966
2019-08-19,MS,Monday Special,79,26,21,83,6,35,86,50,47,76,706
2019-08-20,LT,Lucky Tuesday,20,38,43,52,48,70,36,77,54,22,632
2019-08-21,MW,MidWeek,10,63,62,56,1,79,52,43,76,57,827
2019-08-22,FT,Fortune Thursday,26,44,49,33,41,29,28,89,31,21,633
2019-08-23,FB,Friday Bonanza,47,7,9,3,89,68,49,1,17,29,611
2019-08-24,NW,National Weekly,24,30,18,55,44,70,81,3,56,1,2967
2019-08-26,MS,Monday Special,80,82,44,48,20,85,74,46,58,45,707
2019-08-27,LT,Lucky Tuesday,57,32,81,54,83,89,14,30,9,88,633
2019-08-28,MW,MidWeek,69,55,82,41,56,17,65,58,26,35,828
2019-08-29,FT,Fortune Thursday,8,17,36,52,12,48,58,35,59,79,634
2019-08-30,FB,Friday Bonanza,65,9,60,41,34,73,62,37,55,44,612
2019-08-31,NW,National Weekly,29,28,67,90,52,19,54,32,55,47,2968
2019-09-02,MS,Monday Special,28,90,4,18,51,44,53,83,43,31,708
2019-09-03,LT,Lucky Tuesday,12,85,81,24,3,29,49,42,36,66,634
2019-09-04,MW,MidWeek,37,29,59,2,47,88,8,72,4,70,829
2019-09-05,FT,Fortune Thursday,55,70,19,74,26,2,68,59,23,12,635
2019-09-06,FB,Friday Bonanza,53,6,20,43,67,50,15,76,73,39,613
2019-09-07,NW,National Weekly,46,84,69,24,38,16,61,9,7,26,2969
2019-09-09,MS,Monday Special,40,30,50,12,47,17,10,52,41,18,709
2019-09-10,LT,Lucky Tuesday,55,41,64,80,53,6,20,51,48,37,635
2019-09-11,MW,MidWeek,82,42,39,45,28,8,13,55,70,64,830
2019-09-12,FT,Fortune Thursday,26,82,6,62,36,45,35,49,74,11,636
2019-09-13,FB,Friday Bonanza,80,44,81,53,40,75,28,7,12,6,614
2019-09-14,NW,National Weekly,51,60,41,33,73,3,40,90,52,83,2970
2019-09-16,MS,Monday Special,5,63,59,2,62,23,36,31,26,54,710
2019-09-17,LT,Lucky Tuesday,11,53,55,37,45,83,35,42,77,60,636
2019-09-18,MW,MidWeek,43,89,15,57,44,50,52,66,3,38,831
2019-09-19,FT,Fortune Thursday,61,9,71,69,51,23,86,90,60,87,637
2019-09-20,FB,Friday Bonanza,39,61,55,45,40,74,50,16,42,17,615
2019-09-21,NW,National Weekly,5,90,61,62,45,18,84,83,60,34,2971
2019-09-24,LT,Lucky Tuesday,72,82,63,85,32,54,74,39,33,1,637
2019-09-25,MW,MidWeek,17,66,8,58,50,76,23,43,70,61,832
2019-09-26,FT,Fortune Thursday,53,59,54,72,7,82,83,76,80,13,638
2019-09-27,FB,Friday Bonanza,11,89,17,19,80,15,83,29,65,61,616
2019-09-28,NW,National Weekly,48,25,58,34,42,40,38,47,23,71,2972
2019-09-30,MS,Monday Special,33,42,68,19,51,57,55,27,25,38,711
2019-10-01,LT,Lucky Tuesday,32,83,54,80,46,84,16,24,40,34,638
2019-10-02,MW,MidWeek,25,62,56,60,28,80,86,59,75,7,833
2019-10-03,FT,Fortune Thursday,34,31,25,17,84,74,88,10,47,83,639
2019-10-04,FB,Friday Bonanza,6,50,1,4,60,11,5,88,16,68,617
2019-10-05,NW,National Weekly,90,34,85,78,50,23,75,5,63,7,2973
2019-10-07,MS,Monday Special,72,28,31,46,82,89,52,73,66,33,712
2019-10-08,LT,Lucky Tuesday,20,46,40,56,50,28,75,59,5,39,639
2019-10-09,MW,MidWeek,90,19,39,86,20,37,32,84,57,38,834
2019-10-10,FT,Fortune Thursday,13,19,86,55,36,29,68,9,56,71,640
2019-10-11,FB,Friday Bonanza,71,31,24,58,69,59,52,55,44,26,618
2019-10-12,NW,National Weekly,9,18,58,27,85,75,21,25,50,4,2974
2019-10-14,MS,Monday Special,44,72,11,67,27,20,16,26,68,36,713
2019-10-15,LT,Lucky Tuesday,76,41,58,70,10,65,15,69,84,57,640
2019-10-16,MW,MidWeek,18,46,9,50,62,35,42,60,77,73,835
2019-10-17,FT,Fortune Thursday,14,26,29,38,40,15,84,81,88,49,641
2019-10-18,FB,Friday Bonanza,68,43,49,74,79,55,15,63,52,16,619
2019-10-19,NW,National Weekly,12,46,7,45,1,3,38,72,73,59,2975
2019-10-21,MS,Monday Special,50,53,19,3,57,6,9,59,68,15,714
2019-10-22,LT,Lucky Tuesday,71,61,36,74,59,56,14,20,11,86,641
2019-10-23,MW,MidWeek,18,84,33,75,89,45,3,55,44,90,836
2019-10-24,FT,Fortune Thursday,32,7,27,17,38,42,47,34,35,76,642
2019-10-25,FB,Friday Bonanza,17,36,48,23,40,50,89,37,18,75,620
2019-10-26,NW,National Weekly,63,6,35,27,84,76,83,22,36,88,2976
2019-10-28,MS,Monday Special,74,29,16,60,78,35,41,76,40,44,715
2019-10-29,LT,Lucky Tuesday,84,60,65,21,55,56,19,30,80,83,642
2019-10-30,MW,MidWeek,57,43,24,34,87,53,77,35,3,28,837
2019-10-31,FT,Fortune Thursday,2,76,27,8,51,53,64,69,81,65,643
2019-11-01,FB,Friday Bonanza,64,77,83,15,46,47,1,45,57,84,621
2019-11-02,NW,National Weekly,43,20,67,46,4,52,61,34,35,36,2977
2019-11-04,MS,Monday Special,64,84,78,22,34,71,83,23,47,54,716
2019-11-05,LT,Lucky Tuesday,34,67,26,85,31,55,38,81,47,11,643
2019-11-06,MW,MidWeek,26,60,46,61,79,19,8,84,1,54,838
2019-11-07,FT,Fortune Thursday,83,77,22,64,80,14,67,17,59,18,644
2019-11-08,FB,Friday Bonanza,16,86,46,70,80,75,78,22,8,55,622
2019-11-09,NW,National Weekly,58,76,19,87,29,67,8,31,22,89,2978
2019-11-11,MS,Monday Special,60,68,52,71,36,43,1,76,82,84,717
2019-11-12,LT,Lucky Tuesday,66,60,24,81,36,50,86,88,5,10,644
2019-11-13,MW,MidWeek,88,17,69,81,84,67,14,73,71,9,839
2019-11-14,FT,Fortune Thursday,57,23,67,47,37,39,45,70,79,89,645
2019-11-15,FB,Friday Bonanza,29,79,59,27,33,46,42,74,67,57,623
2019-11-16,NW,National Weekly,83,29,53,77,24,14,57,69,17,34,2979
2019-11-18,MS,Monday Special,63,3,27,62,41,1,43,83,61,78,718
2019-11-19,LT,Lucky Tuesday,88,30,46,32,49,83,51,12,19,4,645
2019-11-20,MW,MidWeek,40,3,54,76,12,8,88,39,51,14,840
2019-11-21,FT,Fortune Thursday,60,36,52,21,75,31,28,39,3,38,646
2019-11-22,FB,Friday Bonanza,24,26,87,9,11,38,74,78,57,1,624
2019-11-23,NW,National Weekly,10,61,53,34,8,57,70,25,50,63,2980
2019-11-25,MS,Monday Special,57,83,35,62,32,5,4,48,9,17,719
2019-11-26,LT,Lucky Tuesday,36,39,29,63,8,57,16,3,84,41,646
2019-11-27,MW,MidWeek,58,72,17,36,16,82,64,56,10,8,841
2019-11-28,FT,Fortune Thursday,18,31,50,67,72,3,17,86,80,43,647
2019-11-29,FB,Friday Bonanza,78,25,20,90,12,34,37,56,31,52,625
2019-11-30,NW,National Weekly,25,57,79,67,5,11,47,51,41,1,2981
2019-12-02,MS,Monday Special,5,29,1,49,52,84,45,42,73,31,720
2019-12-03,LT,Lucky Tuesday,9,26,11,71,54,19,15,60,44,66,647
2019-12-04,MW,MidWeek,29,33,21,24,10,39,61,9,76,32,842
2019-12-05,FT,Fortune Thursday,84,12,90,6,69,62,73,23,77,33,648
2019-12-07,NW,National Weekly,84,69,1,62,82,5,88,50,68,12,2982
2019-12-09,MS,Monday Special,54,67,9,47,21,8,44,37,38,68,721
2019-12-10,LT,Lucky Tuesday,70,15,68,59,69,32,89,41,74,13,648
2019-12-11,MW,MidWeek,52,28,54,7,63,72,39,2,64,76,843
2019-12-12,FT,Fortune Thursday,4,87,69,79,30,77,38,40,65,3,649
2019-12-13,FB,Friday Bonanza,82,7,14,76,15,86,5,33,64,52,626
2019-12-14,NW,National Weekly,27,15,50,41,22,62,57,18,56,8,2983
2019-12-16,MS,Monday Special,67,45,87,76,83,71,41,62,30,80,722
2019-12-17,LT,Lucky Tuesday,86,56,71,75,30,88,23,78,39,54,649
2019-12-18,MW,MidWeek,34,90,48,14,30,23,38,57,73,12,844
2019-12-19,FT,Fortune Thursday,60,10,3,81,1,77,18,12,44,80,650
2019-12-20,FB,Friday Bonanza,32,84,62,2,24,22,72,1,38,53,627
2019-12-21,NW,National Weekly,89,81,61,14,8,47,82,2,45,16,2984
2019-12-23,MS,Monday Special,16,47,50,36,61,54,77,78,74,11,723
2019-12-24,LT,Lucky Tuesday,79,46,34,31,86,53,6,51,18,68,650
2019-12-27,FB,Friday Bonanza,21,55,49,14,1,62,64,65,2,16,628
2019-12-28,NW,National Weekly,81,5,34,58,19,74,83,46,86,15,2985
2019-12-30,MS,Monday Special,5,53,56,12,18,72,32,30,31,49,724
2019-12-31,LT,Lucky Tuesday,63,45,69,49,33,21,18,23,5,1,651
2020-01-02,FT,Fortune Thursday,28,71,43,31,29,89,30,45,66,37,651
2020-01-03,FB,Friday Bonanza,85,73,84,36,61,37,3,41,56,46,629
2020-01-04,NW,National Weekly,84,50,67,73,19,1,11,3,32,30,2986
2020-01-06,MS,Monday Special,31,34,38,4,54,28,43,85,2,30,725
2020-01-08,MW,MidWeek,2,70,52,65,43,64,28,24,12,80,845
2020-01-09,FT,Fortune Thursday,84,54,33,12,1,49,62,32,6,37,652
2020-01-10,FB,Friday Bonanza,28,73,89,72,49,12,78,70,17,86,630
2020-01-11,NW,National Weekly,82,8,33,81,58,78,37,31,63,38,2987
2020-01-13,MS,Monday Special,50,75,28,10,34,88,6,56,46,76,726
2020-01-14,LT,Lucky Tuesday,37,46,85,14,49,89,35,86,48,57,652
2020-01-15,MW,MidWeek,27,48,87,29,24,67,40,47,64,77,846
2020-01-16,FT,Fortune Thursday,37,27,11,86,21,89,28,59,14,18,653
2020-01-17,FB,Friday Bonanza,87,46,69,57,22,33,45,74,67,51,631
2020-01-18,NW,National Weekly,73,49,2,4,83,53,59,70,50,67,2988
2020-01-20,MS,Monday Special,43,90,61,76,70,39,26,8,28,72,727
2020-01-21,LT,Lucky Tuesday,76,3,43,56,60,65,49,26,47,35,653
2020-01-22,MW,MidWeek,50,46,77,82,89,13,81,87,70,52,847
2020-01-23,FT,Fortune Thursday,68,90,81,30,29,3,39,9,54,78,654
2020-01-24,FB,Friday Bonanza,6,77,69,44,57,75,80,89,49,66,632
2020-01-25,NW,National Weekly,86,35,79,18,8,71,28,5,54,38,2989
2020-01-27,MS,Monday Special,63,56,78,27,32,51,15,13,17,38,728
2020-01-28,LT,Lucky Tuesday,41,88,85,43,81,39,40,29,1,50,654
2020-01-29,MW,MidWeek,36,57,60,23,2,59,83,77,58,52,848
2020-01-30,FT,Fortune Thursday,8,64,26,83,74,59,23,13,24,32,655
2020-01-31,FB,Friday Bonanza,84,62,58,90,68,15,88,69,27,61,633
2020-02-01,NW,National Weekly,49,52,43,63,14,73,12,56,65,57,2990
2020-02-03,MS,Monday Special,21,23,15,4,14,49,88,81,24,75,729
2020-02-04,LT,Lucky Tuesday,67,34,53,19,12,6,80,24,37,14,655
2020-02-05,MW,MidWeek,2,36,64,49,61,45,19,7,18,80,849
2020-02-06,FT,Fortune Thursday,27,85,44,73,16,8,9,2,29,70,656
2020-02-07,FB,Friday Bonanza,34,64,36,27,76,4,9,22,19,66,634
2020-02-08,NW,National Weekly,28,33,25,49,84,64,82,5,53,45,2991
2020-02-10,MS,Monday Special,38,66,33,76,22,23,58,68,40,89,730
2020-02-11,LT,Lucky Tuesday,72,44,53,59,50,76,35,14,85,30,656
2020-02-12,MW,MidWeek,71,46,43,78,34,15,32,21,22,1,850
2020-02-13,FT,Fortune Thursday,44,63,41,11,73,77,19,60,55,84,657
2020-02-14,FB,Friday Bonanza,6,28,7,33,16,30,78,68,46,82,635
2020-02-15,NW,National Weekly,69,73,72,5,63,86,80,90,47,9,2992
2020-02-17,MS,Monday Special,14,75,90,67,21,65,42,59,50,38,731
2020-02-18,LT,Lucky Tuesday,60,79,78,43,69,22,87,13,2,31,657
2020-02-19,MW,MidWeek,47,62,14,84,87,35,38,28,12,72,851
2020-02-20,FT,Fortune Thursday,22,41,69,7,77,17,78,64,27,39,658
2020-02-21,FB,Friday Bonanza,21,70,19,9,1,26,65,39,36,12,636
2020-02-22,NW,National Weekly,13,23,21,88,49,62,69,70,35,89,2993
2020-02-24,MS,Monday Special,82,62,11,85,42,39,41,28,40,18,732
2020-02-25,LT,Lucky Tuesday,66,52,61,25,6,82,75,13,81,17,658
2020-02-26,MW,MidWeek,22,35,69,49,55,3,83,47,17,70,852
2020-02-27,FT,Fortune Thursday,70,50,2,67,43,48,6,4,79,45,659
2020-02-28,FB,Friday Bonanza,8,3,49,43,47,62,15,20,19,7,637
2020-02-29,NW,National Weekly,15,30,62,7,33,14,89,49,73,17,2994
2020-03-02,MS,Monday Special,46,1,5,52,33,3,86,49,67,81,733
2020-03-03,LT,Lucky Tuesday,1,73,8,21,42,83,31,51,19,58,659
2020-03-04,MW,MidWeek,11,25,10,15,64,76,19,65,89,38,853
2020-03-05,FT,Fortune Thursday,56,50,77,68,82,28,86,21,58,31,660
2020-03-07,NW,National Weekly,53,50,82,40,18,75,58,52,8,81,2995
2020-03-09,MS,Monday Special,21,28,70,51,83,26,19,7,74,31,734
2020-03-10,LT,Lucky Tuesday,66,58,24,62,7,41,57,46,87,12,660
2020-03-11,MW,MidWeek,60,70,85,84,15,3,59,48,57,24,854
2020-03-12,FT,Fortune Thursday,64,77,54,1,55,85,83,39,28,37,661
2020-03-13,FB,Friday Bonanza,15,8,38,5,4,90,62,82,37,59,638
2020-03-14,NW,National Weekly,44,48,9,72,20,89,50,43,87,40,2996
2020-03-16,MS,Monday Special,13,64,62,85,73,17,69,8,56,7,735
2020-03-17,LT,Lucky Tuesday,3,84,58,1,13,89,16,5,57,68,661
2020-03-18,MW,MidWeek,53,48,19,82,75,63,40,89,52,41,855
2020-03-19,FT,Fortune Thursday,90,22,54,15,51,11,60,43,36,7,662
2020-03-20,FB,Friday Bonanza,54,67,15,69,46,2,77,32,83,85,639
2020-03-21,NW,National Weekly,10,55,40,3,72,87,8,59,23,24,2997
2020-03-23,MS,Monday Special,80,58,27,11,84,3,24,1,85,49,736
2020-03-24,LT,Lucky Tuesday,20,80,27,75,10,13,82,8,79,35,662
2020-03-25,MW,MidWeek,6,14,87,12,61,46,1,70,10,21,857
2020-03-26,FT,Fortune Thursday,60,26,31,47,37,74,86,83,4,7,663
2020-03-27,FB,Friday Bonanza,74,65,12,26,69,3,70,20,85,83,640
2020-03-28,NW,National Weekly,87,37,32,5,50,88,42,36,10,34,2998
2020-04-06,MS,Monday Special,79,7,6,39,90,33,73,35,1,76,737
2020-04-07,LT,Lucky Tuesday,70,60,53,25,48,9,64,32,51,79,663
2020-04-09,NW,National Weekly,16,59,77,76,14,19,51,84,33,57,2999
2020-04-14,LT,Lucky Tuesday,21,85,60,36,16,12,42,25,19,10,664
2020-04-15,MW,MidWeek,9,76,15,14,90,52,2,19,74,83,858
2020-04-16,FT,Fortune Thursday,84,73,10,19,5,81,11,57,17,29,664
2020-04-17,FB,Friday Bonanza,68,69,16,38,34,2,89,46,31,3,641
2020-04-18,NW,National Weekly,77,80,61,58,62,48,89,82,46,5,3000
2020-04-20,MS,Monday Special,10,51,49,85,75,35,14,64,36,40,738
2020-04-21,LT,Lucky Tuesday,47,54,22,28,17,12,42,5,29,68,665
2020-04-22,MW,MidWeek,57,51,6,60,61,35,8,62,48,76,859
2020-04-23,FT,Fortune Thursday,57,75,32,49,53,4,17,50,15,19,665
2020-04-24,FB,Friday Bonanza,54,80,57,14,38,20,72,71,89,90,642
2020-04-25,NW,National Weekly,60,42,1,90,58,44,68,88,11,19,3001
2020-04-27,MS,Monday Special,80,65,86,71,77,14,28,1,48,19,739
2020-04-28,LT,Lucky Tuesday,79,54,10,70,43,83,78,42,71,4,666
2020-04-29,MW,MidWeek,77,16,58,28,25,43,26,61,34,79,860
2020-04-30,FT,Fortune Thursday,78,58,34,45,43,61,62,84,19,73,666
2020-05-02,NW,National Weekly,71,59,37,77,40,69,7,15,76,6,3002
2020-05-04,MS,Monday Special,83,18,24,74,3,62,37,81,42,19,740
2020-05-05,LT,Lucky Tuesday,46,75,83,68,21,26,16,25,6,56,667
2020-05-06,MW,MidWeek,67,79,16,5,46,51,34,74,25,13,861
2020-05-07,FT,Fortune Thursday,37,76,53,9,8,60,1,90,58,49,667
2020-05-08,FB,Friday Bonanza,64,11,2,90,63,42,88,7,22,3,643
2020-05-09,NW,National Weekly,41,50,89,30,55,27,48,62,37,80,3003
2020-05-11,MS,Monday Special,16,46,9,43,10,47,81,19,54,30,741
2020-05-12,LT,Lucky Tuesday,83,38,45,71,23,86,14,40,57,20,668
2020-05-13,MW,MidWeek,28,68,79,41,22,83,29,54,44,42,862
2020-05-14,FT,Fortune Thursday,23,42,27,14,72,39,29,52,34,33,668
2020-05-15,FB,Friday Bonanza,47,29,38,13,44,46,25,26,85,31,644
2020-05-16,NW,National Weekly,77,87,19,37,47,54,73,79,4,42,3004
2020-05-18,MS,Monday Special,43,37,14,5,49,15,31,86,26,18,742
2020-05-19,LT,Lucky Tuesday,73,38,2,41,85,65,56,18,79,51,669
2020-05-20,MW,MidWeek,77,64,3,45,55,5,15,17,67,30,863
2020-05-21,FT,Fortune Thursday,6,14,88,78,24,76,19,65,50,57,669
2020-05-22,FB,Friday Bonanza,26,12,5,53,77,4,1,40,90,50,645
2020-05-23,NW,National Weekly,14,58,63,9,2,11,7,89,69,42,3005
2020-05-26,LT,Lucky Tuesday,47,40,57,42,27,38,65,52,58,88,670
2020-05-27,MW,MidWeek,43,71,65,10,73,27,24,86,39,59,864
2020-05-28,FT,Fortune Thursday,61,70,48,51,69,88,38,11,18,13,670
2020-05-29,FB,Friday Bonanza,90,57,24,44,81,35,25,10,85,51,646
2020-05-30,NW,National Weekly,56,78,7,47,27,54,61,66,26,50,3006
2020-06-01,MS,Monday Special,70,88,23,1,63,25,3,75,73,30,743
2020-06-02,LT,Lucky Tuesday,66,63,72,11,59,50,24,53,89,19,671
2020-06-03,MW,MidWeek,4,7,34,40,66,78,88,23,28,62,865
2020-06-04,FT,Fortune Thursday,63,79,76,50,82,59,34,80,45,23,671
2020-06-05,FB,Friday Bonanza,75,18,80,61,9,14,71,25,43,31,647
2020-06-06,NW,National Weekly,53,85,41,40,77,20,49,29,50,87,3007
2020-06-08,MS,Monday Special,87,21,68,27,1,18,23,37,33,77,744
2020-06-09,LT,Lucky Tuesday,27,55,40,87,30,42,53,57,15,14,672
2020-06-10,MW,MidWeek,52,41,13,5,12,64,48,24,84,56,866
2020-06-11,FT,Fortune Thursday,44,30,88,79,45,46,52,11,54,22,672
2020-06-12,FB,Friday Bonanza,26,61,86,83,43,55,66,23,71,52,648
2020-06-13,NW,National Weekly,5,28,27,2,78,62,85,77,45,56,3008
2020-06-15,MS,Monday Special,64,57,37,79,42,21,44,47,86,5,745
2020-06-16,LT,Lucky Tuesday,18,17,28,23,78,61,60,41,8,65,673
2020-06-17,MW,MidWeek,15,74,34,14,67,79,28,61,32,54,867
2020-06-18,FT,Fortune Thursday,9,75,27,69,38,72,2,54,45,53,673
2020-06-19,FB,Friday Bonanza,13,45,51,35,60,56,50,63,53,59,649
2020-06-20,NW,National Weekly,52,84,37,44,33,41,25,82,24,42,3009
2020-06-22,MS,Monday Special,41,13,55,73,7,56,77,70,3,25,746
2020-06-23,LT,Lucky Tuesday,65,41,81,12,16,58,54,84,2,70,674
2020-06-24,MW,MidWeek,61,74,60,53,22,18,20,16,46,78,868
2020-06-25,FT,Fortune Thursday,57,62,22,60,53,5,84,21,36,1,674
2020-06-26,FB,Friday Bonanza,70,12,4,60,38,18,28,11,63,87,650
2020-06-27,NW,National Weekly,84,63,51,20,89,78,60,44,7,73,3010
2020-06-29,MS,Monday Special,57,14,35,23,54,83,19,51,50,44,747
2020-06-30,LT,Lucky Tuesday,60,77,21,86,47,30,1,24,37,80,675
2020-07-01,MW,MidWeek,34,18,82,58,17,16,71,59,87,72,869
2020-07-02,FT,Fortune Thursday,12,24,89,78,3,28,11,25,2,33,675
2020-07-03,FB,Friday Bonanza,82,32,79,68,21,38,30,75,25,9,651
2020-07-04,NW,National Weekly,52,17,82,39,34,36,13,58,24,7,3011
2020-07-06,MS,Monday Special,84,15,38,65,62,27,30,59,67,9,748
2020-07-07,LT,Lucky Tuesday,26,65,41,47,89,36,59,9,13,54,676
2020-07-08,MW,MidWeek,19,81,15,51,29,17,48,13,8,20,870
2020-07-09,FT,Fortune Thursday,6,56,44,31,47,38,60,21,63,37,676
2020-07-10,FB,Friday Bonanza,45,26,63,8,41,77,28,67,72,88,652
2020-07-11,NW,National Weekly,37,46,70,2,3,61,50,7,40,36,3012
2020-07-13,MS,Monday Special,4,83,5,73,8,7,89,67,45,77,749
2020-07-14,LT,Lucky Tuesday,10,33,41,75,11,15,38,85,51,39,677
2020-07-15,MW,MidWeek,76,48,4,69,46,29,59,45,52,7,871
2020-07-16,FT,Fortune Thursday,15,18,60,44,6,13,42,11,55,22,677
2020-07-17,FB,Friday Bonanza,32,74,19,5,35,37,60,2,30,50,653
2020-07-18,NW,National Weekly,22,63,6,37,64,55,34,72,90,7,3013
2020-07-20,MS,Monday Special,4,56,70,53,75,69,77,66,9,52,750
2020-07-21,LT,Lucky Tuesday,21,81,89,45,83,15,62,86,19,27,678
2020-07-22,MW,MidWeek,81,35,26,46,7,39,21,51,43,38,872
2020-07-23,FT,Fortune Thursday,86,22,60,34,61,8,73,35,67,41,678
2020-07-24,FB,Friday Bonanza,58,57,9,81,60,12,37,55,11,3,654
2020-07-25,NW,National Weekly,55,25,22,40,85,28,32,74,26,44,3014
2020-07-27,MS,Monday Special,51,55,76,52,66,5,42,10,48,33,751
2020-07-28,LT,Lucky Tuesday,88,47,76,74,71,62,72,17,24,27,679
2020-07-29,MW,MidWeek,2,15,54,88,29,51,14,62,73,60,873
2020-07-30,FT,Fortune Thursday,57,8,84,90,31,77,76,12,78,10,679
2020-08-01,NW,National Weekly,42,19,84,69,61,49,39,5,48,7,3015
2020-08-03,MS,Monday Special,43,56,27,11,75,16,15,38,31,3,752
2020-08-05,MW,MidWeek,63,82,40,21,80,24,60,83,44,22,874
2020-08-06,FT,Fortune Thursday,38,31,1,14,46,79,73,64,26,34,680
2020-08-07,FB,Friday Bonanza,33,35,46,82,16,63,67,10,55,69,655
2020-08-08,NW,National Weekly,63,74,53,77,10,22,50,38,54,16,3016
2020-08-10,MS,Monday Special,89,80,33,68,24,38,40,29,26,13,753
2020-08-11,LT,Lucky Tuesday,90,17,59,2,37,34,57,56,50,14,680
2020-08-12,MW,MidWeek,17,59,35,29,46,62,30,25,73,80,875
2020-08-13,FT,Fortune Thursday,60,29,6,7,3,23,35,55,30,34,681
2020-08-14,FB,Friday Bonanza,23,35,33,74,31,8,22,41,63,28,656
2020-08-15,NW,National Weekly,27,11,35,66,38,50,52,34,83,7,3017
2020-08-17,MS,Monday Special,20,42,84,58,82,3,79,64,49,7,754
2020-08-18,LT,Lucky Tuesday,81,12,72,21,16,55,22,32,19,61,681
2020-08-19,MW,MidWeek,29,75,84,13,60,10,14,9,8,57,876
2020-08-20,FT,Fortune Thursday,16,29,70,49,82,81,58,22,67,43,682
2020-08-21,FB,Friday Bonanza,33,89,21,32,59,3,58,78,82,2,657
2020-08-22,NW,National Weekly,51,12,65,47,5,49,39,17,36,45,3018
2020-08-24,MS,Monday Special,89,10,4,70,84,71,33,2,68,3,755
2020-08-25,LT,Lucky Tuesday,78,9,64,86,13,61,2,21,72,70,682
2020-08-26,MW,MidWeek,83,60,10,42,45,39,35,22,51,74,877
2020-08-27,FT,Fortune Thursday,26,51,68,69,38,78,45,87,1,25,683
2020-08-28,FB,Friday Bonanza,26,18,43,64,39,9,14,38,76,22,658
2020-08-29,NW,National Weekly,49,19,16,32,59,58,31,62,26,70,3019
2020-08-31,MS,Monday Special,55,26,36,74,35,46,41,47,77,78,756
2020-09-01,LT,Lucky Tuesday,54,66,13,42,15,12,32,22,8,61,683
2020-09-02,MW,MidWeek,25,17,90,19,83,87,68,59,76,26,878
2020-09-03,FT,Fortune Thursday,24,47,43,76,90,3,17,34,65,36,684
2020-09-04,FB,Friday Bonanza,31,24,83,57,79,66,16,87,30,37,659
2020-09-05,NW,National Weekly,45,16,44,27,26,66,84,62,40,78,3020
2020-09-07,MS,Monday Special,46,21,40,2,77,68,11,78,32,23,757
2020-09-08,LT,Lucky Tuesday,75,38,70,59,26,68,27,67,83,43,684
2020-09-09,MW,MidWeek,31,28,21,23,72,60,12,80,47,67,879
2020-09-10,FT,Fortune Thursday,23,7,60,54,86,76,26,10,77,33,685
2020-09-11,FB,Friday Bonanza,16,8,27,35,47,65,70,57,78,46,660
2020-09-12,NW,National Weekly,80,50,52,19,87,77,73,12,55,26,3021
2020-09-14,MS,Monday Special,14,6,21,7,10,78,18,60,15,11,758
2020-09-15,LT,Lucky Tuesday,7,66,12,17,25,4,32,83,77,19,685
2020-09-16,MW,MidWeek,81,63,34,9,33,52,44,65,6,54,880
2020-09-17,FT,Fortune Thursday,80,4,67,87,11,2,40,33,23,84,686
2020-09-18,FB,Friday Bonanza,81,63,86,38,79,75,67,17,52,53,661
2020-09-19,NW,National Weekly,40,75,19,35,11,66,54,55,50,60,3022
2020-09-22,LT,Lucky Tuesday,47,72,35,82,69,28,58,43,77,74,686
2020-09-23,MW,MidWeek,60,28,23,76,8,42,36,70,74,84,881
2020-09-24,FT,Fortune Thursday,66,23,59,27,50,56,54,33,3,44,687
2020-09-25,FB,Friday Bonanza,32,57,50,69,27,46,54,56,64,39,662
2020-09-26,NW,National Weekly,65,77,24,43,80,38,30,16,29,14,3023
2020-09-28,MS,Monday Special,55,68,38,49,9,46,66,80,19,52,759
2020-09-29,LT,Lucky Tuesday,87,79,70,13,86,51,21,17,75,28,687
2020-09-30,MW,MidWeek,53,34,79,6,74,42,28,8,45,40,882
2020-10-01,FT,Fortune Thursday,68,18,7,46,38,85,17,4,48,45,688
2020-10-02,FB,Friday Bonanza,90,78,16,63,50,38,29,58,61,52,663
2020-10-03,NW,National Weekly,49,10,69,13,8,21,54,45,1,55,3024
2020-10-05,MS,Monday Special,78,18,38,89,52,45,74,51,43,14,760
2020-10-06,LT,Lucky Tuesday,7,71,5,38,40,39,80,45,74,53,688
2020-10-07,MW,MidWeek,64,55,63,81,59,42,15,82,39,69,883
2020-10-08,FT,Fortune Thursday,46,60,52,36,27,48,37,21,8,86,689
2020-10-09,FB,Friday Bonanza,55,4,84,47,86,48,21,44,53,56,664
2020-10-10,NW,National Weekly,60,82,71,55,80,37,15,86,4,54,3025
2020-10-12,MS,Monday Special,31,65,73,16,37,81,40,29,42,89,761
2020-10-13,LT,Lucky Tuesday,26,85,66,73,37,19,50,38,8,49,689
2020-10-14,MW,MidWeek,50,29,69,62,74,56,34,66,78,39,884
2020-10-15,FT,Fortune Thursday,69,3,78,83,65,82,23,54,56,63,690
2020-10-16,FB,Friday Bonanza,81,60,13,86,30,45,56,35,62,5,665
2020-10-17,NW,National Weekly,54,52,30,82,20,1,21,22,41,68,3026
2020-10-19,MS,Monday Special,9,85,81,25,90,60,14,20,32,55,762
2020-10-20,LT,Lucky Tuesday,29,52,37,81,61,59,17,58,12,55,690
2020-10-21,MW,MidWeek,78,12,25,64,67,53,62,4,37,56,885
2020-10-22,FT,Fortune Thursday,18,3,31,60,72,24,48,50,42,25,691
2020-10-23,FB,Friday Bonanza,76,89,38,17,27,90,28,88,55,86,666
2020-10-24,NW,National Weekly,4,21,46,35,26,54,56,50,32,39,3027
2020-10-26,MS,Monday Special,2,38,42,78,8,60,62,69,32,64,763
2020-10-27,LT,Lucky Tuesday,16,63,45,53,78,35,4,50,75,27,691
2020-10-28,MW,MidWeek,62,50,10,84,31,45,4,17,14,30,886
2020-10-29,FT,Fortune Thursday,68,56,12,38,50,59,21,6,29,5,692
2020-10-30,FB,Friday Bonanza,26,70,44,46,3,68,65,39,56,27,667
2020-10-31,NW,National Weekly,17,90,76,56,70,78,26,23,7,53,3028
2020-11-02,MS,Monday Special,57,6,10,55,68,71,12,69,20,56,764
2020-11-03,LT,Lucky Tuesday,21,22,58,41,68,10,36,39,16,24,692
2020-11-04,MW,MidWeek,86,81,68,49,13,79,24,83,38,74,887
2020-11-05,FT,Fortune Thursday,13,62,50,52,23,17,32,54,21,2,693
2020-11-06,FB,Friday Bonanza,56,83,58,39,24,77,50,7,55,45,668
2020-11-07,NW,National Weekly,46,73,72,69,45,84,34,36,53,55,3029
2020-11-09,MS,Monday Special,69,32,10,66,42,75,37,70,71,68,765
2020-11-10,LT,Lucky Tuesday,14,36,26,15,75,39,38,68,52,87,693
2020-11-11,MW,MidWeek,87,20,48,19,80,47,78,17,41,25,888
2020-11-12,FT,Fortune Thursday,38,76,44,80,6,55,36,74,53,57,694
2020-11-13,FB,Friday Bonanza,49,64,61,67,30,87,55,4,41,33,669
2020-11-14,NW,National Weekly,32,7,23,70,13,54,57,83,55,33,3030
2020-11-16,MS,Monday Special,28,11,67,46,1,71,40,43,83,86,766
2020-11-17,LT,Lucky Tuesday,73,60,34,14,25,1,8,36,66,55,694
2020-11-18,MW,MidWeek,8,70,32,53,28,44,52,17,15,46,889
2020-11-19,FT,Fortune Thursday,1,15,68,59,16,35,71,48,19,31,695
2020-11-20,FB,Friday Bonanza,72,15,56,69,73,77,79,24,65,52,670
2020-11-21,NW,National Weekly,77,90,34,16,88,12,89,9,37,31,3031
2020-11-23,MS,Monday Special,84,46,81,47,1,16,7,23,40,65,767
2020-11-24,LT,Lucky Tuesday,40,63,29,73,82,56,43,74,85,37,695
2020-11-25,MW,MidWeek,54,70,62,40,10,56,47,60,30,44,890
2020-11-26,FT,Fortune Thursday,83,35,65,29,11,36,82,34,8,1,696
2020-11-27,FB,Friday Bonanza,11,88,64,78,30,51,54,55,56,15,671
2020-11-28,NW,National Weekly,2,36,50,39,88,57,34,35,16,55,3032
2020-11-30,MS,Monday Special,61,44,79,49,70,36,87,50,46,69,768
2020-12-01,LT,Lucky Tuesday,76,37,57,73,59,45,88,81,64,38,696
2020-12-02,MW,MidWeek,23,15,24,75,80,77,35,6,34,64,891
2020-12-03,FT,Fortune Thursday,21,18,19,83,74,35,70,50,54,3,697
2020-12-04,FB,Friday Bonanza,76,38,19,1,48,24,44,40,83,51,672
2020-12-05,NW,National Weekly,69,66,72,58,60,3,40,12,39,44,3033
2020-12-08,LT,Lucky Tuesday,19,85,52,13,57,33,55,48,42,1,697
2020-12-09,MW,MidWeek,4,28,86,38,52,8,51,14,73,78,892
2020-12-10,FT,Fortune Thursday,53,6,80,63,75,48,25,40,90,18,698
2020-12-11,FB,Friday Bonanza,16,21,64,58,77,27,29,70,45,75,673
2020-12-12,NW,National Weekly,46,24,70,33,88,48,53,56,55,54,3034
2020-12-14,MS,Monday Special,75,76,58,86,10,82,46,51,57,14,769
2020-12-15,LT,Lucky Tuesday,29,21,73,65,59,41,64,4,81,87,698
2020-12-16,MW,MidWeek,62,42,3,74,6,85,24,7,49,84,893
2020-12-17,FT,Fortune Thursday,28,10,76,84,53,6,16,57,35,32,699
2020-12-18,FB,Friday Bonanza,48,24,37,83,82,23,45,35,79,7,674
2020-12-19,NW,National Weekly,25,61,47,53,24,80,54,32,55,34,3035
2020-12-21,MS,Monday Special,14,78,81,44,26,35,64,58,17,41,770
2020-12-22,LT,Lucky Tuesday,39,84,23,58,70,83,45,1,48,31,699
2020-12-23,MW,MidWeek,71,85,51,22,27,25,72,53,82,1,894
2020-12-24,NW,National Weekly,65,90,88,3,63,44,21,80,40,34,3036
2020-12-29,LT,Lucky Tuesday,1,85,87,84,6,67,43,33,27,49,700
2020-12-30,MW,MidWeek,78,41,59,36,61,40,44,48,55,17,895
2020-12-31,FT,Fortune Thursday,37,11,54,86,29,89,22,74,40,64,700
2021-01-02,NW,National Weekly,16,59,65,34,41,51,38,87,42,18,3037
2021-01-04,MS,Monday Special,8,36,38,46,59,70,86,16,17,52,771
2021-01-05,LT,Lucky Tuesday,1,52,43,65,9,45,67,33,13,74,701
2021-01-06,MW,MidWeek,33,58,49,48,15,59,51,1,9,7,896
2021-01-08,FB,Friday Bonanza,31,6,82,59,37,63,71,86,20,10,675
2021-01-09,NW,National Weekly,35,42,15,77,69,14,72,9,70,40,3038
2021-01-11,MS,Monday Special,13,79,75,21,23,15,77,63,5,2,772
2021-01-12,LT,Lucky Tuesday,79,2,69,50,84,86,3,23,24,37,702
2021-01-13,MW,MidWeek,26,43,4,68,1,83,56,7,29,34,897
2021-01-14,FT,Fortune Thursday,21,38,51,52,8,46,35,7,37,67,701
2021-01-15,FB,Friday Bonanza,61,1,30,65,62,60,39,6,36,46,676
2021-01-16,NW,National Weekly,64,1,14,43,36,20,87,8,25,2,3039
2021-01-18,MS,Monday Special,62,61,90,88,8,56,51,50,47,14,773
2021-01-19,LT,Lucky Tuesday,80,73,25,82,11,38,26,24,60,55,703
2021-01-20,MW,MidWeek,51,64,83,12,17,34,60,6,50,56,898
2021-01-21,FT,Fortune Thursday,39,38,15,56,83,47,72,49,50,66,702
2021-01-22,FB,Friday Bonanza,90,88,7,40,81,14,44,45,84,86,677
2021-01-23,NW,National Weekly,20,66,45,11,31,50,55,16,32,54,3040
2021-01-25,MS,Monday Special,64,88,16,55,60,52,44,43,51,84,774
2021-01-26,LT,Lucky Tuesday,14,45,80,71,59,40,32,16,44,12,704
2021-01-27,MW,MidWeek,4,21,54,1,85,53,33,41,34,17,899
2021-01-28,FT,Fortune Thursday,4,9,27,10,68,16,36,19,26,90,703
2021-01-29,FB,Friday Bonanza,26,65,16,90,25,9,32,22,52,19,678
2021-01-30,NW,National Weekly,78,73,8,18,49,33,80,34,37,11,3041
2021-02-01,MS,Monday Special,15,41,77,65,11,54,9,69,61,21,775
2021-02-02,LT,Lucky Tuesday,38,57,60,69,2,55,81,62,30,63,705
2021-02-03,MW,MidWeek,60,74,67,75,4,15,90,30,81,17,900
2021-02-04,FT,Fortune Thursday,27,23,82,68,86,31,55,67,78,48,704
2021-02-05,FB,Friday Bonanza,47,34,45,75,29,26,78,67,85,6,679
2021-02-06,NW,National Weekly,45,68,24,72,32,46,26,2,76,36,3042
2021-02-08,MS,Monday Special,72,33,58,16,51,37,90,56,12,68,776
2021-02-09,LT,Lucky Tuesday,71,37,25,48,18,7,24,31,65,72,706
2021-02-10,MW,MidWeek,83,58,47,2,62,27,20,57,25,54,901
2021-02-11,FT,Fortune Thursday,41,47,45,90,25,85,8,86,39,56,705
2021-02-12,FB,Friday Bonanza,34,88,52,17,46,45,21,81,13,50,680
2021-02-13,NW,National Weekly,19,64,23,73,81,32,55,18,85,4,3043
2021-02-15,MS,Monday Special,7,36,14,50,25,69,45,17,4,12,777
2021-02-16,LT,Lucky Tuesday,84,68,67,20,90,21,18,40,44,50,707
2021-02-17,MW,MidWeek,16,44,62,58,64,54,19,39,88,34,902
2021-02-18,FT,Fortune Thursday,46,68,44,45,3,77,88,47,75,14,706
2021-02-19,FB,Friday Bonanza,68,47,29,2,31,40,48,39,19,45,681
2021-02-20,NW,National Weekly,61,35,53,42,17,54,55,58,41,50,3044
2021-02-22,MS,Monday Special,67,60,72,80,48,35,3,52,83,44,778
2021-02-23,LT,Lucky Tuesday,46,34,67,72,81,43,86,64,49,19,708
2021-02-24,MW,MidWeek,80,7,3,58,77,65,15,1,12,79,903
2021-02-25,FT,Fortune Thursday,41,67,79,10,85,66,40,56,28,34,707
2021-02-26,FB,Friday Bonanza,32,38,4,55,46,57,33,71,1,13,682
2021-02-27,NW,National Weekly,26,16,84,44,42,36,6,25,38,89,3045
2021-03-01,MS,Monday Special,34,59,77,83,13,11,79,44,85,24,779
2021-03-02,LT,Lucky Tuesday,10,29,9,45,13,2,53,37,35,34,709
2021-03-03,MW,MidWeek,28,66,82,88,16,64,15,48,43,69,904
2021-03-04,FT,Fortune Thursday,80,16,56,86,47,41,40,42,12,51,708
2021-03-05,FB,Friday Bonanza,71,14,2,27,84,58,67,5,31,1,683
2021-03-06,NW,National Weekly,49,72,36,18,62,90,78,50,60,40,3046
2021-03-09,LT,Lucky Tuesday,57,24,85,42,43,73,71,41,33,22,710
2021-03-10,MW,MidWeek,65,58,4,76,69,16,37,56,40,14,905
2021-03-11,FT,Fortune Thursday,32,13,25,50,39,45,86,51,33,69,709
2021-03-12,FB,Friday Bonanza,6,57,61,59,30,18,24,22,71,87,684
2021-03-13,NW,National Weekly,50,3,41,1,14,33,53,48,47,16,3047
2021-03-15,MS,Monday Special,78,69,29,24,53,90,85,28,33,17,780
2021-03-16,LT,Lucky Tuesday,63,53,4,67,62,56,58,12,84,52,711
2021-03-17,MW,MidWeek,74,42,2,3,55,25,16,54,86,34,906
2021-03-18,FT,Fortune Thursday,12,20,80,70,87,58,83,32,50,38,710
2021-03-19,FB,Friday Bonanza,68,26,74,46,40,43,32,41,56,19,685
2021-03-20,NW,National Weekly,83,46,19,71,11,70,49,39,79,88,3048
2021-03-22,MS,Monday Special,38,16,4,75,65,60,19,64,3,18,781
2021-03-23,LT,Lucky Tuesday,46,49,55,66,45,18,44,56,68,8,712
2021-03-24,MW,MidWeek,22,17,42,44,12,8,36,28,88,23,907
2021-03-25,FT,Fortune Thursday,20,57,17,79,73,29,65,3,74,72,711
2021-03-26,FB,Friday Bonanza,78,76,17,27,30,28,56,74,79,38,686
2021-03-27,NW,National Weekly,3,42,54,41,58,36,76,45,8,11,3049
2021-03-29,MS,Monday Special,33,32,83,19,17,37,84,25,87,59,782
2021-03-30,LT,Lucky Tuesday,3,32,70,26,16,20,36,71,41,77,713
2021-03-31,MW,MidWeek,78,9,17,52,7,22,74,65,35,18,908
2021-04-01,NW,National Weekly,24,84,80,6,29,62,58,35,26,5,3050
2021-04-06,LT,Lucky Tuesday,49,61,45,32,34,85,11,58,41,79,714
2021-04-07,MW,MidWeek,88,1,19,81,28,73,14,56,76,61,909
2021-04-08,FT,Fortune Thursday,27,66,20,19,25,82,34,22,35,13,712
2021-04-09,FB,Friday Bonanza,41,29,71,21,52,80,10,77,11,46,687
2021-04-10,NW,National Weekly,68,35,67,74,47,39,48,65,18,33,3051
2021-04-12,MS,Monday Special,14,79,28,52,8,78,32,74,80,27,783
2021-04-13,LT,Lucky Tuesday,9,68,81,34,36,62,43,26,64,60,715
2021-04-14,MW,MidWeek,24,48,53,1,68,28,77,38,81,13,910
2021-04-15,FT,Fortune Thursday,72,25,22,17,80,28,15,24,14,19,713
2021-04-16,FB,Friday Bonanza,21,46,26,23,12,32,79,68,52,69,688
2021-04-17,NW,National Weekly,50,42,55,30,74,22,32,27,46,13,3052
2021-04-19,MS,Monday Special,55,64,11,39,50,75,45,59,27,28,784
2021-04-20,LT,Lucky Tuesday,58,53,60,49,75,81,39,41,28,31,716
2021-04-21,MW,MidWeek,16,9,30,35,66,22,13,55,79,12,911
2021-04-22,FT,Fortune Thursday,19,71,11,23,1,24,43,5,69,4,714
2021-04-23,FB,Friday Bonanza,60,40,12,87,81,54,2,80,26,29,689
2021-04-24,NW,National Weekly,8,75,87,52,59,37,57,29,40,25,3053
2021-04-26,MS,Monday Special,14,24,2,76,59,84,90,7,28,8,785
2021-04-27,LT,Lucky Tuesday,20,16,1,90,48,11,83,66,87,29,717
2021-04-28,MW,MidWeek,23,15,66,68,56,84,13,21,16,79,912
2021-04-29,FT,Fortune Thursday,14,4,90,87,74,42,1,88,51,38,715
2021-04-30,FB,Friday Bonanza,26,90,1,71,10,73,8,62,75,20,690
2021-05-01,NW,National Weekly,32,17,23,41,33,78,83,3,53,9,3054
2021-05-04,LT,Lucky Tuesday,47,82,84,64,69,87,56,57,85,43,718
2021-05-05,MW,MidWeek,10,62,51,63,56,37,23,5,64,53,913
2021-05-06,FT,Fortune Thursday,11,29,22,87,44,14,38,65,76,10,716
2021-05-07,FB,Friday Bonanza,81,5,36,55,53,46,87,73,12,71,691
2021-05-08,NW,National Weekly,12,51,58,78,13,57,4,27,46,79,3055
2021-05-10,MS,Monday Special,46,55,53,14,28,60,86,80,61,90,786
2021-05-11,LT,Lucky Tuesday,52,86,75,79,34,84,27,42,59,1,719
2021-05-12,MW,MidWeek,39,80,53,65,22,7,23,16,69,79,914
2021-05-14,FB,Friday Bonanza,78,19,23,81,43,17,72,65,29,2,692
2021-05-15,NW,National Weekly,63,85,74,56,1,16,45,15,14,10,3056
2021-05-17,MS,Monday Special,73,82,14,1,84,26,64,19,15,47,787
2021-05-18,LT,Lucky Tuesday,25,15,50,75,13,36,77,90,2,7,720
2021-05-19,MW,MidWeek,86,3,71,73,11,17,57,15,4,53,915
2021-05-20,FT,Fortune Thursday,22,32,6,1,7,61,39,18,41,57,717
2021-05-21,FB,Friday Bonanza,50,30,49,70,67,79,40,14,21,82,693
2021-05-22,NW,National Weekly,22,25,88,14,35,29,34,44,78,56,3057
2021-05-24,MS,Monday Special,80,45,48,18,59,20,76,63,90,60,788
2021-05-25,LT,Lucky Tuesday,27,40,43,68,19,16,31,5,45,85,721
2021-05-26,MW,MidWeek,37,15,39,80,22,35,43,41,66,7,916
2021-05-27,FT,Fortune Thursday,14,65,28,56,1,78,39,75,68,85,718
2021-05-28,FB,Friday Bonanza,75,16,55,13,9,63,68,85,14,9,694
2021-05-29,NW,National Weekly,25,62,45,3,49,84,31,82,80,26,3058
2021-05-31,MS,Monday Special,9,5,38,66,68,29,24,6,45,22,789
2021-06-01,LT,Lucky Tuesday,67,39,8,66,22,76,90,59,15,56,722
2021-06-02,MW,MidWeek,89,18,54,86,28,12,31,16,56,7,917
2021-06-03,FT,Fortune Thursday,71,14,6,29,85,31,9,58,30,65,719
2021-06-04,FB,Friday Bonanza,11,10,80,71,55,78,53,6,82,59,695
2021-06-05,NW,National Weekly,3,80,59,43,19,35,26,40,23,77,3059
2021-06-07,MS,Monday Special,39,87,18,37,67,27,59,70,52,49,790
2021-06-08,LT,Lucky Tuesday,78,29,56,10,63,84,15,1,49,87,723
2021-06-09,MW,MidWeek,86,75,20,41,70,29,44,89,65,9,918
2021-06-10,FT,Fortune Thursday,40,85,52,3,44,66,58,24,14,47,720
2021-06-11,FB,Friday Bonanza,63,33,83,78,20,88,73,18,24,29,696
2021-06-12,NW,National Weekly,59,89,45,90,64,86,68,4,83,74,3060
2021-06-14,MS,Monday Special,66,40,60,77,5,22,18,25,23,55,791
2021-06-15,LT,Lucky Tuesday,20,87,19,28,11,21,57,74,73,31,724
2021-06-16,MW,MidWeek,47,76,62,4,48,56,30,69,41,18,919
2021-06-17,FT,Fortune Thursday,81,47,70,3,13,84,15,88,39,66,721
2021-06-18,FB,Friday Bonanza,51,35,43,30,6,67,78,1,27,15,697
2021-06-19,NW,National Weekly,76,29,63,41,6,8,65,51,85,52,3061
2021-06-21,MS,Monday Special,74,51,11,73,26,77,2,88,30,23,792
2021-06-22,LT,Lucky Tuesday,1,38,82,17,63,13,26,78,8,25,725
2021-06-23,MW,MidWeek,32,38,60,80,68,25,20,77,5,39,920
2021-06-24,FT,Fortune Thursday,79,49,28,78,72,85,76,48,77,88,722
2021-06-25,FB,Friday Bonanza,48,22,34,56,36,43,47,5,27,55,698
2021-06-26,NW,National Weekly,29,59,33,72,62,56,44,54,38,13,3062
2021-06-28,MS,Monday Special,47,29,65,51,42,33,64,23,49,7,793
2021-06-29,LT,Lucky Tuesday,65,26,83,63,81,47,49,52,4,12,726
2021-06-30,MW,MidWeek,85,74,87,24,52,57,32,78,12,51,921
2021-07-01,FT,Fortune Thursday,71,21,32,52,57,34,53,3,81,25,723
2021-07-02,FB,Friday Bonanza,10,58,63,86,62,52,29,9,72,27,699
2021-07-03,NW,National Weekly,47,24,59,82,6,31,75,65,55,43,3063
2021-07-05,MS,Monday Special,53,49,8,25,46,23,82,78,83,69,794
2021-07-06,LT,Lucky Tuesday,42,90,64,56,70,27,37,12,29,57,727
2021-07-07,MW,MidWeek,19,46,63,27,4,39,85,37,88,38,922
2021-07-08,FT,Fortune Thursday,68,16,58,88,22,5,47,87,44,35,724
2021-07-09,FB,Friday Bonanza,16,74,44,21,26,34,78,40,59,82,700
2021-07-10,NW,National Weekly,2,67,14,74,87,37,12,62,59,25,3064
2021-07-12,MS,Monday Special,76,90,89,24,17,12,41,63,14,29,795
2021-07-13,LT,Lucky Tuesday,68,13,18,28,14,21,89,60,10,16,728
2021-07-14,MW,MidWeek,79,54,18,14,22,83,28,29,87,38,923
2021-07-15,FT,Fortune Thursday,35,30,23,9,58,80,47,40,52,74,725
2021-07-16,FB,Friday Bonanza,33,3,7,73,12,60,26,5,68,47,701
2021-07-17,NW,National Weekly,40,55,13,90,65,6,71,59,74,46,3065
2021-07-19,MS,Monday Special,33,53,21,77,8,12,55,34,54,44,796
2021-07-21,MW,MidWeek,35,81,69,6,40,39,57,14,84,88,924
2021-07-22,FT,Fortune Thursday,80,77,38,41,7,87,17,83,62,61,726
2021-07-23,FB,Friday Bonanza,79,26,5,69,65,40,33,30,81,14,702
2021-07-24,NW,National Weekly,86,14,60,2,72,16,45,44,33,65,3066
2021-07-26,MS,Monday Special,21,28,86,8,87,38,26,63,18,79,797
2021-07-27,LT,Lucky Tuesday,64,8,88,58,73,11,18,26,49,51,729
2021-07-28,MW,MidWeek,51,84,39,44,76,89,29,78,46,80,925
2021-07-29,FT,Fortune Thursday,58,75,32,44,68,70,57,90,8,71,727
2021-07-30,FB,Friday Bonanza,85,18,77,78,60,86,37,14,27,68,703
2021-07-31,NW,National Weekly,10,5,11,49,32,45,81,48,79,12,3067
2021-08-02,MS,Monday Special,89,50,88,59,6,57,67,37,26,43,798
2021-08-03,LT,Lucky Tuesday,27,56,9,63,46,31,59,38,53,51,730
2021-08-05,FT,Fortune Thursday,69,1,45,16,43,74,78,82,25,30,728
2021-08-06,FB,Friday Bonanza,62,32,70,47,57,45,28,37,72,38,704
2021-08-07,NW,National Weekly,39,58,54,81,38,11,48,37,33,84,3068
2021-08-09,MS,Monday Special,88,33,66,64,81,45,15,55,43,3,799
2021-08-10,LT,Lucky Tuesday,90,73,76,34,29,68,30,64,31,50,731
2021-08-11,MW,MidWeek,12,29,52,6,67,62,35,82,83,55,926
2021-08-12,FT,Fortune Thursday,36,40,6,66,39,30,26,32,13,38,729
2021-08-13,FB,Friday Bonanza,3,14,51,31,19,87,36,37,22,82,705
2021-08-14,NW,National Weekly,74,62,15,31,10,7,8,67,85,71,3069
2021-08-16,MS,Monday Special,67,82,1,35,8,52,34,62,41,27,800
2021-08-17,LT,Lucky Tuesday,45,9,34,40,68,79,36,16,20,4,732
2021-08-18,MW,MidWeek,18,9,64,56,10,43,83,46,16,17,927
2021-08-19,FT,Fortune Thursday,76,14,48,7,86,28,12,6,83,30,730
2021-08-20,FB,Friday Bonanza,85,76,75,31,82,43,37,28,72,57,706
2021-08-21,NW,National Weekly,75,21,42,50,12,73,84,45,22,34,3070
2021-08-23,MS,Monday Special,80,21,47,15,13,41,6,63,78,65,801
2021-08-24,LT,Lucky Tuesday,13,20,72,76,71,18,69,70,81,44,733
2021-08-25,MW,MidWeek,65,45,20,86,25,27,19,29,1,68,928
2021-08-26,FT,Fortune Thursday,52,20,38,12,14,69,10,25,26,54,731
2021-08-27,FB,Friday Bonanza,34,26,77,25,45,51,20,15,69,85,707
2021-08-28,NW,National Weekly,77,83,23,3,19,1,71,16,27,37,3071
2021-08-30,MS,Monday Special,6,56,39,38,36,44,1,12,24,27,802
2021-08-31,LT,Lucky Tuesday,54,46,19,24,90,83,67,60,59,76,734
2021-09-01,MW,MidWeek,10,76,6,34,40,64,81,47,56,24,929
2021-09-02,FT,Fortune Thursday,16,87,82,62,42,40,31,64,57,70,732
2021-09-03,FB,Friday Bonanza,59,51,85,64,88,2,72,12,27,16,708
2021-09-04,NW,National Weekly,33,1,44,43,70,58,89,46,50,36,3072
2021-09-06,MS,Monday Special,24,7,90,84,73,64,37,28,29,54,803
2021-09-07,LT,Lucky Tuesday,85,82,31,43,58,33,12,73,30,56,735
2021-09-08,MW,MidWeek,41,20,51,80,28,47,82,33,50,4,930
2021-09-09,FT,Fortune Thursday,55,50,25,39,85,1,37,74,15,29,733
2021-09-10,FB,Friday Bonanza,87,18,81,2,76,62,19,8,25,84,709
2021-09-11,NW,National Weekly,27,74,51,43,82,13,46,48,24,36,3073
2021-09-13,MS,Monday Special,89,66,27,81,23,9,42,72,78,82,804
2021-09-14,LT,Lucky Tuesday,49,86,47,55,73,17,78,34,40,74,736
2021-09-15,MW,MidWeek,19,71,17,44,57,70,3,72,11,61,931
2021-09-16,FT,Fortune Thursday,18,37,86,54,46,40,23,4,25,38,734
2021-09-17,FB,Friday Bonanza,74,15,2,89,73,51,14,61,88,49,710
2021-09-18,NW,National Weekly,11,5,70,13,61,59,22,9,68,49,3074
2021-09-20,MS,Monday Special,83,56,90,82,63,20,5,29,6,51,805
2021-09-22,MW,MidWeek,80,33,62,35,67,36,45,39,85,87,932
2021-09-23,FT,Fortune Thursday,86,46,30,76,85,1,82,12,45,58,735
2021-09-24,FB,Friday Bonanza,63,73,7,59,23,81,62,31,41,12,711
2021-09-25,NW,National Weekly,63,25,4,67,61,66,70,18,48,6,3075
2021-09-27,MS,Monday Special,12,42,26,23,89,10,82,30,48,75,806
2021-09-28,LT,Lucky Tuesday,50,40,42,38,57,77,81,11,20,73,737
2021-09-29,MW,MidWeek,35,18,54,82,43,83,64,85,4,1,933
2021-09-30,FT,Fortune Thursday,81,55,9,19,38,76,77,83,58,73,736
2021-10-01,FB,Friday Bonanza,27,61,57,83,65,75,80,33,43,62,712
2021-10-02,NW,National Weekly,37,26,53,54,1,12,48,68,58,73,3076
2021-10-04,MS,Monday Special,36,26,65,37,60,85,75,10,88,48,807
2021-10-05,LT,Lucky Tuesday,8,7,89,61,70,41,86,27,20,42,738
2021-10-06,MW,MidWeek,87,62,31,85,88,14,34,77,37,33,934
2021-10-07,FT,Fortune Thursday,15,29,11,37,3,13,49,89,1,74,737
2021-10-08,FB,Friday Bonanza,40,1,16,32,33,55,24,58,5,72,713
2021-10-09,NW,National Weekly,35,14,85,70,53,82,16,7,55,64,3077
2021-10-11,MS,Monday Special,70,32,40,6,72,47,23,75,42,57,808
2021-10-12,LT,Lucky Tuesday,67,46,1,71,24,14,59,52,47,48,739
2021-10-13,MW,MidWeek,89,56,54,78,87,58,88,16,67,76,935
2021-10-14,FT,Fortune Thursday,25,90,79,16,15,70,14,74,10,87,738
2021-10-15,FB,Friday Bonanza,84,69,30,36,31,81,9,11,88,22,714
2021-10-16,NW,National Weekly,5,36,85,60,76,8,4,48,47,68,3078
2021-10-18,MS,Monday Special,29,75,80,10,31,51,78,11,65,66,809
2021-10-19,LT,Lucky Tuesday,24,79,11,13,14,80,66,77,68,1,740
2021-10-20,MW,MidWeek,38,9,43,57,12,45,71,59,52,22,936
2021-10-21,FT,Fortune Thursday,39,79,53,14,55,4,17,56,89,51,739
2021-10-22,FB,Friday Bonanza,56,66,6,22,90,77,87,48,20,71,715
2021-10-23,NW,National Weekly,6,65,76,81,48,58,10,7,61,79,3079
2021-10-25,MS,Monday Special,69,49,10,63,86,75,89,16,28,77,810
2021-10-26,LT,Lucky Tuesday,55,75,18,66,5,38,77,20,30,33,741
2021-10-27,MW,MidWeek,18,8,74,55,62,64,40,80,19,12,937
2021-10-28,FT,Fortune Thursday,46,84,89,13,71,23,88,22,48,68,740
2021-10-29,FB,Friday Bonanza,59,78,86,40,12,14,20,18,42,68,716
2021-10-30,NW,National Weekly,28,42,69,17,24,11,3,9,59,8,3080
2021-11-01,MS,Monday Special,14,24,31,88,52,69,87,44,55,85,811
2021-11-02,LT,Lucky Tuesday,27,84,7,19,66,15,3,87,44,35,742
2021-11-03,MW,MidWeek,67,90,87,48,85,44,79,51,82,17,938
2021-11-04,FT,Fortune Thursday,19,4,80,73,29,57,8,7,38,71,741
2021-11-05,FB,Friday Bonanza,34,20,50,80,88,18,36,39,23,82,717
2021-11-06,NW,National Weekly,80,36,87,61,35,65,74,51,20,13,3081
2021-11-08,MS,Monday Special,87,42,53,6,68,67,33,11,16,65,812
2021-11-09,LT,Lucky Tuesday,25,11,48,4,10,81,40,13,41,5,743
2021-11-10,MW,MidWeek,37,70,38,21,62,22,75,11,83,9,939
2021-11-11,FT,Fortune Thursday,67,6,36,46,71,48,44,29,27,89,742
2021-11-12,FB,Friday Bonanza,56,12,63,51,41,65,72,7,9,66,718
2021-11-13,NW,National Weekly,62,73,55,76,51,9,30,20,10,34,3082
2021-11-15,MS,Monday Special,74,77,5,33,8,37,7,62,83,47,813
2021-11-16,LT,Lucky Tuesday,70,50,35,59,34,36,82,66,26,89,744
2021-11-17,MW,MidWeek,3,4,14,12,64,17,47,80,72,48,940
2021-11-18,FT,Fortune Thursday,62,89,38,48,34,65,63,46,70,72,743
2021-11-19,FB,Friday Bonanza,4,54,18,38,5,88,25,71,16,20,719
2021-11-20,NW,National Weekly,62,34,38,30,44,59,8,67,26,79,3083
2021-11-22,MS,Monday Special,6,52,7,79,4,54,75,67,60,42,814
2021-11-23,LT,Lucky Tuesday,36,60,21,45,41,54,68,87,73,17,745
2021-11-24,MW,MidWeek,6,72,84,25,22,81,19,11,17,8,941
2021-11-25,FT,Fortune Thursday,21,45,46,8,19,35,37,85,25,66,744
2021-11-26,FB,Friday Bonanza,42,13,32,61,87,10,81,30,26,80,720
2021-11-27,NW,National Weekly,59,8,51,40,23,73,21,29,88,32,3084
2021-11-29,MS,Monday Special,31,54,12,9,46,45,53,43,22,28,815
2021-11-30,LT,Lucky Tuesday,7,21,68,4,62,34,55,20,67,82,746
2021-12-01,MW,MidWeek,1,67,19,70,43,14,73,6,63,56,942
2021-12-02,FT,Fortune Thursday,4,33,77,73,25,16,50,34,6,2,745
2021-12-04,NW,National Weekly,38,31,59,34,67,25,22,49,46,82,3085
2021-12-06,MS,Monday Special,34,26,63,9,47,12,31,8,39,48,816
2021-12-07,LT,Lucky Tuesday,62,58,33,78,89,71,29,12,13,83,747
2021-12-08,MW,MidWeek,55,68,72,65,16,89,32,66,19,15,943
2021-12-09,FT,Fortune Thursday,27,59,69,17,43,32,42,15,13,38,746
2021-12-10,FB,Friday Bonanza,89,10,43,54,74,1,12,47,61,8,721
2021-12-11,NW,National Weekly,31,82,42,88,62,37,63,80,33,36,3086
2021-12-13,MS,Monday Special,60,70,46,45,82,21,15,27,4,76,817
2021-12-14,LT,Lucky Tuesday,44,45,35,50,3,71,76,19,33,2,748
2021-12-15,MW,MidWeek,69,42,52,43,72,54,4,80,90,35,944
2021-12-16,FT,Fortune Thursday,2,36,13,52,47,56,64,70,60,45,747
2021-12-17,FB,Friday Bonanza,15,56,65,73,4,46,36,68,37,89,722
2021-12-18,NW,National Weekly,41,61,24,9,55,31,47,14,80,17,3087
2021-12-20,MS,Monday Special,88,77,19,74,43,41,18,60,29,44,818
2021-12-21,LT,Lucky Tuesday,4,23,86,42,18,47,12,51,71,89,749
2021-12-22,MW,MidWeek,59,84,69,6,32,41,67,21,10,35,945
2021-12-23,FT,Fortune Thursday,62,28,72,32,51,17,60,33,3,78,748
2021-12-24,NW,National Weekly,30,44,76,63,78,46,34,42,22,25,3088
2021-12-29,MW,MidWeek,77,39,27,49,44,25,17,26,58,72,946
2021-12-30,FT,Fortune Thursday,83,21,77,28,25,72,49,3,44,67,749
2021-12-31,NW,National Weekly,85,81,55,23,22,10,3,24,27,66,3089
2022-01-04,LT,Lucky Tuesday,72,44,54,46,45,89,27,11,68,61,750
2022-01-05,MW,MidWeek,35,1,7,81,85,2,42,55,58,17,947
2022-01-06,FT,Fortune Thursday,86,41,25,84,12,74,6,83,66,14,750
2022-01-08,NW,National Weekly,89,60,30,21,44,25,6,67,55,49,3090
2022-01-10,MS,Monday Special,37,21,82,20,86,78,63,23,56,48,819
2022-01-11,LT,Lucky Tuesday,15,67,16,53,12,54,38,78,65,14,751
2022-01-12,MW,MidWeek,66,46,6,89,23,50,85,75,58,43,948
2022-01-13,FT,Fortune Thursday,26,87,77,10,8,11,30,12,71,65,751
2022-01-14,FB,Friday Bonanza,65,86,72,27,29,78,52,59,81,24,723
2022-01-15,NW,National Weekly,19,32,31,9,44,72,23,74,78,63,3091
2022-01-17,MS,Monday Special,57,35,56,88,40,80,45,87,9,83,820
2022-01-18,LT,Lucky Tuesday,78,28,4,12,48,41,17,54,26,80,752
2022-01-19,MW,MidWeek,34,36,11,24,76,4,14,71,28,41,949
2022-01-20,FT,Fortune Thursday,40,65,72,80,27,45,57,71,1,9,752
2022-01-21,FB,Friday Bonanza,29,17,40,79,3,74,1,46,66,6,724
2022-01-22,NW,National Weekly,79,34,15,11,52,53,42,37,30,2,3092
2022-01-24,MS,Monday Special,88,63,11,90,35,42,30,15,24,49,821
2022-01-25,LT,Lucky Tuesday,85,50,9,23,2,31,3,10,35,14,753
2022-01-26,MW,MidWeek,68,71,82,30,34,81,44,69,1,37,950
2022-01-27,FT,Fortune Thursday,71,1,77,33,38,10,48,61,35,56,753
2022-01-28,FB,Friday Bonanza,52,20,7,14,65,28,64,44,10,40,725
2022-01-29,NW,National Weekly,84,63,58,89,51,2,62,35,12,29,3093
2022-01-31,MS,Monday Special,80,24,41,74,21,5,71,75,53,13,822
2022-02-01,LT,Lucky Tuesday,82,16,47,52,68,9,8,42,12,58,754
2022-02-02,MW,MidWeek,66,22,7,54,44,70,14,41,87,89,951
2022-02-03,FT,Fortune Thursday,32,19,14,43,40,52,17,72,89,15,754
2022-02-04,FB,Friday Bonanza,47,8,32,12,77,44,55,42,31,71,726
2022-02-05,NW,National Weekly,13,20,82,43,7,26,65,44,23,17,3094
2022-02-07,MS,Monday Special,7,44,27,37,15,51,10,72,82,19,823
2022-02-08,LT,Lucky Tuesday,66,20,44,80,43,81,86,36,42,10,755
2022-02-09,MW,MidWeek,30,64,13,62,78,51,20,34,89,81,952
2022-02-10,FT,Fortune Thursday,26,39,70,60,10,22,89,1,4,64,755
2022-02-11,FB,Friday Bonanza,23,32,52,31,77,63,26,36,87,35,727
2022-02-12,NW,National Weekly,6,60,82,87,79,16,52,90,38,36,3095
2022-02-14,MS,Monday Special,65,46,85,23,42,43,10,37,68,7,824
2022-02-15,LT,Lucky Tuesday,75,10,72,30,58,66,11,78,71,77,756
2022-02-16,MW,MidWeek,85,80,7,22,11,1,33,36,31,52,953
2022-02-17,FT,Fortune Thursday,64,87,90,18,32,12,75,3,1,4,756
2022-02-18,FB,Friday Bonanza,37,38,72,4,61,56,34,86,68,36,728
2022-02-19,NW,National Weekly,58,70,27,71,39,51,29,80,33,19,3096
2022-02-21,MS,Monday Special,82,8,34,3,20,71,14,24,10,83,825
2022-02-22,LT,Lucky Tuesday,54,78,6,83,1,40,56,38,89,75,757
2022-02-23,MW,MidWeek,20,39,49,41,54,6,3,9,42,77,954
2022-02-24,FT,Fortune Thursday,84,90,8,63,1,37,38,15,87,68,757
2022-02-25,FB,Friday Bonanza,87,7,8,14,30,33,61,38,62,6,729
2022-02-26,NW,National Weekly,17,75,58,53,40,46,70,15,20,63,3097
2022-02-28,MS,Monday Special,29,34,47,39,3,4,48,14,1,90,826
2022-03-01,LT,Lucky Tuesday,28,25,86,61,59,9,42,80,47,73,758
2022-03-02,MW,MidWeek,77,43,88,18,52,66,30,27,84,44,955
2022-03-03,FT,Fortune Thursday,87,23,5,69,72,43,24,88,26,12,758
2022-03-04,FB,Friday Bonanza,26,73,90,71,67,14,6,38,62,85,730
2022-03-05,NW,National Weekly,90,61,80,72,84,16,11,2,23,10,3098
2022-03-08,LT,Lucky Tuesday,46,40,1,19,38,33,44,27,26,8,759
2022-03-09,MW,MidWeek,34,49,8,77,69,39,9,70,62,44,956
2022-03-10,FT,Fortune Thursday,80,61,73,16,75,41,24,11,1,82,759
2022-03-11,FB,Friday Bonanza,27,81,30,73,88,2,89,19,63,83,731
2022-03-12,NW,National Weekly,25,28,84,32,66,54,47,80,11,43,3099
2022-03-14,MS,Monday Special,59,32,84,24,78,33,7,22,9,55,827
2022-03-15,LT,Lucky Tuesday,71,69,54,55,4,60,46,25,38,81,760
2022-03-16,MW,MidWeek,58,27,90,6,44,25,26,47,77,51,957
2022-03-17,FT,Fortune Thursday,35,52,44,37,65,88,5,62,72,31,760
2022-03-18,FB,Friday Bonanza,62,80,15,41,42,65,72,34,16,18,732
2022-03-19,NW,National Weekly,61,46,57,76,27,10,2,45,43,30,3100
2022-03-21,MS,Monday Special,5,39,82,84,83,75,52,65,61,90,828
2022-03-22,LT,Lucky Tuesday,43,76,40,48,70,54,77,39,8,60,761
2022-03-23,MW,MidWeek,72,81,43,61,38,2,17,74,24,84,958
2022-03-24,FT,Fortune Thursday,89,46,11,49,17,35,69,24,2,68,761
2022-03-25,FB,Friday Bonanza,65,84,25,2,19,5,67,59,3,39,733
2022-03-26,NW,National Weekly,20,48,58,1,38,35,62,54,90,7,3101
2022-03-28,MS,Monday Special,18,48,82,83,78,58,26,32,46,74,829
2022-03-29,LT,Lucky Tuesday,3,63,53,31,52,67,89,44,82,9,762
2022-03-30,MW,MidWeek,87,54,43,90,51,69,18,72,53,60,959
2022-03-31,FT,Fortune Thursday,78,89,30,34,79,8,73,67,47,4,762
2022-04-01,FB,Friday Bonanza,88,82,36,5,25,43,6,53,19,12,734
2022-04-02,NW,National Weekly,37,42,18,5,17,69,14,84,58,70,3102
2022-04-04,MS,Monday Special,77,62,40,85,87,15,54,23,71,78,830
2022-04-05,LT,Lucky Tuesday,42,62,75,78,5,88,80,19,48,64,763
2022-04-06,MW,MidWeek,16,34,44,37,23,5,4,73,77,18,960
2022-04-07,FT,Fortune Thursday,36,18,68,83,73,39,56,52,23,63,763
2022-04-08,FB,Friday Bonanza,29,15,84,41,20,88,18,90,54,65,735
2022-04-09,NW,National Weekly,71,36,5,38,7,8,76,68,87,4,3103
2022-04-11,MS,Monday Special,27,5,76,73,66,74,13,38,68,77,831
2022-04-12,LT,Lucky Tuesday,73,25,18,59,29,62,34,61,2,49,764
2022-04-13,MW,MidWeek,7,72,49,2,39,83,43,22,66,34,961
2022-04-14,FT,Fortune Thursday,62,21,63,73,82,15,54,43,10,87,764
2022-04-16,NW,National Weekly,51,55,43,38,80,32,49,37,11,22,3104
2022-04-19,LT,Lucky Tuesday,46,60,8,63,28,90,40,55,36,52,765
2022-04-20,MW,MidWeek,76,55,24,28,69,48,61,37,54,50,962
2022-04-21,FT,Fortune Thursday,14,87,67,40,58,33,31,86,81,23,765
2022-04-22,FB,Friday Bonanza,19,84,73,29,54,50,16,14,78,90,736
2022-04-23,NW,National Weekly,86,87,3,34,79,69,63,70,44,31,3105
2022-04-25,MS,Monday Special,37,34,42,13,22,88,54,58,16,18,832
2022-04-26,LT,Lucky Tuesday,53,5,14,82,76,12,66,78,71,57,766
2022-04-27,MW,MidWeek,42,60,17,69,15,19,68,84,71,39,963
2022-04-28,FT,Fortune Thursday,42,65,16,87,38,4,81,8,35,9,766
2022-04-29,FB,Friday Bonanza,23,80,53,47,35,58,81,83,50,57,737
2022-04-30,NW,National Weekly,75,59,70,2,54,18,56,57,43,71,3106
2022-05-04,MW,MidWeek,4,48,86,37,40,77,72,81,6,17,964
2022-05-05,FT,Fortune Thursday,40,46,22,19,78,31,24,56,73,69,767
2022-05-06,FB,Friday Bonanza,35,36,64,66,37,11,54,56,87,6,738
2022-05-07,NW,National Weekly,50,49,7,26,1,22,66,56,62,18,3107
2022-05-09,MS,Monday Special,54,90,63,17,21,49,68,77,13,14,833
2022-05-10,LT,Lucky Tuesday,19,64,27,26,34,74,40,51,47,61,767
2022-05-11,MW,MidWeek,22,21,74,31,66,54,25,71,69,19,965
2022-05-12,FT,Fortune Thursday,1,40,57,55,33,65,86,72,31,79,768
2022-05-13,FB,Friday Bonanza,76,54,16,1,63,4,53,48,31,81,739
2022-05-14,NW,National Weekly,87,1,9,18,8,57,80,21,11,89,3108
2022-05-16,MS,Monday Special,31,86,2,3,37,6,59,61,66,68,834
2022-05-17,LT,Lucky Tuesday,58,27,53,2,48,35,36,66,42,67,768
2022-05-18,MW,MidWeek,1,89,23,65,69,29,17,22,16,70,966
2022-05-19,FT,Fortune Thursday,81,20,10,75,87,60,37,86,32,26,769
2022-05-20,FB,Friday Bonanza,80,12,35,88,18,3,11,81,28,25,740
2022-05-21,NW,National Weekly,21,46,12,28,76,54,84,7,63,40,3109
2022-05-23,MS,Monday Special,22,20,58,87,12,4,9,72,81,78,835
2022-05-24,LT,Lucky Tuesday,74,38,24,75,48,36,18,85,83,42,769
2022-05-25,MW,MidWeek,68,72,62,19,60,85,46,25,12,31,967
2022-05-26,FT,Fortune Thursday,57,72,65,12,61,69,49,51,68,82,770
2022-05-27,FB,Friday Bonanza,8,39,36,57,72,77,34,23,81,89,741
2022-05-28,NW,National Weekly,6,10,59,11,55,70,74,46,90,5,3110
2022-05-30,MS,Monday Special,73,44,68,12,16,35,25,65,17,60,836
2022-05-31,LT,Lucky Tuesday,48,67,20,16,64,87,13,83,33,3,770
2022-06-01,MW,MidWeek,86,44,26,71,45,29,16,66,52,81,968
2022-06-02,FT,Fortune Thursday,84,46,51,38,64,3,58,53,7,23,771
2022-06-03,FB,Friday Bonanza,90,70,38,18,11,39,89,27,43,57,742
2022-06-04,NW,National Weekly,86,28,85,2,56,71,6,8,35,47,3111
2022-06-06,MS,Monday Special,57,30,69,51,49,13,48,59,82,33,837
2022-06-07,LT,Lucky Tuesday,53,70,73,56,17,80,12,39,31,3,771
2022-06-08,MW,MidWeek,80,15,1,20,46,73,39,12,37,89,969
2022-06-09,FT,Fortune Thursday,55,68,29,72,59,49,47,26,53,43,772
2022-06-10,FB,Friday Bonanza,37,74,66,85,5,30,32,46,83,82,743
2022-06-11,NW,National Weekly,56,75,50,64,18,29,72,38,26,88,3112
2022-06-13,MS,Monday Special,22,17,59,43,37,87,81,42,36,74,838
2022-06-14,LT,Lucky Tuesday,90,21,45,6,24,47,55,14,12,59,772
2022-06-15,MW,MidWeek,65,4,75,88,59,9,11,2,51,64,970
2022-06-16,FT,Fortune Thursday,79,16,18,15,7,54,83,3,10,48,773
2022-06-17,FB,Friday Bonanza,54,78,63,4,9,50,37,21,58,24,744
2022-06-18,NW,National Weekly,55,31,54,57,69,81,90,10,82,21,3113
2022-06-20,MS,Monday Special,66,22,86,75,40,20,82,73,3,19,839
2022-06-21,LT,Lucky Tuesday,32,72,62,20,53,43,38,52,64,33,773
2022-06-22,MW,MidWeek,3,66,23,61,21,35,2,31,63,59,971
2022-06-23,FT,Fortune Thursday,68,58,66,7,63,24,29,9,78,26,774
2022-06-24,FB,Friday Bonanza,33,3,35,1,61,54,42,23,51,24,745
2022-06-25,NW,National Weekly,79,13,29,35,52,62,49,64,19,85,3114
2022-06-27,MS,Monday Special,18,43,39,53,41,87,64,81,74,26,840
2022-06-28,LT,Lucky Tuesday,5,30,65,40,17,69,21,25,78,68,774
2022-06-29,MW,MidWeek,19,26,25,57,45,55,75,37,72,83,972
2022-06-30,FT,Fortune Thursday,3,37,10,88,82,56,33,20,34,35,775
2022-07-01,FB,Friday Bonanza,73,1,6,66,16,53,41,8,31,77,746
2022-07-02,NW,National Weekly,34,67,73,27,39,80,1,32,62,26,3115
2022-07-03,SA,Sunday Aseda,77,47,34,26,19,78,89,23,18,71,1
2022-07-04,MS,Monday Special,58,43,13,25,61,63,12,15,62,88,841
2022-07-05,LT,Lucky Tuesday,49,54,27,43,53,69,50,72,61,26,775
2022-07-06,MW,MidWeek,80,40,67,84,36,6,71,83,89,85,973
2022-07-07,FT,Fortune Thursday,51,4,33,71,89,58,28,38,48,24,776
2022-07-08,FB,Friday Bonanza,68,20,88,49,78,57,4,44,71,21,747
2022-07-09,NW,National Weekly,69,15,41,26,16,62,77,11,46,89,3116
2022-07-10,SA,Sunday Aseda,39,83,84,78,27,43,68,62,16,86,2
2022-07-12,LT,Lucky Tuesday,6,90,27,75,77,28,4,49,42,43,776
2022-07-13,MW,MidWeek,20,11,17,61,44,5,13,78,19,25,974
2022-07-14,FT,Fortune Thursday,37,41,89,43,20,7,40,2,63,80,777
2022-07-15,FB,Friday Bonanza,15,49,54,43,29,19,67,3,53,57,748
2022-07-16,NW,National Weekly,87,59,88,11,79,43,14,89,83,9,3117
2022-07-17,SA,Sunday Aseda,33,88,57,55,77,47,63,60,1,80,3
2022-07-18,MS,Monday Special,64,62,47,80,53,78,69,18,57,3,842
2022-07-19,LT,Lucky Tuesday,83,32,14,28,76,8,2,30,36,29,777
2022-07-20,MW,MidWeek,66,85,43,45,80,2,13,38,59,6,975
2022-07-21,FT,Fortune Thursday,63,5,25,14,52,7,62,23,41,58,778
2022-07-22,FB,Friday Bonanza,66,57,30,46,58,80,27,68,47,74,749
2022-07-23,NW,National Weekly,16,48,5,64,65,54,20,45,60,3,3118
2022-07-24,SA,Sunday Aseda,8,16,64,9,67,52,80,38,41,88,4
2022-07-25,MS,Monday Special,76,75,55,41,1,81,84,18,56,23,843
2022-07-26,LT,Lucky Tuesday,82,78,29,49,50,40,59,55,66,64,778
2022-07-27,MW,MidWeek,84,21,40,18,81,64,90,56,66,23,976
2022-07-28,FT,Fortune Thursday,8,46,34,39,63,48,37,68,56,59,779
2022-07-29,FB,Friday Bonanza,64,43,81,48,39,10,21,31,19,88,750
2022-07-30,NW,National Weekly,67,74,33,11,41,68,79,85,13,73,3119
2022-07-31,SA,Sunday Aseda,62,28,55,67,49,77,75,27,31,48,5
2022-08-01,MS,Monday Special,76,58,11,28,43,18,25,54,63,8,844
2022-08-02,LT,Lucky Tuesday,80,51,14,57,55,4,31,66,19,87,779
2022-08-03,MW,MidWeek,67,53,42,43,64,48,15,86,7,72,977
2022-08-05,FB,Friday Bonanza,42,9,86,5,46,70,41,63,55,23,751
2022-08-06,NW,National Weekly,60,14,12,1,74,8,58,2,79,17,3120
2022-08-07,SA,Sunday Aseda,39,28,1,35,79,9,87,3,22,37,6
2022-08-08,MS,Monday Special,53,77,85,88,55,67,17,64,43,15,845
2022-08-09,LT,Lucky Tuesday,8,15,41,67,11,6,79,26,72,53,780
2022-08-10,MW,MidWeek,49,53,65,82,27,22,74,41,54,2,978
2022-08-11,FT,Fortune Thursday,71,63,80,29,89,77,42,47,51,8,780
2022-08-12,FB,Friday Bonanza,84,39,2,46,22,14,83,71,31,45,752
2022-08-13,NW,National Weekly,3,82,72,66,35,6,13,4,59,64,3121
2022-08-14,SA,Sunday Aseda,47,60,23,62,38,56,76,64,53,51,7
2022-08-15,MS,Monday Special,30,60,37,85,77,82,19,28,71,21,846
2022-08-16,LT,Lucky Tuesday,63,36,78,34,67,28,4,87,50,89,781
2022-08-17,MW,MidWeek,30,20,69,80,27,7,3,73,17,43,979
2022-08-18,FT,Fortune Thursday,3,80,19,49,53,40,28,89,77,58,781
2022-08-19,FB,Friday Bonanza,64,41,74,67,37,83,6,3,78,10,753
2022-08-20,NW,National Weekly,27,75,87,74,83,86,62,69,57,85,3122
2022-08-21,SA,Sunday Aseda,78,21,27,29,40,23,35,3,33,12,8
2022-08-22,MS,Monday Special,68,5,51,20,70,37,66,4,90,79,847
2022-08-23,LT,Lucky Tuesday,12,50,89,7,72,49,52,85,90,70,782
2022-08-24,MW,MidWeek,37,30,46,80,82,61,16,70,12,6,980
2022-08-25,FT,Fortune Thursday,4,49,88,14,42,43,39,69,82,24,782
2022-08-26,FB,Friday Bonanza,43,39,75,57,31,28,73,26,15,58,754
2022-08-27,NW,National Weekly,81,37,44,55,9,72,27,11,75,34,3123
2022-08-28,SA,Sunday Aseda,19,56,47,25,17,23,39,10,2,82,9
2022-08-29,MS,Monday Special,19,83,39,50,18,78,16,54,76,41,848
2022-08-30,LT,Lucky Tuesday,80,58,88,83,2,19,86,14,24,61,783
2022-08-31,MW,MidWeek,62,3,37,54,36,51,71,7,75,77,981
2022-09-01,FT,Fortune Thursday,14,59,11,49,12,65,85,33,57,46,783
2022-09-02,FB,Friday Bonanza,7,55,17,10,48,61,68,2,89,35,755
2022-09-03,NW,National Weekly,22,44,37,33,25,51,74,69,36,85,3124
2022-09-04,SA,Sunday Aseda,8,74,67,2,77,82,51,66,88,19,10
2022-09-05,MS,Monday Special,80,35,29,76,20,64,38,72,59,77,849
2022-09-06,LT,Lucky Tuesday,73,3,12,66,62,25,74,50,4,61,784
2022-09-07,MW,MidWeek,53,16,54,62,43,73,22,37,42,17,982
2022-09-08,FT,Fortune Thursday,13,84,69,49,12,22,77,61,85,48,784
2022-09-09,FB,Friday Bonanza,46,82,17,22,9,5,36,84,50,42,756
2022-09-10,NW,National Weekly,55,62,28,33,86,68,76,50,10,44,3125
2022-09-11,SA,Sunday Aseda,51,40,65,39,20,52,21,42,55,50,11
2022-09-12,MS,Monday Special,50,27,39,34,48,63,8,75,57,11,850
2022-09-13,LT,Lucky Tuesday,82,86,39,37,44,40,25,59,87,20,785
2022-09-14,MW,MidWeek,67,90,84,47,5,41,73,61,65,45,983
2022-09-15,FT,Fortune Thursday,17,83,57,20,44,31,27,23,35,76,785
2022-09-16,FB,Friday Bonanza,69,63,10,33,80,51,49,29,81,79,757
2022-09-17,NW,National Weekly,40,79,59,9,44,11,55,23,7,51,3126
2022-09-18,SA,Sunday Aseda,10,49,65,59,6,54,46,88,45,25,12
2022-09-19,MS,Monday Special,78,49,40,38,36,84,89,73,81,90,851
2022-09-20,LT,Lucky Tuesday,56,79,30,77,11,17,53,46,39,88,786
2022-09-22,FT,Fortune Thursday,67,81,79,27,83,41,59,38,89,58,786
2022-09-23,FB,Friday Bonanza,40,55,27,90,38,77,84,76,83,34,758
2022-09-24,NW,National Weekly,76,62,41,14,81,15,72,77,64,88,3127
2022-09-25,SA,Sunday Aseda,38,82,51,59,1,25,78,36,57,4,13
2022-09-26,MS,Monday Special,46,40,75,73,85,28,13,44,34,72,852
2022-09-27,LT,Lucky Tuesday,74,90,65,27,22,64,88,70,56,80,787
2022-09-28,MW,MidWeek,83,79,50,47,67,39,86,36,66,87,984
2022-09-29,FT,Fortune Thursday,40,22,10,77,38,60,71,47,83,3,787
2022-09-30,FB,Friday Bonanza,65,28,70,14,2,78,13,76,56,82,759
2022-10-01,NW,National Weekly,82,54,21,12,67,16,78,80,75,36,3128
2022-10-02,SA,Sunday Aseda,81,69,86,58,15,73,6,22,21,37,14
2022-10-03,MS,Monday Special,10,48,25,87,65,22,88,52,63,82,853
2022-10-04,LT,Lucky Tuesday,38,44,60,82,29,56,15,71,50,31,788
2022-10-05,MW,MidWeek,15,19,44,38,24,61,57,62,34,32,985
2022-10-06,FT,Fortune Thursday,55,85,87,48,68,41,49,50,73,69,788
2022-10-07,FB,Friday Bonanza,70,16,26,9,11,22,53,2,39,8,760
2022-10-08,NW,National Weekly,86,60,41,5,50,38,13,25,75,84,3129
2022-10-09,SA,Sunday Aseda,19,38,30,83,69,47,4,88,55,72,15
2022-10-10,MS,Monday Special,30,39,55,34,40,67,9,45,64,85,854
2022-10-10,LT,Lucky Tuesday,24,28,23,10,58,22,20,57,35,36,789
2022-10-12,MW,MidWeek,36,85,20,65,42,9,46,76,19,28,986
2022-10-13,FT,Fortune Thursday,61,86,14,19,25,38,5,32,82,74,789
2022-10-14,FB,Friday Bonanza,29,66,50,2,67,36,86,17,38,30,761
2022-10-15,NW,National Weekly,36,66,53,47,13,23,89,12,78,1,3130
2022-10-16,SA,Sunday Aseda,13,49,84,77,66,17,58,59,48,23,16
2022-10-17,MS,Monday Special,87,55,80,23,40,81,59,13,48,63,855
2022-10-18,LT,Lucky Tuesday,32,75,14,86,43,56,4,20,9,27,790
2022-10-19,MW,MidWeek,2,43,38,66,14,21,27,68,45,79,987
2022-10-20,FT,Fortune Thursday,22,89,35,23,42,70,3,85,9,51,790
2022-10-21,FB,Friday Bonanza,33,35,20,6,72,37,90,44,45,1,762
2022-10-22,NW,National Weekly,75,47,87,9,14,2,28,7,71,42,3131
2022-10-23,SA,Sunday Aseda,71,13,75,61,29,87,25,22,46,58,17
2022-10-24,MS,Monday Special,15,12,9,4,49,74,38,53,64,80,856
2022-10-25,LT,Lucky Tuesday,35,28,54,25,21,71,80,68,27,19,791
2022-10-26,MW,MidWeek,3,24,65,9,13,56,61,33,50,57,988
2022-10-27,FT,Fortune Thursday,26,63,43,19,84,7,67,51,35,80,791
2022-10-28,FB,Friday Bonanza,66,5,78,42,61,55,83,8,31,87,763
2022-10-29,NW,National Weekly,58,39,3,76,69,16,88,24,15,21,3132
2022-10-30,SA,Sunday Aseda,50,41,3,64,75,22,51,28,8,89,18
2022-10-31,MS,Monday Special,33,38,1,26,40,62,10,17,9,59,857
2022-11-01,LT,Lucky Tuesday,64,45,2,35,11,84,69,23,88,25,792
2022-11-02,MW,MidWeek,62,41,25,12,29,19,17,46,42,72,989
2022-11-03,FT,Fortune Thursday,85,31,81,22,35,39,87,54,26,52,792
2022-11-04,FB,Friday Bonanza,9,7,86,69,46,54,36,42,72,22,764
2022-11-05,NW,National Weekly,16,69,35,68,39,63,73,46,59,24,3133
2022-11-06,SA,Sunday Aseda,59,35,83,88,14,24,74,48,71,37,19
2022-11-07,MS,Monday Special,58,86,47,80,28,83,63,38,49,78,858
2022-11-08,LT,Lucky Tuesday,34,43,40,53,8,85,90,7,42,52,793
2022-11-09,MW,MidWeek,80,15,87,23,67,71,70,41,45,1,990
2022-11-10,FT,Fortune Thursday,31,5,8,4,65,32,73,54,47,79,793
2022-11-11,FB,Friday Bonanza,42,83,46,13,89,34,60,25,55,2,765
2022-11-12,NW,National Weekly,63,5,43,77,64,67,34,19,65,86,3134
2022-11-13,SA,Sunday Aseda,72,46,2,16,22,13,71,89,1,47,20
2022-11-14,MS,Monday Special,1,49,5,67,58,85,43,17,47,65,859
2022-11-15,LT,Lucky Tuesday,54,26,88,67,29,75,86,83,77,23,794
2022-11-16,MW,MidWeek,75,57,79,33,9,13,30,71,8,64,991
2022-11-17,FT,Fortune Thursday,39,34,83,82,29,66,10,27,84,18,794
2022-11-18,FB,Friday Bonanza,37,4,90,29,73,11,45,52,8,50,766
2022-11-19,NW,National Weekly,14,78,34,60,10,75,76,62,18,33,3135
2022-11-20,SA,Sunday Aseda,65,72,28,44,56,89,4,73,51,29,21
2022-11-21,MS,Monday Special,49,31,22,58,24,78,16,53,84,32,860
2022-11-22,LT,Lucky Tuesday,54,88,53,11,71,66,20,13,77,61,795
2022-11-23,MW,MidWeek,31,53,63,86,85,42,35,26,39,27,992
2022-11-24,FT,Fortune Thursday,71,14,62,43,47,29,20,85,70,28,795
2022-11-25,FB,Friday Bonanza,40,55,88,42,54,61,56,64,69,8,767
2022-11-26,NW,National Weekly,87,78,16,13,76,59,69,3,89,74,3136
2022-11-27,SA,Sunday Aseda,28,85,55,75,51,22,36,89,37,2,22
2022-11-28,MS,Monday Special,26,74,20,7,59,87,40,5,37,17,861
2022-11-29,LT,Lucky Tuesday,45,86,22,65,90,56,29,67,26,27,796
2022-11-30,MW,MidWeek,32,65,16,29,89,3,46,78,75,57,993
2022-12-01,FT,Fortune Thursday,55,78,89,4,3,32,35,9,10,27,796
2022-12-03,NW,National Weekly,60,61,38,69,75,68,14,10,47,77,3137
2022-12-04,SA,Sunday Aseda,21,27,73,5,19,88,71,81,83,72,23
2022-12-05,MS,Monday Special,5,19,72,23,36,58,44,1,4,80,862
2022-12-06,LT,Lucky Tuesday,12,14,27,36,8,81,37,85,56,10,797
2022-12-07,MW,MidWeek,55,12,41,10,71,81,85,54,34,29,994
2022-12-08,FT,Fortune Thursday,8,84,50,6,43,77,39,67,27,7,797
2022-12-10,NW,National Weekly,86,74,15,89,78,67,70,44,79,81,3138
2022-12-11,SA,Sunday Aseda,3,48,38,17,58,28,37,43,42,50,24
2022-12-12,MS,Monday Special,36,5,80,62,48,60,88,41,6,84,863
2022-12-13,LT,Lucky Tuesday,52,71,45,75,64,62,67,49,8,59,798
2022-12-14,MW,MidWeek,5,23,22,26,24,83,42,33,32,52,995
2022-12-15,FT,Fortune Thursday,72,11,46,55,25,63,57,51,47,84,798
2022-12-16,FB,Friday Bonanza,64,82,84,83,7,15,39,87,74,48,768
2022-12-16,FB,Friday Bonanza,50,7,31,37,71,56,30,19,75,32,769
2022-12-17,NW,National Weekly,5,11,28,21,34,72,12,42,61,25,3139
2022-12-18,SA,Sunday Aseda,48,76,80,53,89,70,16,61,50,58,25
2022-12-19,MS,Monday Special,16,71,62,70,77,33,78,60,7,72,864
2022-12-20,LT,Lucky Tuesday,59,78,16,64,42,21,36,15,76,17,799
2022-12-21,MW,MidWeek,26,40,50,86,54,70,52,9,81,51,996
2022-12-22,FT,Fortune Thursday,35,16,89,25,74,28,44,73,66,41,799
2022-12-23,FB,Friday Bonanza,68,88,69,45,33,34,12,16,60,30,770
2022-12-24,NW,National Weekly,12,22,61,21,30,50,64,69,17,37,3140
2022-12-28,MW,MidWeek,61,26,38,18,62,34,10,59,46,35,997
2022-12-29,FT,Fortune Thursday,15,16,62,10,7,71,49,30,45,65,800
2022-12-30,FB,Friday Bonanza,43,30,72,40,68,15,62,82,17,84,771
2022-12-31,NW,National Weekly,61,7,66,79,76,82,72,9,12,40,3141
2023-01-03,LT,Lucky Tuesday,32,89,81,34,90,11,7,15,85,51,800
2023-01-04,MW,MidWeek,16,44,34,17,58,32,46,19,60,63,998
2023-01-05,FT,Fortune Thursday,13,74,29,34,79,56,7,47,78,28,801
2023-01-06,FB,Friday Bonanza,21,18,5,81,12,31,11,15,32,77,772
2023-01-07,NW,National Weekly,85,51,89,42,54,7,41,36,29,61,3142
2023-01-08,SA,Sunday Aseda,3,31,22,25,77,56,11,87,53,29,26
2023-01-10,LT,Lucky Tuesday,31,58,63,67,10,57,41,34,6,87,801
2023-01-11,MW,MidWeek,75,20,61,1,9,68,80,27,43,45,999
2023-01-12,FT,Fortune Thursday,65,40,82,23,12,45,49,90,87,60,802
2023-01-13,FB,Friday Bonanza,2,22,11,70,55,38,28,71,23,50,773
2023-01-13,FB,Friday Bonanza,39,70,55,13,36,29,21,43,16,38,774
2023-01-14,NW,National Weekly,4,11,81,42,54,8,9,60,47,13,3143
2023-01-14,NW,National Weekly,72,38,12,35,85,33,6,22,45,84,3144
2023-01-15,SA,Sunday Aseda,32,85,29,75,79,11,86,2,17,57,27
2023-01-16,MS,Monday Special,2,83,5,22,59,11,16,39,79,74,865
2023-01-17,LT,Lucky Tuesday,2,54,80,9,69,89,55,78,66,23,802
2023-01-18,MW,MidWeek,42,49,78,51,40,6,27,30,88,23,1000
2023-01-19,FT,Fortune Thursday,28,57,53,37,21,66,70,67,68,52,803
2023-01-22,SA,Sunday Aseda,28,44,11,9,48,83,10,29,3,2,28
2023-01-23,MS,Monday Special,31,75,23,10,18,85,43,72,5,88,866
2023-01-24,LT,Lucky Tuesday,23,78,32,1,3,58,65,16,64,42,803
2023-01-25,MW,MidWeek,47,86,13,2,77,31,53,73,88,56,1001
2023-01-26,FT,Fortune Thursday,85,7,69,54,66,70,33,25,3,64,804
2023-01-27,FB,Friday Bonanza,43,24,63,8,67,79,84,44,59,42,775
2023-01-28,NW,National Weekly,80,84,50,18,83,11,44,26,81,87,3145
2023-01-29,SA,Sunday Aseda,64,39,66,21,24,86,78,40,29,67,29
2023-01-30,MS,Monday Special,58,45,75,60,23,81,21,25,4,80,867
2023-01-31,LT,Lucky Tuesday,25,48,31,18,71,90,87,28,45,56,804
2023-02-01,MW,MidWeek,14,1,33,71,54,88,24,10,39,61,1002
2023-02-02,FT,Fortune Thursday,70,45,7,19,67,90,23,50,10,21,805
2023-02-03,FB,Friday Bonanza,48,80,2,75,22,90,8,58,60,42,776
2023-02-04,NW,National Weekly,73,20,37,49,27,74,29,59,33,38,3146
2023-02-05,SA,Sunday Aseda,11,21,12,79,59,57,26,81,40,43,30
2023-02-06,MS,Monday Special,16,18,7,2,72,14,33,63,30,52,868
2023-02-07,LT,Lucky Tuesday,3,43,28,2,82,10,30,66,54,1,805
2023-02-08,MW,MidWeek,4,63,41,2,68,53,43,39,90,38,1003
2023-02-09,FT,Fortune Thursday,87,80,88,82,53,20,40,41,25,24,806
2023-02-10,FB,Friday Bonanza,76,34,61,75,77,27,32,50,85,46,777
2023-02-11,NW,National Weekly,57,22,81,31,53,19,58,41,14,24,3147
2023-02-12,SA,Sunday Aseda,1,18,36,9,51,27,55,30,46,40,31
2023-02-13,MS,Monday Special,15,84,5,44,68,82,34,78,46,19,869
2023-02-14,LT,Lucky Tuesday,58,38,48,88,20,44,90,37,35,56,806
2023-02-15,MW,MidWeek,79,44,18,78,14,1,46,28,51,13,1004
2023-02-16,FT,Fortune Thursday,59,21,82,86,6,51,32,66,27,42,807
2023-02-17,FB,Friday Bonanza,58,42,2,74,40,22,48,71,28,90,778
2023-02-18,NW,National Weekly,18,60,43,38,64,8,33,61,48,22,3148
2023-02-19,SA,Sunday Aseda,31,49,57,81,87,28,77,53,68,52,32
2023-02-20,MS,Monday Special,62,26,37,20,70,71,68,69,63,7,870
2023-02-21,LT,Lucky Tuesday,50,74,6,48,67,52,73,1,64,55,807
2023-02-22,MW,MidWeek,52,17,6,81,59,64,19,63,24,28,1005
2023-02-23,FT,Fortune Thursday,18,76,85,21,53,34,43,57,4,46,808
2023-02-24,FB,Friday Bonanza,14,38,23,32,87,84,9,57,40,31,779
2023-02-25,NW,National Weekly,51,64,25,6,3,50,61,77,60,17,3149
2023-02-26,SA,Sunday Aseda,14,48,57,83,62,87,25,46,22,53,33
2023-02-27,MS,Monday Special,39,51,26,72,78,61,10,85,25,44,871
2023-02-28,LT,Lucky Tuesday,57,26,65,16,63,69,11,81,89,46,808
2023-03-01,MW,MidWeek,81,50,61,72,60,55,23,83,69,49,1006
2023-03-02,FT,Fortune Thursday,72,81,67,61,38,80,53,86,31,68,809
2023-03-03,FB,Friday Bonanza,43,36,5,21,61,60,87,80,44,49,780
2023-03-04,NW,National Weekly,20,47,65,21,87,18,35,68,52,42,3150
2023-03-05,SA,Sunday Aseda,13,79,64,62,41,45,50,49,36,88,34
2023-03-06,MS,Monday Special,31,86,28,67,85,69,26,20,16,78,872
2023-03-07,LT,Lucky Tuesday,9,31,19,89,3,7,65,67,30,72,809
2023-03-08,MW,MidWeek,68,27,81,51,14,26,57,45,73,17,1007
2023-03-09,FT,Fortune Thursday,60,39,21,27,33,85,50,43,7,54,810
2023-03-10,FB,Friday Bonanza,24,59,30,70,56,77,16,14,17,80,781
2023-03-11,NW,National Weekly,82,88,70,62,5,73,86,41,49,3,3151
2023-03-12,SA,Sunday Aseda,26,64,35,60,57,43,71,61,67,33,35
2023-03-13,MS,Monday Special,17,51,85,58,43,33,65,28,60,39,873
2023-03-14,LT,Lucky Tuesday,40,82,42,24,66,79,59,53,90,89,810
2023-03-15,MW,MidWeek,61,79,23,84,59,7,24,54,38,20,1008
2023-03-16,FT,Fortune Thursday,28,71,47,50,13,43,36,1,75,86,811
2023-03-17,FB,Friday Bonanza,54,52,23,69,18,36,72,16,35,5,782
2023-03-18,NW,National Weekly,26,4,23,65,67,81,73,54,43,30,3152
2023-03-19,SA,Sunday Aseda,4,43,30,10,2,11,82,85,70,75,36
2023-03-20,MS,Monday Special,58,83,45,28,61,34,62,73,76,25,874
2023-03-21,LT,Lucky Tuesday,63,18,29,4,6,86,53,83,36,30,811
2023-03-22,MW,MidWeek,18,17,43,85,26,51,40,33,71,62,1009
2023-03-23,FT,Fortune Thursday,73,35,22,8,77,23,81,89,41,24,812
2023-03-24,FB,Friday Bonanza,86,83,68,30,56,21,90,83,36,67,783
2023-03-25,NW,National Weekly,79,73,60,58,5,21,90,83,36,67,3153
2023-03-26,SA,Sunday Aseda,35,61,43,44,85,56,68,33,41,42,37
2023-03-27,MS,Monday Special,51,68,16,59,46,5,24,90,34,69,875
2023-03-28,LT,Lucky Tuesday,44,27,68,18,32,9,40,84,43,31,812
2023-03-29,MW,MidWeek,85,77,67,22,31,18,64,7,39,70,1010
2023-03-30,FT,Fortune Thursday,72,68,51,27,44,89,8,28,87,32,813
2023-03-31,FB,Friday Bonanza,41,68,74,58,48,22,13,70,75,69,784
2023-04-01,NW,National Weekly,86,65,27,29,18,12,33,83,62,73,3154
2023-04-02,SA,Sunday Aseda,57,42,62,69,50,3,65,21,37,90,38
2023-04-03,MS,Monday Special,52,29,59,77,6,48,36,8,23,25,876
2023-04-04,LT,Lucky Tuesday,7,81,69,18,68,88,47,33,67,32,813
2023-04-05,MW,MidWeek,53,34,2,65,42,55,5,80,1,48,1011
2023-04-06,FT,Fortune Thursday,51,30,32,46,50,81,49,74,45,52,814
2023-04-07,FB,Friday Bonanza,18,29,82,34,64,42,66,8,11,88,785
2023-04-08,NW,National Weekly,6,58,61,41,8,24,52,78,9,75,3155
2023-04-09,MS,Monday Special,74,73,79,62,83,82,90,55,13,59,877
2023-04-11,LT,Lucky Tuesday,40,20,53,13,4,25,64,10,45,75,814
2023-04-12,MW,MidWeek,73,17,33,28,40,25,56,5,45,48,1012
2023-04-13,FT,Fortune Thursday,25,2,24,68,85,31,23,4,58,49,815
2023-04-14,FB,Friday Bonanza,60,33,12,35,29,85,23,70,52,76,786
2023-04-15,NW,National Weekly,42,14,63,41,71,85,77,54,8,11,3156
2023-04-16,SA,Sunday Aseda,88,12,14,3,26,11,55,32,5,68,39
2023-04-17,MS,Monday Special,23,73,7,57,44,85,29,56,79,75,878
2023-04-18,LT,Lucky Tuesday,36,65,13,49,56,67,81,22,62,64,815
2023-04-19,MW,MidWeek,88,71,21,87,79,17,51,76,37,36,1013
2023-04-20,FT,Fortune Thursday,10,46,1,15,40,80,54,52,21,49,816
2023-04-21,FB,Friday Bonanza,44,81,10,67,80,17,42,7,38,30,787
2023-04-22,NW,National Weekly,72,34,4,7,53,12,66,18,45,57,3157
2023-04-23,SA,Sunday Aseda,56,84,83,21,2,11,59,51,23,58,40
2023-04-24,MS,Monday Special,88,76,68,11,9,36,84,56,61,60,879
2023-04-25,LT,Lucky Tuesday,41,85,47,24,87,72,50,71,27,44,816
2023-04-26,MW,MidWeek,23,55,31,59,47,67,4,26,65,83,1014
2023-04-27,FT,Fortune Thursday,7,57,36,61,18,74,26,69,53,42,817
2023-04-28,FB,Friday Bonanza,81,57,34,60,78,33,69,65,72,21,788
2023-04-29,NW,National Weekly,7,75,29,84,82,19,83,11,80,89,3158
2023-04-30,SA,Sunday Aseda,31,51,72,87,53,63,35,82,4,61,41
2023-05-01,MS,Monday Special,21,78,62,12,71,69,74,24,59,18,880
2023-05-02,LT,Lucky Tuesday,38,68,7,9,66,78,46,21,82,58,817
2023-05-03,MW,MidWeek,34,58,5,53,26,2,56,27,71,55,1015
2023-05-04,FT,Fortune Thursday,15,21,67,46,16,5,18,85,37,56,818
2023-05-05,FB,Friday Bonanza,79,15,54,53,24,62,60,32,21,73,789
2023-05-06,NW,National Weekly,53,8,56,85,67,45,81,75,52,32,3159
2023-05-07,SA,Sunday Aseda,76,31,5,86,6,69,57,46,19,14,42
2023-05-08,MS,Monday Special,66,86,37,13,49,72,61,6,14,9,881
2023-05-09,LT,Lucky Tuesday,22,15,78,44,50,20,71,62,68,18,818
2023-05-10,MW,MidWeek,79,39,61,77,32,81,6,65,55,87,1016
2023-05-11,FT,Fortune Thursday,41,53,47,49,40,51,86,71,48,37,819
2023-05-12,FB,Friday Bonanza,38,74,82,40,54,2,67,69,16,87,790
2023-05-13,NW,National Weekly,26,78,51,12,85,49,9,8,90,25,3160
2023-05-14,SA,Sunday Aseda,59,45,37,8,57,75,34,90,86,3,43
2023-05-15,MS,Monday Special,26,67,36,46,28,31,22,6,85,38,882
2023-05-16,LT,Lucky Tuesday,50,18,67,25,41,62,27,87,79,24,819
2023-05-17,MW,MidWeek,7,75,55,54,82,4,5,69,66,45,1017
2023-05-18,FT,Fortune Thursday,67,72,81,63,46,65,90,8,51,28,820
2023-05-19,FB,Friday Bonanza,4,45,88,34,83,16,84,55,37,80,791
2023-05-20,NW,National Weekly,66,31,29,57,70,17,40,65,85,10,3161
2023-05-21,SA,Sunday Aseda,9,4,25,71,48,56,2,33,21,52,44
2023-05-22,MS,Monday Special,7,15,19,5,24,36,69,64,68,82,883
2023-05-23,LT,Lucky Tuesday,63,57,52,31,77,86,76,49,69,58,820
2023-05-24,MW,MidWeek,79,65,22,81,72,27,70,69,9,1,1018
2023-05-25,FT,Fortune Thursday,41,50,85,12,70,54,72,24,81,40,821
2023-05-26,FB,Friday Bonanza,25,74,66,68,44,22,35,45,64,87,792
2023-05-27,NW,National Weekly,12,45,80,20,77,26,32,54,56,68,3162
2023-05-28,SA,Sunday Aseda,85,66,41,33,31,36,80,65,38,89,45
2023-05-29,MS,Monday Special,35,83,42,55,73,34,66,75,24,69,884
2023-05-30,LT,Lucky Tuesday,2,39,17,25,31,63,30,52,49,28,821
2023-05-31,MW,MidWeek,13,21,49,40,41,67,26,10,79,77,1019
2023-06-01,FT,Fortune Thursday,5,90,75,60,82,23,76,11,74,18,822
2023-06-02,FB,Friday Bonanza,22,12,65,67,23,48,3,45,43,62,793
2023-06-03,NW,National Weekly,9,8,82,13,77,62,42,50,30,74,3163
2023-06-04,SA,Sunday Aseda,29,68,30,48,84,69,8,59,46,45,46
2023-06-05,MS,Monday Special,26,83,51,29,45,21,60,41,31,20,885
2023-06-06,LT,Lucky Tuesday,33,49,18,23,73,63,13,7,16,66,822
2023-06-07,MW,MidWeek,55,80,75,52,21,79,18,71,20,27,1020
2023-06-08,FT,Fortune Thursday,47,63,62,55,32,26,75,27,18,10,823
2023-06-09,FB,Friday Bonanza,71,48,59,61,66,29,39,89,12,6,794
2023-06-10,NW,National Weekly,89,24,6,2,42,87,34,64,58,16,3164
2023-06-11,SA,Sunday Aseda,2,62,31,67,78,30,26,22,5,8,47
2023-06-12,MS,Monday Special,26,38,13,62,47,37,71,19,22,63,886
2023-06-13,LT,Lucky Tuesday,78,13,89,90,19,50,66,34,21,31,823
2023-06-14,MW,MidWeek,78,11,46,60,8,42,49,9,18,25,1021
2023-06-15,FT,Fortune Thursday,87,74,79,90,61,36,55,59,84,7,824
2023-06-16,FB,Friday Bonanza,51,50,73,63,16,5,14,30,62,70,795
2023-06-17,NW,National Weekly,2,32,21,79,48,52,55,7,60,77,3165
2023-06-18,SA,Sunday Aseda,39,24,21,51,5,9,30,1,37,42,48
2023-06-19,MS,Monday Special,44,63,67,88,55,71,45,32,35,87,887
2023-06-20,LT,Lucky Tuesday,45,84,64,72,60,53,77,29,9,63,824
2023-06-21,MW,MidWeek,36,71,59,50,16,49,89,84,9,78,1022
2023-06-22,FT,Fortune Thursday,35,75,53,49,50,80,7,73,1,25,825
2023-06-23,FB,Friday Bonanza,52,50,9,87,83,7,32,78,65,53,796
2023-06-24,NW,National Weekly,20,10,86,19,58,52,32,13,62,69,3166
2023-06-25,SA,Sunday Aseda,61,89,16,46,71,19,3,28,1,33,49
2023-06-26,MS,Monday Special,26,42,52,78,74,5,48,1,81,18,888
2023-06-27,LT,Lucky Tuesday,69,77,12,16,52,13,40,21,58,36,825
2023-06-28,MW,MidWeek,10,22,7,5,84,68,54,65,46,78,1023
2023-06-29,FT,Fortune Thursday,3,39,56,21,26,78,76,34,46,27,826
2023-06-30,FB,Friday Bonanza,2,33,48,77,42,74,9,16,62,65,797
2023-07-01,NW,National Weekly,42,44,36,51,81,46,65,34,26,41,3167
2023-07-02,SA,Sunday Aseda,8,4,89,61,1,71,5,9,31,10,50
2023-07-03,MS,Monday Special,43,61,68,20,73,87,56,8,85,32,889
2023-07-04,LT,Lucky Tuesday,87,17,39,49,13,30,38,70,25,84,826
2023-07-05,MW,MidWeek,90,31,1,54,35,83,24,76,48,15,1024
2023-07-06,FT,Fortune Thursday,23,11,54,75,81,89,34,66,80,61,827
2023-07-07,FB,Friday Bonanza,23,19,21,90,51,56,37,62,30,65,798
2023-07-08,NW,National Weekly,61,70,9,19,54,53,62,35,2,73,3168
2023-07-09,SA,Sunday Aseda,87,18,45,50,67,39,64,83,53,41,51
2023-07-10,MS,Monday Special,56,58,18,73,13,25,28,54,86,76,890
2023-07-11,LT,Lucky Tuesday,76,41,51,29,72,28,55,39,4,2,827
2023-07-12,MW,MidWeek,22,17,78,65,2,42,73,60,21,9,1025
2023-07-13,FT,Fortune Thursday,6,35,25,45,88,68,30,26,38,43,828
2023-07-14,FB,Friday Bonanza,31,16,77,25,53,18,85,19,22,55,799
2023-07-15,NW,National Weekly,10,33,43,35,58,25,68,75,5,9,3169
2023-07-16,SA,Sunday Aseda,17,63,70,46,12,74,52,88,55,64,52
2023-07-17,MS,Monday Special,44,77,68,35,46,27,54,38,79,2,891
2023-07-18,LT,Lucky Tuesday,89,23,39,77,14,19,60,21,5,2,828
2023-07-19,MW,MidWeek,32,64,79,83,24,58,88,85,75,55,1026
2023-07-20,FT,Fortune Thursday,39,41,86,12,21,26,14,70,54,27,829
2023-07-21,FB,Friday Bonanza,49,57,47,77,20,35,65,78,31,81,800
2023-07-22,NW,National Weekly,23,75,7,88,25,73,63,84,89,87,3170
2023-07-23,SA,Sunday Aseda,1,32,34,27,64,84,65,62,37,24,53
2023-07-24,MS,Monday Special,13,3,81,87,78,57,64,77,2,79,892
2023-07-25,LT,Lucky Tuesday,4,63,20,86,13,26,37,22,5,39,829
2023-07-26,MW,MidWeek,18,67,32,69,26,35,90,71,4,8,1027
2023-07-27,FT,Fortune Thursday,72,66,71,46,30,14,49,21,73,41,830
2023-07-28,FB,Friday Bonanza,20,73,38,74,47,59,32,13,69,11,801
2023-07-29,NW,National Weekly,50,88,72,43,3,48,51,18,55,37,3171
2023-07-30,SA,Sunday Aseda,49,60,66,30,84,35,77,42,64,73,54
2023-07-31,MS,Monday Special,45,72,21,29,49,9,22,34,47,44,893
2023-08-01,LT,Lucky Tuesday,44,41,52,28,75,26,21,36,43,37,830
2023-08-02,MW,MidWeek,30,74,45,62,50,35,83,4,28,73,1028
2023-08-03,FT,Fortune Thursday,79,36,80,84,33,86,48,42,41,13,831
2023-08-04,FB,Friday Bonanza,30,73,59,8,46,5,71,72,58,63,802
2023-08-05,NW,National Weekly,73,58,72,18,35,64,76,13,37,23,3172
2023-08-06,SA,Sunday Aseda,25,71,28,90,6,9,13,1,60,79,55
2023-08-07,MS,Monday Special,16,23,43,51,72,1,88,78,63,58,894
2023-08-08,LT,Lucky Tuesday,59,28,85,45,16,34,82,70,58,72,831
2023-08-09,MW,MidWeek,44,88,26,51,48,50,2,10,33,58,1029
2023-08-10,FT,Fortune Thursday,44,51,9,65,67,27,49,2,11,7,832
2023-08-11,FB,Friday Bonanza,17,75,43,49,78,66,62,14,48,11,803
2023-08-12,NW,National Weekly,59,15,79,83,85,73,81,47,82,53,3173
2023-08-13,SA,Sunday Aseda,71,69,89,15,75,56,78,52,74,44,56
2023-08-14,MS,Monday Special,31,49,43,25,37,33,70,46,11,44,895
2023-08-15,LT,Lucky Tuesday,69,28,50,46,40,81,42,39,23,5,832
2023-08-16,MW,MidWeek,36,78,9,74,63,12,85,33,40,80,1030
2023-08-17,FT,Fortune Thursday,45,51,82,36,38,20,29,21,83,78,833
2023-08-18,FB,Friday Bonanza,34,79,6,84,44,9,24,65,1,49,804
2023-08-19,NW,National Weekly,17,58,53,79,54,66,42,63,59,62,3174
2023-08-20,SA,Sunday Aseda,33,14,13,66,4,24,5,23,1,65,57
2023-08-21,MS,Monday Special,58,5,39,37,17,69,41,43,31,62,896
2023-08-22,LT,Lucky Tuesday,24,52,27,77,10,56,85,8,76,20,833
2023-08-23,MW,MidWeek,40,3,8,34,22,48,33,64,29,89,1031
2023-08-24,FT,Fortune Thursday,45,34,19,36,85,46,24,5,21,44,834
2023-08-25,FB,Friday Bonanza,3,40,68,28,17,1,58,31,32,41,805
2023-08-26,NW,National Weekly,61,43,50,48,57,2,62,39,59,31,3175
2023-08-27,SA,Sunday Aseda,14,53,79,65,23,15,89,85,8,1,58
2023-08-28,MS,Monday Special,68,21,56,85,30,87,83,59,90,7,897
2023-08-29,LT,Lucky Tuesday,5,75,65,11,15,6,25,81,22,59,834
2023-08-30,MW,MidWeek,76,43,78,55,42,52,31,54,41,44,1032
2023-08-31,FT,Fortune Thursday,28,31,69,24,7,9,26,73,46,34,835
2023-09-01,FB,Friday Bonanza,31,60,89,45,52,75,51,37,63,6,806
2023-09-02,NW,National Weekly,8,38,85,90,77,67,56,71,9,52,3176
2023-09-03,SA,Sunday Aseda,77,39,86,67,4,88,5,27,22,72,59
2023-09-04,MS,Monday Special,29,52,33,27,74,48,51,60,87,81,898
2023-09-05,LT,Lucky Tuesday,10,84,58,86,61,43,59,18,48,37,835
2023-09-06,MW,MidWeek,25,82,71,57,63,46,15,69,56,26,1033
2023-09-07,FT,Fortune Thursday,83,38,26,43,37,90,52,2,49,77,836
2023-09-08,FB,Friday Bonanza,78,88,3,30,21,37,17,80,6,77,807
2023-09-09,NW,National Weekly,22,54,31,11,40,58,21,63,37,15,3177
2023-09-10,SA,Sunday Aseda,81,7,17,67,9,86,5,35,59,39,60
2023-09-11,MS,Monday Special,2,57,10,14,51,55,74,73,37,60,899
2023-09-12,LT,Lucky Tuesday,54,72,14,82,87,52,90,26,45,25,836
2023-09-13,MW,MidWeek,55,60,78,31,64,45,43,71,86,34,1034
2023-09-14,FT,Fortune Thursday,83,89,64,32,20,66,38,82,60,77,837
2023-09-15,FB,Friday Bonanza,38,15,51,76,85,88,46,72,79,56,808
2023-09-16,NW,National Weekly,46,70,56,40,69,88,90,65,87,34,3178
2023-09-17,SA,Sunday Aseda,59,6,62,79,34,51,14,17,72,66,61
2023-09-18,MS,Monday Special,73,78,75,71,74,83,79,53,36,64,900
2023-09-19,LT,Lucky Tuesday,65,76,13,71,41,31,18,79,74,87,837
2023-09-20,MW,MidWeek,60,24,17,12,30,29,78,75,88,1,1035
2023-09-21,FT,Fortune Thursday,13,29,80,4,42,72,66,68,52,39,838
2023-09-22,FB,Friday Bonanza,4,9,3,2,74,36,16,14,34,28,809
2023-09-23,NW,National Weekly,89,88,47,9,1,76,67,45,46,68,3179
2023-09-24,SA,Sunday Aseda,6,65,3,53,43,47,45,59,23,42,62
2023-09-25,MS,Monday Special,7,10,87,3,77,72,40,46,18,45,901
2023-09-26,LT,Lucky Tuesday,2,60,88,63,12,37,62,6,90,9,838
2023-09-27,MW,MidWeek,44,20,42,19,47,70,55,72,59,84,1036
2023-09-28,FT,Fortune Thursday,40,76,31,55,21,17,19,26,9,49,839
2023-09-29,FB,Friday Bonanza,48,57,37,12,75,53,61,28,22,41,810
2023-09-30,NW,National Weekly,29,89,34,26,36,72,45,41,47,68,3180
2023-10-01,SA,Sunday Aseda,79,46,40,62,68,60,64,33,63,31,63
2023-10-02,MS,Monday Special,20,2,89,64,6,69,86,27,62,5,902
2023-10-03,LT,Lucky Tuesday,81,29,33,57,38,8,78,14,44,13,839
2023-10-04,MW,MidWeek,30,39,70,6,29,69,52,5,48,64,1037
2023-10-05,FT,Fortune Thursday,85,25,31,2,6,29,58,61,54,36,840
2023-10-06,FB,Friday Bonanza,46,43,73,67,80,34,78,84,65,81,811
2023-10-07,NW,National Weekly,72,28,18,20,11,17,76,51,53,68,3181
2023-10-08,SA,Sunday Aseda,63,17,37,48,19,10,67,9,66,8,64
2023-10-09,MS,Monday Special,6,31,69,19,22,8,37,66,16,68,903
2023-10-10,LT,Lucky Tuesday,72,75,22,79,44,70,78,31,40,1,840
2023-10-11,MW,MidWeek,11,5,87,74,23,68,64,20,48,60,1038
2023-10-12,FT,Fortune Thursday,67,1,85,88,87,39,53,30,32,33,841
2023-10-13,FB,Friday Bonanza,65,60,6,10,84,66,24,79,80,29,812
2023-10-14,NW,National Weekly,46,86,43,22,39,58,74,56,45,18,3182
2023-10-15,SA,Sunday Aseda,9,62,47,2,5,21,80,54,19,11,65
2023-10-16,MS,Monday Special,2,12,45,15,79,84,90,64,14,35,904
2023-10-17,LT,Lucky Tuesday,64,24,70,49,84,67,11,4,58,85,841
2023-10-18,MW,MidWeek,37,6,54,12,11,52,38,18,86,76,1039
2023-10-19,FT,Fortune Thursday,5,55,31,7,63,28,1,4,79,64,842
2023-10-20,FB,Friday Bonanza,82,61,68,14,33,44,34,18,65,75,813
2023-10-21,NW,National Weekly,59,54,32,12,23,43,3,67,39,47,3183
2023-10-22,SA,Sunday Aseda,65,5,1,35,30,31,4,20,36,81,66
2023-10-23,MS,Monday Special,19,15,28,59,45,55,21,4,25,33,905
2023-10-24,LT,Lucky Tuesday,33,3,19,62,32,55,20,24,13,28,842
2023-10-25,MW,MidWeek,79,81,63,16,17,70,23,6,69,18,1040
2023-10-26,FT,Fortune Thursday,64,55,17,30,12,14,44,42,28,56,843
2023-10-27,FB,Friday Bonanza,63,50,54,25,38,36,81,88,37,26,814
2023-10-28,NW,National Weekly,46,79,36,76,14,10,65,33,41,40,3184
2023-10-29,SA,Sunday Aseda,67,37,43,62,7,50,1,75,44,2,67
2023-10-30,MS,Monday Special,35,81,7,79,11,66,57,83,4,89,906
2023-10-31,LT,Lucky Tuesday,38,41,15,89,37,81,70,45,77,61,843
2023-11-01,MW,MidWeek,66,50,47,24,12,73,37,34,70,85,1041
2023-11-02,FT,Fortune Thursday,52,4,64,77,30,84,60,80,44,50,844
2023-11-03,FB,Friday Bonanza,86,31,15,36,54,2,53,78,66,44,815
2023-11-04,NW,National Weekly,1,36,21,45,53,12,38,62,49,40,3185
2023-11-05,SA,Sunday Aseda,40,34,8,20,84,72,71,3,58,73,68
2023-11-06,MS,Monday Special,19,13,10,3,5,2,48,71,88,61,907
2023-11-07,LT,Lucky Tuesday,38,35,4,83,27,88,64,16,73,81,844
2023-11-08,MW,MidWeek,50,57,42,5,78,53,23,36,45,88,1042
2023-11-09,FT,Fortune Thursday,67,77,3,69,28,73,66,39,50,40,845
2023-11-10,FB,Friday Bonanza,35,59,47,25,4,10,78,43,81,68,816
2023-11-11,NW,National Weekly,25,50,75,71,37,28,62,78,80,82,3186
2023-11-12,SA,Sunday Aseda,27,24,64,82,68,23,17,32,16,79,69
2023-11-13,MS,Monday Special,50,1,37,19,76,44,78,74,84,88,908
2023-11-14,LT,Lucky Tuesday,80,27,53,10,72,66,86,13,78,19,845
2023-11-15,MW,MidWeek,1,51,17,89,41,79,74,58,90,24,1043
2023-11-16,FT,Fortune Thursday,51,2,79,58,30,66,37,21,16,10,846
2023-11-17,FB,Friday Bonanza,79,84,52,44,16,6,54,55,73,31,817
2023-11-18,NW,National Weekly,82,77,16,33,20,10,24,88,34,37,3187
2023-11-19,SA,Sunday Aseda,29,31,71,62,73,69,80,53,74,57,70
2023-11-20,MS,Monday Special,12,23,69,62,84,74,33,76,53,8,909
2023-11-21,LT,Lucky Tuesday,89,7,81,71,80,68,48,9,42,50,846
2023-11-22,MW,MidWeek,3,41,34,62,64,73,61,69,82,50,1044
2023-11-23,FT,Fortune Thursday,74,70,15,23,57,44,10,25,67,73,847
2023-11-24,FB,Friday Bonanza,75,14,7,80,51,21,43,81,29,89,818
2023-11-25,NW,National Weekly,47,46,29,73,14,84,66,59,18,71,3188
2023-11-26,SA,Sunday Aseda,15,23,79,20,60,64,2,84,66,31,71
2023-11-27,MS,Monday Special,21,5,89,61,34,19,76,26,74,52,910
2023-11-28,LT,Lucky Tuesday,54,84,70,31,39,62,21,56,60,25,847
2023-11-29,MW,MidWeek,70,78,58,35,73,59,29,86,64,77,1045
2023-11-30,FT,Fortune Thursday,3,73,82,63,56,27,10,37,79,72,848
2023-12-01,FB,Friday Bonanza,72,19,77,1,68,38,48,50,66,78,819
2023-12-02,NW,National Weekly,19,18,63,79,77,89,31,56,25,16,3189
2023-12-03,SA,Sunday Aseda,26,67,87,83,86,89,15,8,77,11,72
2023-12-04,MS,Monday Special,3,28,15,36,18,21,52,38,68,85,911
2023-12-05,LT,Lucky Tuesday,60,77,87,65,36,18,79,80,83,63,848
2023-12-06,MW,MidWeek,71,88,63,10,33,15,7,68,3,79,1046
2023-12-07,FT,Fortune Thursday,36,88,60,71,35,38,44,63,12,80,849
2023-12-08,FB,Friday Bonanza,49,58,69,88,1,84,35,48,55,82,820
2023-12-09,NW,National Weekly,14,9,77,70,24,61,36,34,84,39,3190
2023-12-10,SA,Sunday Aseda,81,33,6,44,26,53,45,89,14,67,73
2023-12-11,MS,Monday Special,23,76,10,77,86,27,20,4,68,7,912
2023-12-12,LT,Lucky Tuesday,33,76,75,11,77,14,7,90,32,21,849
2023-12-13,MW,MidWeek,56,26,77,38,14,19,48,36,5,22,1047
2023-12-14,FT,Fortune Thursday,88,80,52,17,27,42,45,72,33,57,850
2023-12-15,FB,Friday Bonanza,31,27,83,3,21,51,87,81,39,64,821
2023-12-16,NW,National Weekly,39,64,7,53,3,49,55,31,87,69,3191
2023-12-17,SA,Sunday Aseda,11,2,83,33,31,88,74,58,52,81,74
2023-12-18,MS,Monday Special,33,51,70,63,64,87,62,34,43,85,913
2023-12-19,LT,Lucky Tuesday,7,39,56,55,50,29,1,45,38,41,850
2023-12-20,MW,MidWeek,19,77,42,37,74,67,47,61,23,48,1048
2023-12-21,FT,Fortune Thursday,16,41,67,32,38,58,13,51,40,49,851
2023-12-22,FB,Friday Bonanza,23,74,64,1,82,25,9,89,39,52,822
2023-12-23,NW,National Weekly,36,69,61,17,57,66,2,50,42,40,3192
2023-12-24,SA,Sunday Aseda,59,38,87,41,89,23,35,83,34,22,75
2023-12-26,LT,Lucky Tuesday,81,85,52,22,69,84,58,14,5,8,851
2023-12-27,MW,MidWeek,41,48,11,29,6,30,62,63,39,27,1049
2023-12-28,FT,Fortune Thursday,59,77,69,51,64,73,8,37,33,60,852
2023-12-29,FB,Friday Bonanza,12,49,80,6,71,57,75,11,69,62,823
2023-12-30,NW,National Weekly,83,64,8,15,27,79,76,43,30,85,3193
2023-12-31,SA,Sunday Aseda,17,89,70,33,61,44,4,81,63,55,76
2024-01-01,MS,Monday Special,8,4,54,79,19,90,77,44,40,70,914
2024-01-02,LT,Lucky Tuesday,55,4,88,79,5,77,8,46,63,31,852
2024-01-03,MW,MidWeek,29,14,53,61,85,46,38,80,86,71,1050
2024-01-04,FT,Fortune Thursday,7,30,33,48,76,65,22,67,81,11,853
2024-01-05,FB,Friday Bonanza,78,46,56,73,37,71,30,82,89,24,824
2024-01-06,NW,National Weekly,58,88,86,76,69,71,85,26,61,3,3194
2024-01-07,SA,Sunday Aseda,29,55,10,15,67,12,42,85,32,9,77
2024-01-08,MS,Monday Special,80,17,1,56,31,65,88,85,40,64,915
2024-01-09,LT,Lucky Tuesday,45,11,23,30,77,90,38,41,86,57,853
2024-01-10,MW,MidWeek,40,87,49,15,42,50,47,53,46,65,1051
2024-01-11,FT,Fortune Thursday,67,82,28,80,20,3,85,33,79,47,854
2024-01-12,FB,Friday Bonanza,49,36,24,6,71,73,79,19,8,56,825
2024-01-13,NW,National Weekly,13,57,15,67,61,65,18,69,46,55,3195
2024-01-14,SA,Sunday Aseda,50,43,59,12,4,63,82,33,56,41,78
2024-01-15,MS,Monday Special,22,46,9,57,85,66,10,30,18,81,916
2024-01-16,LT,Lucky Tuesday,1,33,54,10,79,89,50,65,77,15,854
2024-01-17,MW,MidWeek,44,78,11,21,80,69,87,61,73,37,1052
2024-01-18,FT,Fortune Thursday,23,28,30,17,26,88,77,55,90,22,855
2024-01-19,FB,Friday Bonanza,65,31,28,26,41,68,54,42,83,76,826
2024-01-20,NW,National Weekly,61,68,6,87,14,23,50,1,81,85,3196
2024-01-21,SA,Sunday Aseda,79,71,11,28,36,57,90,50,15,2,79
2024-01-22,MS,Monday Special,87,37,81,59,44,71,74,16,82,6,917
2024-01-23,LT,Lucky Tuesday,25,82,72,6,68,27,49,84,32,28,855
2024-01-24,MW,MidWeek,73,52,63,49,31,70,6,67,86,85,1053
2024-01-25,FT,Fortune Thursday,61,69,48,40,65,27,1,88,68,58,856
2024-01-26,FB,Friday Bonanza,31,3,48,67,65,29,62,68,54,82,827
2024-01-27,NW,National Weekly,29,41,25,45,60,90,9,64,33,57,3197
2024-01-28,SA,Sunday Aseda,59,17,83,28,42,50,79,75,5,77,80
2024-01-29,MS,Monday Special,56,62,50,27,10,21,20,28,87,43,918
2024-01-30,LT,Lucky Tuesday,73,8,11,44,70,57,54,90,89,29,856
2024-01-31,MW,MidWeek,90,39,33,84,72,31,63,24,68,67,1054
2024-02-01,FT,Fortune Thursday,47,56,9,54,67,71,26,46,8,20,857
2024-02-02,FB,Friday Bonanza,74,66,3,20,75,86,33,71,34,80,828
2024-02-02,FB,Friday Bonanza,61,28,7,19,82,67,54,44,13,72,829
2024-02-03,NW,National Weekly,17,73,43,71,25,14,47,44,45,75,3198
2024-02-04,SA,Sunday Aseda,60,10,29,42,21,83,49,15,19,24,81
2024-02-05,MS,Monday Special,56,26,71,60,12,38,18,47,21,59,919
2024-02-06,LT,Lucky Tuesday,31,61,33,29,16,75,22,59,4,77,857
2024-02-07,MW,MidWeek,36,71,65,67,16,57,76,83,85,44,1055
2024-02-08,FT,Fortune Thursday,20,58,60,67,8,90,87,75,55,1,858
2024-02-10,NW,National Weekly,22,16,54,24,10,12,53,67,57,4,3199
2024-02-11,SA,Sunday Aseda,38,75,44,7,48,64,57,43,17,30,82
2024-02-12,MS,Monday Special,13,74,7,32,77,3,82,1,38,33,920
2024-02-13,LT,Lucky Tuesday,26,55,25,49,28,1,9,32,48,15,858
2024-02-14,MW,MidWeek,89,33,86,46,34,36,53,7,61,73,1056
2024-02-15,FT,Fortune Thursday,2,89,30,17,56,15,31,20,18,81,859
2024-02-16,FB,Friday Bonanza,88,90,16,57,20,23,32,87,53,2,830
2024-02-17,NW,National Weekly,87,24,2,48,16,67,55,49,68,69,3200
2024-02-18,SA,Sunday Aseda,44,47,31,3,5,73,78,64,58,36,83
2024-02-19,MS,Monday Special,74,46,42,65,71,82,86,36,62,51,921
2024-02-20,LT,Lucky Tuesday,15,61,17,85,32,51,64,82,26,40,859
2024-02-21,MW,MidWeek,10,1,73,31,7,88,90,83,25,81,1057
2024-02-22,FT,Fortune Thursday,30,29,69,32,11,12,76,19,62,85,860
2024-02-23,FB,Friday Bonanza,22,62,6,18,38,72,79,40,89,45,831
2024-02-24,NW,National Weekly,66,24,81,3,51,82,47,90,35,46,3201
2024-02-25,SA,Sunday Aseda,81,34,39,69,26,21,66,55,22,2,84
2024-02-26,MS,Monday Special,35,4,90,54,67,43,51,56,73,48,922
2024-02-27,LT,Lucky Tuesday,13,7,5,68,53,51,19,21,16,43,860
2024-02-28,MW,MidWeek,43,86,57,35,83,84,21,68,18,87,1058
2024-02-29,FT,Fortune Thursday,82,37,77,43,75,72,87,79,34,86,861
2024-03-01,FB,Friday Bonanza,25,1,4,65,8,10,23,52,79,86,832
2024-03-02,NW,National Weekly,42,19,67,48,6,8,69,90,66,63,3202
2024-03-03,SA,Sunday Aseda,1,38,81,25,75,36,70,17,4,58,85
2024-03-04,MS,Monday Special,21,16,36,19,82,55,15,61,84,74,923
2024-03-05,LT,Lucky Tuesday,83,55,78,82,44,51,62,73,75,54,861
2024-03-06,MW,MidWeek,43,66,18,22,59,67,75,61,77,86,1059
2024-03-07,FT,Fortune Thursday,14,34,76,17,39,5,25,11,50,19,862
2024-03-08,FB,Friday Bonanza,39,12,81,65,82,90,52,40,51,14,833
2024-03-09,NW,National Weekly,54,59,63,28,20,56,71,44,41,66,3203
2024-03-10,SA,Sunday Aseda,89,72,1,4,87,49,82,6,86,60,86
2024-03-11,MS,Monday Special,64,17,88,58,10,56,44,29,34,33,924
2024-03-12,LT,Lucky Tuesday,4,53,43,41,32,78,77,73,52,45,862
2024-03-13,MW,MidWeek,13,30,48,24,29,73,1,60,47,49,1060
2024-03-14,FT,Fortune Thursday,20,3,69,90,33,82,13,89,23,73,863
2024-03-15,FB,Friday Bonanza,62,45,18,72,31,16,32,24,70,61,834
2024-03-16,NW,National Weekly,17,82,65,6,85,66,53,13,68,72,3204
2024-03-17,SA,Sunday Aseda,45,80,21,66,81,5,54,72,28,89,87
2024-03-18,MS,Monday Special,64,49,15,83,9,76,58,37,72,67,925
2024-03-19,LT,Lucky Tuesday,73,82,85,29,47,64,30,74,56,44,863
2024-03-20,MW,MidWeek,50,9,24,48,81,3,46,62,34,68,1061
2024-03-21,FT,Fortune Thursday,67,44,90,83,23,57,65,24,20,71,864
2024-03-22,FB,Friday Bonanza,82,83,65,72,41,12,76,29,90,68,835
2024-03-23,NW,National Weekly,46,1,84,73,40,68,85,81,55,2,3205
2024-03-24,SA,Sunday Aseda,21,9,20,44,16,8,62,38,35,13,88
2024-03-25,MS,Monday Special,85,42,15,70,13,32,54,41,3,77,926
2024-03-26,LT,Lucky Tuesday,44,84,51,56,9,76,86,66,11,5,864
2024-03-27,MW,MidWeek,39,86,3,5,53,79,21,19,60,27,1062
2024-03-28,FT,Fortune Thursday,29,69,56,33,32,81,66,79,89,10,865
2024-03-29,FB,Friday Bonanza,14,37,5,29,88,40,8,27,71,21,836
2024-03-30,NW,National Weekly,20,68,69,24,82,6,52,35,37,90,3206
2024-04-01,MS,Monday Special,29,16,33,43,24,52,28,63,54,60,927
2024-04-02,LT,Lucky Tuesday,9,60,30,77,85,45,67,7,72,73,865
2024-04-03,MW,MidWeek,27,25,11,72,90,58,18,6,84,85,1063
2024-04-04,FT,Fortune Thursday,28,84,75,21,43,37,64,90,33,80,866
2024-04-05,FB,Friday Bonanza,39,75,78,33,1,43,3,7,4,67,837
2024-04-06,NW,National Weekly,81,19,29,3,22,80,67,62,61,28,3207
2024-04-07,SA,Sunday Aseda,81,51,74,32,87,38,57,55,30,77,89
2024-04-08,MS,Monday Special,46,70,16,53,69,31,25,6,29,54,928
2024-04-09,LT,Lucky Tuesday,39,59,5,84,57,62,22,50,68,4,866
2024-04-10,MW,MidWeek,30,13,70,1,22,81,3,65,29,80,1064
2024-04-11,FT,Fortune Thursday,3,81,73,74,18,40,90,42,83,41,867
2024-04-12,FB,Friday Bonanza,82,80,23,19,56,13,64,31,57,36,838
2024-04-13,NW,National Weekly,24,45,37,26,18,13,71,73,50,43,3208
2024-04-14,SA,Sunday Aseda,13,80,69,18,87,62,50,33,6,43,90
2024-04-15,MS,Monday Special,47,87,32,2,45,76,46,88,79,77,929
2024-04-16,LT,Lucky Tuesday,71,83,30,35,12,74,86,60,55,20,867
2024-04-17,MW,MidWeek,38,1,88,71,84,22,12,40,90,50,1065
2024-04-18,FT,Fortune Thursday,2,51,57,29,28,67,43,42,46,18,868
2024-04-19,FB,Friday Bonanza,20,17,49,23,8,60,54,83,41,84,839
2024-04-20,NW,National Weekly,57,8,40,76,17,70,49,36,33,30,3209
2024-04-21,SA,Sunday Aseda,1,89,54,2,27,18,59,68,30,41,91
2024-04-22,MS,Monday Special,85,35,7,59,54,70,81,36,50,47,930
2024-04-23,LT,Lucky Tuesday,87,86,81,5,72,63,1,84,71,9,868
2024-04-24,MW,MidWeek,76,20,57,71,44,55,66,2,41,54,1066
2024-04-25,FT,Fortune Thursday,89,6,35,23,47,39,37,38,19,41,869
2024-04-26,FB,Friday Bonanza,43,58,54,38,25,86,81,11,44,29,840
2024-04-27,NW,National Weekly,79,29,56,81,24,41,28,11,10,82,3210
2024-04-28,SA,Sunday Aseda,20,67,51,9,2,15,37,87,83,73,92
2024-04-29,MS,Monday Special,87,66,5,45,12,14,58,73,10,55,931
2024-04-30,LT,Lucky Tuesday,71,82,6,79,24,9,35,28,20,76,869
2024-05-01,MW,MidWeek,29,14,31,24,17,70,37,67,86,80,1067
2024-05-02,FT,Fortune Thursday,82,36,83,63,39,55,4,14,70,15,870
2024-05-03,FB,Friday Bonanza,78,69,22,70,51,64,59,54,38,68,841
2024-05-04,NW,National Weekly,84,87,35,86,58,26,54,47,81,4,3211
2024-05-05,SA,Sunday Aseda,29,72,85,30,2,63,21,11,74,66,93
2024-05-06,MS,Monday Special,36,50,20,29,10,56,44,4,85,83,932
2024-05-07,LT,Lucky Tuesday,33,46,23,34,1,6,74,39,71,65,870
2024-05-08,MW,MidWeek,51,77,46,87,47,44,50,5,78,45,1068
2024-05-09,FT,Fortune Thursday,3,84,40,32,18,83,41,8,4,57,871
2024-05-10,FB,Friday Bonanza,35,75,77,3,86,89,9,47,76,28,842
2024-05-11,NW,National Weekly,74,43,6,44,20,55,47,11,42,29,3212
2024-05-12,SA,Sunday Aseda,58,13,74,43,18,10,41,39,69,68,94
2024-05-13,MS,Monday Special,76,26,41,33,39,24,21,68,51,34,933
2024-05-14,LT,Lucky Tuesday,66,22,65,7,34,30,53,41,54,75,871
2024-05-15,MW,MidWeek,20,47,23,66,71,79,74,1,69,44,1069
2024-05-16,FT,Fortune Thursday,2,38,18,44,1,15,68,69,79,50,872
2024-05-17,FB,Friday Bonanza,22,52,61,3,41,83,68,66,34,4,843
2024-05-18,NW,National Weekly,77,5,45,82,27,33,10,48,44,16,3213
2024-05-19,SA,Sunday Aseda,75,8,40,35,89,43,15,64,38,85,95
2024-05-20,MS,Monday Special,38,70,17,89,87,55,57,82,31,67,934
2024-05-21,LT,Lucky Tuesday,49,89,77,8,41,14,46,16,39,1,872
2024-05-22,MW,MidWeek,84,23,17,65,71,73,2,49,81,88,1070
2024-05-23,FT,Fortune Thursday,67,75,45,34,71,58,2,72,10,11,873
2024-05-24,FB,Friday Bonanza,42,6,34,43,54,77,8,89,58,48,844
2024-05-25,NW,National Weekly,72,51,43,40,26,31,67,62,13,64,3214
2024-05-26,SA,Sunday Aseda,68,48,76,33,15,56,82,4,69,39,96
2024-05-27,MS,Monday Special,38,30,33,1,25,40,54,56,86,80,935
2024-05-28,LT,Lucky Tuesday,58,1,6,28,82,49,79,35,20,9,873
2024-05-29,MW,MidWeek,22,72,61,1,34,43,49,29,35,60,1071
2024-05-30,FT,Fortune Thursday,90,37,39,61,21,82,41,59,24,55,874
2024-05-31,FB,Friday Bonanza,52,53,83,34,4,44,25,35,84,9,845
2024-06-01,NW,National Weekly,45,38,8,90,12,42,83,24,29,9,3215
2024-06-02,SA,Sunday Aseda,41,35,82,43,13,56,31,83,77,23,97
2024-06-03,MS,Monday Special,50,89,6,66,61,1,55,72,87,86,936
2024-06-04,LT,Lucky Tuesday,72,23,49,70,78,61,55,45,19,73,874
2024-06-05,MW,MidWeek,9,39,87,28,59,50,90,65,36,62,1072
2024-06-06,FT,Fortune Thursday,53,73,84,29,21,58,61,57,48,42,875
2024-06-07,FB,Friday Bonanza,65,9,21,10,35,88,66,26,63,5,846
2024-06-08,NW,National Weekly,10,1,9,77,75,13,46,90,18,72,3216
2024-06-09,SA,Sunday Aseda,53,69,81,63,26,70,77,29,75,6,98
2024-06-10,MS,Monday Special,53,70,27,74,54,43,52,3,19,48,937
2024-06-11,LT,Lucky Tuesday,63,82,76,89,59,66,32,37,65,81,875
2024-06-12,MW,MidWeek,35,56,42,40,82,62,6,3,68,28,1073
2024-06-13,FT,Fortune Thursday,76,7,67,81,87,14,9,33,15,40,876
2024-06-14,FB,Friday Bonanza,15,58,16,34,22,1,67,12,59,57,847
2024-06-15,NW,National Weekly,45,86,63,4,34,71,33,53,20,89,3217
2024-06-16,SA,Sunday Aseda,87,15,27,50,48,20,62,60,80,72,99
2024-06-17,MS,Monday Special,71,60,81,12,24,75,63,90,27,48,938
2024-06-18,LT,Lucky Tuesday,66,85,47,65,13,29,69,35,15,30,876
2024-06-19,MW,MidWeek,83,57,11,44,23,55,68,78,86,82,1074
2024-06-20,FT,Fortune Thursday,9,70,36,12,55,44,34,27,37,83,877
2024-06-21,FB,Friday Bonanza,90,4,7,82,81,80,48,17,58,20,848
2024-06-22,NW,National Weekly,72,60,3,85,25,41,14,42,88,86,3218
2024-06-23,SA,Sunday Aseda,62,19,31,82,88,13,29,16,60,79,100
2024-06-24,MS,Monday Special,52,55,88,85,21,89,65,81,79,29,939
2024-06-25,LT,Lucky Tuesday,30,75,66,55,25,6,65,16,15,41,877
2024-06-26,MW,MidWeek,56,50,57,48,79,52,2,16,60,29,1075
2024-06-27,FT,Fortune Thursday,2,26,17,7,12,64,84,32,1,89,878
2024-06-28,FB,Friday Bonanza,12,42,39,82,68,69,88,45,46,62,849
2024-06-29,NW,National Weekly,27,42,78,83,89,46,84,14,58,54,3219
2024-06-30,SA,Sunday Aseda,1,66,10,57,64,83,18,17,32,67,101
2024-07-01,MS,Monday Special,25,81,75,32,2,37,90,53,35,41,940
2024-07-02,LT,Lucky Tuesday,69,75,86,32,31,59,39,65,19,7,878
2024-07-03,MW,MidWeek,52,10,82,24,4,74,3,5,64,68,1076
2024-07-04,FT,Fortune Thursday,5,1,74,26,83,68,60,53,78,37,879
2024-07-05,FB,Friday Bonanza,59,65,34,70,14,46,64,26,25,66,850
2024-07-06,NW,National Weekly,13,33,46,22,90,68,7,64,35,77,3220
2024-07-07,SA,Sunday Aseda,52,27,42,60,53,4,15,1,89,28,102
2024-07-08,MS,Monday Special,9,55,69,57,37,40,86,47,48,29,941
2024-07-09,LT,Lucky Tuesday,7,29,33,12,38,25,34,44,59,85,879
2024-07-10,MW,MidWeek,32,73,7,33,26,60,70,22,19,85,1077
2024-07-11,FT,Fortune Thursday,18,90,62,43,88,52,61,77,44,28,880
2024-07-12,FB,Friday Bonanza,88,67,32,74,77,44,28,1,24,46,851
2024-07-13,NW,National Weekly,77,19,70,57,13,53,2,43,51,12,3221
2024-07-14,SA,Sunday Aseda,66,46,8,69,4,45,86,42,1,58,103
2024-07-15,MS,Monday Special,20,81,57,62,41,28,23,48,71,2,942
2024-07-16,LT,Lucky Tuesday,50,41,16,28,61,5,18,31,14,9,880
2024-07-17,MW,MidWeek,14,3,34,81,8,66,70,45,64,79,1078
2024-07-18,FT,Fortune Thursday,30,82,32,5,59,41,34,44,86,23,881
2024-07-19,FB,Friday Bonanza,8,68,18,73,20,34,3,46,39,33,852
2024-07-20,NW,National Weekly,73,61,38,63,25,14,43,10,55,84,3222
2024-07-21,SA,Sunday Aseda,32,23,78,82,66,81,87,65,44,55,104
2024-07-22,MS,Monday Special,87,78,51,3,64,48,66,84,35,70,943
2024-07-23,LT,Lucky Tuesday,6,38,14,35,68,16,34,51,85,71,881
2024-07-24,MW,MidWeek,74,71,66,45,4,37,36,73,72,65,1079
2024-07-25,FT,Fortune Thursday,47,23,17,30,83,78,58,57,87,90,882
2024-07-26,FB,Friday Bonanza,51,89,76,55,58,48,35,71,43,12,853
2024-07-27,NW,National Weekly,33,77,49,71,30,66,67,19,34,52,3223
2024-07-28,SA,Sunday Aseda,86,73,57,23,22,34,35,31,54,13,105
2024-07-29,MS,Monday Special,53,67,62,22,71,38,60,64,63,27,944
2024-07-30,LT,Lucky Tuesday,79,69,41,84,25,31,26,13,81,71,882
2024-07-31,MW,MidWeek,9,81,8,60,64,48,88,49,79,90,1080
2024-08-01,FT,Fortune Thursday,25,27,67,57,87,49,80,34,6,12,883
2024-08-02,FB,Friday Bonanza,72,37,52,85,76,82,54,16,39,48,854
2024-08-03,NW,National Weekly,79,35,16,49,26,42,2,25,80,8,3224
2024-08-04,SA,Sunday Aseda,34,73,13,85,21,31,23,61,46,81,106
2024-08-05,MS,Monday Special,5,75,1,8,26,37,31,44,69,27,945
2024-08-06,LT,Lucky Tuesday,21,62,61,15,49,70,69,72,81,52,883
2024-08-07,MW,MidWeek,24,74,61,10,50,29,57,44,20,58,1081
2024-08-08,FT,Fortune Thursday,18,20,89,69,27,34,71,16,31,90,884
2024-08-09,FB,Friday Bonanza,82,78,65,38,79,16,63,13,40,41,855
2024-08-10,NW,National Weekly,79,19,58,16,9,44,59,51,61,48,3225
2024-08-11,SA,Sunday Aseda,68,83,7,60,46,35,55,34,37,56,107
2024-08-12,MS,Monday Special,12,43,2,58,3,40,57,33,20,59,946
2024-08-13,LT,Lucky Tuesday,31,1,59,16,77,89,3,22,72,84,884
2024-08-14,MW,MidWeek,38,54,55,7,15,25,80,56,81,78,1082
2024-08-15,FT,Fortune Thursday,29,39,86,55,59,8,40,9,62,37,885
2024-08-16,FB,Friday Bonanza,58,33,77,50,39,2,9,40,73,81,856
2024-08-17,NW,National Weekly,51,7,30,63,82,48,8,61,88,57,3226
2024-08-18,SA,Sunday Aseda,10,90,27,49,65,31,74,63,23,28,108
2024-08-19,MS,Monday Special,27,36,79,56,3,82,32,63,12,83,947
2024-08-20,LT,Lucky Tuesday,32,71,6,85,63,82,72,62,14,23,885
2024-08-21,MW,MidWeek,36,78,69,89,25,23,15,30,52,74,1083
2024-08-22,FT,Fortune Thursday,33,43,83,24,67,75,25,6,74,32,886
2024-08-23,FB,Friday Bonanza,70,77,25,16,22,60,80,88,20,55,857
2024-08-24,NW,National Weekly,38,5,63,19,34,47,72,66,62,4,3227
2024-08-25,SA,Sunday Aseda,33,71,35,10,90,65,55,47,1,40,109
2024-08-26,MS,Monday Special,60,59,25,53,9,79,74,2,61,5,948
2024-08-27,LT,Lucky Tuesday,75,50,78,22,16,30,62,49,73,76,886
2024-08-28,MW,MidWeek,3,73,76,40,84,1,78,53,59,32,1084
2024-08-29,FT,Fortune Thursday,38,19,45,52,40,67,69,1,35,27,887
2024-08-30,FB,Friday Bonanza,2,65,64,61,83,72,15,22,5,62,858
2024-08-31,NW,National Weekly,17,23,22,64,10,66,12,29,82,49,3228
2024-09-01,SA,Sunday Aseda,22,52,13,87,90,45,72,7,70,74,110
2024-09-02,MS,Monday Special,44,34,50,61,11,74,78,2,21,35,949
2024-09-03,LT,Lucky Tuesday,44,35,20,70,71,62,1,5,76,82,887
2024-09-04,MW,MidWeek,11,46,36,83,52,49,81,34,67,72,1085
2024-09-05,FT,Fortune Thursday,17,47,88,69,34,39,73,46,89,70,888
2024-09-06,FB,Friday Bonanza,69,67,38,81,13,63,73,22,37,65,859
2024-09-07,NW,National Weekly,31,52,20,85,12,47,32,38,2,18,3229
2024-09-08,SA,Sunday Aseda,8,90,23,28,73,42,67,20,44,80,111
2024-09-09,MS,Monday Special,13,69,76,67,43,90,40,56,53,47,950
2024-09-10,LT,Lucky Tuesday,17,47,13,41,21,50,57,14,62,81,888
2024-09-11,MW,MidWeek,13,29,81,44,8,55,25,35,2,22,1086
2024-09-12,FT,Fortune Thursday,16,84,41,65,79,2,85,82,64,17,889
2024-09-13,FB,Friday Bonanza,51,16,40,52,62,11,76,48,30,70,860
2024-09-14,NW,National Weekly,59,47,53,48,6,23,33,85,54,37,3230
2024-09-15,SA,Sunday Aseda,75,78,51,81,31,74,10,77,89,36,112
2024-09-16,MS,Monday Special,90,40,59,18,38,27,1,78,56,53,951
2024-09-17,LT,Lucky Tuesday,56,65,5,75,58,4,90,40,70,45,889
2024-09-18,MW,MidWeek,58,26,12,61,41,83,56,19,43,45,1087
2024-09-19,FT,Fortune Thursday,80,86,16,74,75,8,73,36,21,72,890
2024-09-20,FB,Friday Bonanza,63,15,5,2,37,80,25,88,33,13,861
2024-09-21,NW,National Weekly,9,80,1,60,48,52,15,57,37,88,3231
2024-09-22,SA,Sunday Aseda,77,32,47,72,43,80,49,3,46,11,113
2024-09-23,MS,Monday Special,63,31,48,38,78,79,58,42,33,83,952
2024-09-24,LT,Lucky Tuesday,53,73,60,85,4,86,61,14,49,78,890
2024-09-25,MW,MidWeek,29,59,89,71,41,81,9,67,53,19,1088
2024-09-26,FT,Fortune Thursday,71,59,46,37,72,58,12,15,31,52,891
2024-09-27,FB,Friday Bonanza,76,67,36,78,43,59,15,83,77,75,862
2024-09-28,NW,National Weekly,78,39,15,34,9,66,77,47,88,41,3232
2024-09-29,SA,Sunday Aseda,44,31,55,25,15,36,54,64,71,75,114
2024-09-30,MS,Monday Special,86,21,43,8,49,59,4,33,63,13,953
2024-10-01,LT,Lucky Tuesday,3,41,13,82,49,73,50,87,8,88,891
2024-10-02,MW,MidWeek,26,5,84,25,36,1,32,6,40,70,1089
2024-10-03,FT,Fortune Thursday,25,21,38,73,76,28,14,63,65,8,892
2024-10-04,FB,Friday Bonanza,81,54,43,30,9,7,5,39,89,83,863
2024-10-05,NW,National Weekly,15,52,17,89,67,78,25,59,21,83,3233
2024-10-06,SA,Sunday Aseda,82,19,74,60,12,34,18,40,26,89,115
2024-10-07,MS,Monday Special,3,54,59,1,26,52,5,40,31,35,954
2024-10-08,LT,Lucky Tuesday,57,15,3,35,26,4,27,61,81,63,892
2024-10-09,MW,MidWeek,42,47,39,45,41,17,36,68,28,78,1090
2024-10-10,FT,Fortune Thursday,29,3,64,46,75,47,30,43,59,20,893
2024-10-11,FB,Friday Bonanza,28,16,82,87,18,66,35,36,47,55,864
2024-10-12,NW,National Weekly,77,46,68,32,7,5,37,89,10,36,3234
2024-10-13,SA,Sunday Aseda,61,7,14,2,34,3,72,35,23,56,116
2024-10-14,MS,Monday Special,86,24,31,41,6,47,29,45,42,73,955
2024-10-15,LT,Lucky Tuesday,77,15,78,18,67,17,34,65,76,42,893
2024-10-16,MW,MidWeek,10,60,87,73,71,14,19,68,49,44,1091
2024-10-17,FT,Fortune Thursday,77,2,75,63,60,22,9,1,18,68,894
2024-10-18,FB,Friday Bonanza,44,54,21,32,67,66,7,31,90,42,865
2024-10-19,NW,National Weekly,31,87,50,62,36,18,68,82,48,42,3235
2024-10-20,SA,Sunday Aseda,23,70,44,13,46,20,82,28,36,66,117
2024-10-21,MS,Monday Special,10,68,6,73,38,42,12,66,59,43,956
2024-10-22,LT,Lucky Tuesday,21,42,62,22,16,9,58,53,3,41,894
2024-10-23,MW,MidWeek,88,17,55,68,50,48,74,53,47,37,1092
2024-10-24,FT,Fortune Thursday,53,39,58,42,23,50,49,83,87,85,895
2024-10-25,FB,Friday Bonanza,51,32,76,44,64,65,63,78,45,83,866
2024-10-26,NW,National Weekly,67,14,15,3,57,83,85,69,71,52,3236
2024-10-27,SA,Sunday Aseda,72,53,70,26,43,18,59,50,19,66,118
2024-10-28,MS,Monday Special,3,25,54,33,38,48,50,11,59,46,957
2024-10-29,LT,Lucky Tuesday,44,82,61,53,26,71,42,65,62,7,895
2024-10-30,MW,MidWeek,83,87,63,45,29,84,34,74,28,39,1093
2024-10-31,FT,Fortune Thursday,15,29,88,24,12,30,56,70,11,18,896
2024-11-01,FB,Friday Bonanza,33,17,74,42,63,81,69,9,51,8,867
2024-11-02,NW,National Weekly,46,85,87,35,55,84,12,40,27,10,3237
2024-11-03,SA,Sunday Aseda,20,69,42,61,40,54,74,62,63,35,119
2024-11-04,MS,Monday Special,4,31,36,28,84,79,49,30,43,9,958
2024-11-05,LT,Lucky Tuesday,8,23,38,69,64,31,53,65,66,4,896
2024-11-06,MW,MidWeek,88,27,44,53,23,68,78,70,59,80,1094
2024-11-07,FT,Fortune Thursday,28,65,34,19,75,31,48,12,14,45,897
2024-11-08,FB,Friday Bonanza,67,54,70,6,28,84,17,26,83,89,868
2024-11-09,NW,National Weekly,20,18,14,41,66,2,28,47,70,1,3238
2024-11-10,SA,Sunday Aseda,44,37,9,4,3,34,35,11,75,85,120
2024-11-11,MS,Monday Special,74,48,79,69,27,63,39,75,41,30,959
2024-11-12,LT,Lucky Tuesday,66,82,30,52,41,76,63,39,61,15,897
2024-11-13,MW,MidWeek,68,87,64,35,6,80,26,53,66,76,1095
2024-11-14,FT,Fortune Thursday,85,82,14,54,34,70,72,80,20,75,898
2024-11-15,FB,Friday Bonanza,27,58,53,82,71,52,69,4,42,15,869
2024-11-16,NW,National Weekly,33,25,74,61,44,50,87,10,84,69,3239
2024-11-17,SA,Sunday Aseda,58,78,56,35,52,26,8,60,22,45,121
2024-11-18,MS,Monday Special,79,73,31,8,77,90,22,18,48,25,960
2024-11-19,LT,Lucky Tuesday,77,63,40,82,42,23,26,60,49,22,898
2024-11-20,MW,MidWeek,73,30,1,56,50,33,74,64,81,5,1096
2024-11-21,FT,Fortune Thursday,11,42,45,37,61,40,63,64,90,4,899
2024-11-22,FB,Friday Bonanza,89,76,54,75,10,59,19,58,51,87,870
2024-11-23,NW,National Weekly,74,79,43,17,83,7,21,53,40,56,3240
2024-11-24,SA,Sunday Aseda,82,48,70,4,14,24,76,7,5,68,122
2024-11-25,MS,Monday Special,60,6,45,11,70,44,16,56,37,39,961
2024-11-26,LT,Lucky Tuesday,32,69,2,3,71,35,49,23,22,45,899
2024-11-27,MW,MidWeek,9,41,10,90,52,81,53,87,63,65,1097
2024-11-28,FT,Fortune Thursday,41,52,36,40,34,65,56,7,33,63,900
2024-11-29,FB,Friday Bonanza,28,78,82,14,33,31,46,6,20,27,871
2024-11-30,NW,National Weekly,17,37,49,78,35,56,45,10,39,63,3241
2024-12-01,SA,Sunday Aseda,41,79,52,56,55,23,39,4,87,83,123
2024-12-02,MS,Monday Special,72,74,42,37,11,26,7,83,59,70,962
2024-12-03,LT,Lucky Tuesday,47,43,21,70,82,30,68,40,14,27,900
2024-12-04,MW,MidWeek,53,30,88,12,41,37,11,77,38,83,1098
2024-12-05,FT,Fortune Thursday,6,67,90,79,24,76,3,89,34,31,901
2024-12-06,FB,Friday Bonanza,79,29,48,13,47,39,86,68,25,52,872
2024-12-07,NW,National Weekly,89,42,31,77,24,32,68,69,56,48,3242
2024-12-08,SA,Sunday Aseda,77,28,67,56,36,80,3,40,50,46,124
2024-12-09,MS,Monday Special,7,18,86,40,21,6,81,76,36,71,963
2024-12-10,LT,Lucky Tuesday,54,7,77,61,36,40,49,62,83,1,901
2024-12-11,MW,MidWeek,50,9,44,31,58,24,36,77,54,38,1099
2024-12-12,FT,Fortune Thursday,12,39,47,40,18,76,43,88,41,71,902
2024-12-13,FB,Friday Bonanza,16,70,85,60,9,22,56,67,29,54,873
2024-12-14,NW,National Weekly,89,3,49,39,50,60,66,71,42,7,3243
2024-12-15,SA,Sunday Aseda,54,26,10,15,82,30,1,43,38,22,125
2024-12-16,MS,Monday Special,38,16,46,9,57,40,41,78,71,5,964
2024-12-17,LT,Lucky Tuesday,3,33,34,13,90,5,25,43,60,42,902
2024-12-18,MW,MidWeek,5,37,90,48,87,55,24,86,51,70,1100
2024-12-19,FT,Fortune Thursday,16,7,41,13,3,86,69,85,83,34,903
2024-12-20,FB,Friday Bonanza,41,45,12,43,61,82,80,18,15,29,874
2024-12-21,NW,National Weekly,73,18,44,23,37,85,89,68,17,72,3244
2024-12-22,SA,Sunday Aseda,44,39,51,90,63,81,70,86,37,38,126
2024-12-23,MS,Monday Special,24,22,77,53,83,81,75,52,76,17,965
2024-12-24,LT,Lucky Tuesday,23,71,26,58,52,78,6,79,24,25,903
2024-12-26,FT,Fortune Thursday,11,60,52,80,5,24,26,6,43,17,904
2024-12-27,FB,Friday Bonanza,53,86,32,77,55,36,47,5,70,40,875
2024-12-28,NW,National Weekly,27,43,62,73,77,15,33,1,82,69,3245
2024-12-29,SA,Sunday Aseda,70,90,51,33,30,19,50,66,28,24,127
2024-12-30,MS,Monday Special,75,40,58,89,35,36,84,88,45,53,966
2024-12-31,LT,Lucky Tuesday,86,7,34,25,31,37,24,89,10,20,904
2025-01-01,MW,MidWeek,31,74,9,77,85,75,54,6,70,78,1101
2025-01-02,FT,Fortune Thursday,23,9,63,18,19,33,25,77,49,34,905
2025-01-03,FB,Friday Bonanza,36,58,56,69,6,77,42,32,14,61,876
2025-01-04,NW,National Weekly,75,30,55,64,23,52,47,82,73,80,3246
2025-01-05,SA,Sunday Aseda,30,12,10,59,34,61,20,13,52,6,128
2025-01-06,MS,Monday Special,2,76,74,55,3,43,80,24,67,79,967
2025-01-07,LT,Lucky Tuesday,24,38,28,16,75,58,48,46,44,76,905
2025-01-08,MW,MidWeek,19,72,76,55,58,24,71,8,1,89,1102
2025-01-09,FT,Fortune Thursday,85,73,69,32,6,67,38,75,9,33,906
2025-01-10,FB,Friday Bonanza,66,64,41,71,70,27,44,5,51,61,877
2025-01-11,NW,National Weekly,1,87,63,32,23,65,77,34,90,73,3247
2025-01-12,SA,Sunday Aseda,46,31,65,67,28,51,24,11,83,12,129
2025-01-13,MS,Monday Special,20,69,87,18,13,46,80,10,55,35,968
2025-01-14,LT,Lucky Tuesday,85,28,81,72,21,61,74,3,39,40,906
2025-01-15,MW,MidWeek,17,27,22,1,50,40,47,14,78,43,1103
2025-01-16,FT,Fortune Thursday,89,16,6,90,53,49,20,10,42,61,907
2025-01-17,FB,Friday Bonanza,13,17,50,25,43,70,63,18,86,79,878
2025-01-18,NW,National Weekly,85,45,69,75,61,48,29,73,66,10,3248
2025-01-19,SA,Sunday Aseda,77,52,14,24,57,18,83,66,53,38,130
2025-01-20,MS,Monday Special,44,42,25,63,36,26,58,21,60,24,969
2025-01-21,LT,Lucky Tuesday,64,76,21,14,1,32,62,83,67,10,907
2025-01-22,MW,MidWeek,44,68,24,36,87,48,49,28,35,53,1104
2025-01-23,FT,Fortune Thursday,5,83,88,61,10,80,23,29,60,2,908
2025-01-24,FB,Friday Bonanza,62,56,67,17,86,22,7,42,9,30,879
2025-01-25,NW,National Weekly,18,81,69,60,5,64,84,24,50,22,3249
2025-01-26,SA,Sunday Aseda,73,45,10,70,15,61,34,81,84,67,131
2025-01-27,MS,Monday Special,22,72,28,82,76,63,35,37,20,8,970
2025-01-28,LT,Lucky Tuesday,11,80,58,69,60,48,68,17,26,77,908
2025-01-29,MW,MidWeek,10,37,1,89,79,14,27,41,90,13,1105
2025-01-30,FT,Fortune Thursday,24,67,66,40,84,85,43,4,88,25,909
2025-01-31,FB,Friday Bonanza,54,83,25,2,43,40,51,8,49,48,880
2025-02-01,NW,National Weekly,68,63,21,36,12,70,38,57,49,34,3250
2025-02-02,SA,Sunday Aseda,9,86,27,57,40,38,19,7,63,45,132
2025-02-03,MS,Monday Special,60,51,69,14,81,4,9,49,50,37,971
2025-02-04,LT,Lucky Tuesday,14,86,40,77,28,85,82,36,76,53,909
2025-02-05,MW,MidWeek,13,26,27,79,51,81,69,61,73,62,1106
2025-02-06,FT,Fortune Thursday,53,56,82,44,4,49,33,11,17,69,910
2025-02-07,FB,Friday Bonanza,54,45,46,57,69,27,32,63,86,29,881
2025-02-08,NW,National Weekly,22,90,85,26,79,74,63,80,64,4,3251
2025-02-09,SA,Sunday Aseda,20,77,57,72,16,38,53,46,1,76,133
2025-02-10,MS,Monday Special,49,81,4,31,5,59,54,84,20,68,972
2025-02-11,LT,Lucky Tuesday,29,59,22,2,25,56,79,9,18,12,910
2025-02-12,MW,MidWeek,24,79,89,47,86,80,27,48,33,36,1107
2025-02-13,FT,Fortune Thursday,14,41,16,76,49,24,86,47,4,19,911
2025-02-14,FB,Friday Bonanza,20,70,21,58,12,53,25,81,82,10,882
2025-02-15,NW,National Weekly,78,5,19,28,43,51,38,40,35,41,3252
2025-02-16,SA,Sunday Aseda,87,36,89,14,42,22,61,71,11,31,134
2025-02-17,MS,Monday Special,58,66,54,15,65,84,52,28,87,79,973
2025-02-18,LT,Lucky Tuesday,47,46,84,24,61,80,81,56,85,59,911
2025-02-19,MW,MidWeek,86,60,26,4,38,54,64,43,65,75,1108
2025-02-20,FT,Fortune Thursday,11,88,71,35,82,10,78,86,66,81,912
2025-02-21,FB,Friday Bonanza,84,67,64,42,57,25,80,8,53,89,883
2025-02-22,NW,National Weekly,8,40,18,16,27,59,1,48,23,86,3253
2025-02-23,SA,Sunday Aseda,81,76,68,24,13,33,89,30,51,90,135
2025-02-24,MS,Monday Special,6,89,19,68,43,38,39,41,2,33,974
2025-02-25,LT,Lucky Tuesday,62,29,84,28,26,61,54,46,8,24,912
2025-02-26,MW,MidWeek,23,66,79,5,7,24,82,54,36,74,1109
2025-02-27,FT,Fortune Thursday,64,33,42,45,10,50,25,27,84,61,913
2025-02-28,FB,Friday Bonanza,1,60,69,77,31,22,2,14,66,64,884
2025-03-01,NW,National Weekly,1,18,55,61,34,80,26,82,75,35,3254
2025-03-02,SA,Sunday Aseda,42,22,6,78,83,28,5,37,4,86,136
2025-03-03,MS,Monday Special,23,66,20,27,60,65,53,36,29,42,975
2025-03-04,LT,Lucky Tuesday,62,65,69,46,48,70,6,27,86,55,913
2025-03-05,MW,MidWeek,32,72,89,52,17,57,77,71,19,64,1110
2025-03-06,FT,Fortune Thursday,42,33,51,77,36,29,60,5,41,88,914
2025-03-07,FB,Friday Bonanza,32,70,46,67,63,37,50,76,40,43,885
2025-03-08,NW,National Weekly,76,25,83,47,63,52,40,6,90,14,3255
2025-03-09,SA,Sunday Aseda,4,44,12,86,19,5,27,36,52,88,137
2025-03-10,MS,Monday Special,78,67,68,54,40,24,64,50,72,2,976
2025-03-11,LT,Lucky Tuesday,6,90,26,55,27,76,46,80,47,13,914
2025-03-12,MW,MidWeek,10,79,54,11,6,42,48,82,89,71,1111
2025-03-13,FT,Fortune Thursday,32,78,35,22,89,76,57,26,27,81,915
2025-03-14,FB,Friday Bonanza,61,81,82,27,89,37,84,1,90,14,886
2025-03-15,NW,National Weekly,9,29,28,7,67,49,26,18,43,68,3256
2025-03-16,SA,Sunday Aseda,31,70,32,77,75,65,61,25,6,49,138
2025-03-17,MS,Monday Special,43,15,16,68,44,22,18,87,74,29,977
2025-03-18,LT,Lucky Tuesday,38,34,86,25,23,85,82,90,4,51,915
2025-03-19,MW,MidWeek,31,87,80,10,16,44,89,67,42,68,1112
2025-03-20,FT,Fortune Thursday,35,17,20,57,37,67,23,40,74,3,916
2025-03-21,FB,Friday Bonanza,75,27,23,19,61,1,68,38,41,82,887
2025-03-22,NW,National Weekly,26,28,23,75,85,77,69,31,72,48,3257
2025-03-23,SA,Sunday Aseda,58,18,3,83,80,9,6,54,46,42,139
2025-03-24,MS,Monday Special,36,37,21,12,50,90,7,64,42,74,978
2025-03-25,LT,Lucky Tuesday,21,67,51,86,75,37,3,18,58,29,916
2025-03-26,MW,MidWeek,4,82,73,32,89,31,18,43,65,54,1113
2025-03-27,FT,Fortune Thursday,2,62,53,6,55,19,74,16,41,87,917
2025-03-28,FB,Friday Bonanza,74,29,39,66,65,27,56,7,6,8,888
2025-03-29,NW,National Weekly,14,37,5,90,65,3,83,59,76,66,3258
2025-03-30,SA,Sunday Aseda,15,73,16,86,77,9,85,31,55,81,140
2025-04-01,LT,Lucky Tuesday,47,68,90,35,46,82,69,75,65,80,917
2025-04-02,MW,MidWeek,69,9,40,22,85,33,53,42,1,57,1114
2025-04-03,FT,Fortune Thursday,77,32,51,31,29,30,10,28,17,6,918
2025-04-04,FB,Friday Bonanza,54,40,50,85,68,43,73,39,4,55,889
2025-04-05,NW,National Weekly,16,56,39,44,50,47,71,84,26,43,3259
2025-04-06,SA,Sunday Aseda,34,15,82,89,14,65,78,61,32,16,141
2025-04-07,MS,Monday Special,42,3,28,66,36,18,35,71,72,2,979
2025-04-08,LT,Lucky Tuesday,43,45,51,44,19,54,42,12,72,26,918
2025-04-09,MW,MidWeek,45,74,89,76,17,11,1,82,65,40,1115
2025-04-10,FT,Fortune Thursday,64,32,37,61,62,13,50,69,39,90,919
2025-04-11,FB,Friday Bonanza,39,70,76,69,14,16,72,27,62,58,890
2025-04-12,NW,National Weekly,85,81,49,61,47,44,27,65,78,2,3260
2025-04-13,SA,Sunday Aseda,85,78,25,87,35,58,55,80,84,40,142
2025-04-14,MS,Monday Special,49,47,81,6,17,65,62,38,23,67,980
2025-04-15,LT,Lucky Tuesday,15,89,68,75,58,73,49,60,57,54,919
2025-04-16,MW,MidWeek,29,71,5,36,57,31,53,12,90,55,1116
2025-04-17,FT,Fortune Thursday,2,69,16,36,14,1,28,10,21,89,920
2025-04-19,NW,National Weekly,44,27,48,85,90,88,89,66,9,67,3261
2025-04-20,SA,Sunday Aseda,7,63,80,90,41,14,15,44,39,87,143
2025-04-21,MS,Monday Special,47,56,83,70,2,65,31,79,40,37,981
2025-04-22,LT,Lucky Tuesday,71,18,76,81,33,57,38,56,40,74,920
2025-04-23,MW,MidWeek,23,35,33,13,36,56,46,44,68,17,1117
2025-04-24,FT,Fortune Thursday,84,36,39,53,69,88,83,16,20,81,921
2025-04-25,FB,Friday Bonanza,49,76,43,5,20,46,3,1,34,73,891
2025-04-26,NW,National Weekly,50,14,18,57,67,44,60,62,29,63,3262
2025-04-27,SA,Sunday Aseda,82,41,72,71,32,46,63,89,58,53,144
2025-04-28,MS,Monday Special,4,18,35,72,32,45,90,26,39,41,982
2025-04-29,LT,Lucky Tuesday,90,34,13,63,4,20,41,3,43,83,921
2025-04-30,MW,MidWeek,33,88,57,76,45,64,79,24,26,71,1118
2025-05-01,FT,Fortune Thursday,50,7,27,21,20,88,87,84,42,53,922
2025-05-02,FB,Friday Bonanza,55,20,85,39,76,24,87,54,74,6,892
2025-05-03,NW,National Weekly,24,35,49,27,33,63,43,90,47,48,3263
2025-05-04,SA,Sunday Aseda,83,12,15,65,27,20,6,30,52,66,145
2025-05-05,MS,Monday Special,17,72,65,55,35,24,68,29,36,64,983
2025-05-06,LT,Lucky Tuesday,74,26,42,8,28,37,21,48,20,19,922
2025-05-07,MW,MidWeek,12,32,31,66,90,44,63,71,50,73,1119
2025-05-08,FT,Fortune Thursday,65,66,49,75,33,46,11,79,73,48,923
2025-05-09,FB,Friday Bonanza,14,21,88,72,31,73,57,27,19,67,893
2025-05-10,NW,National Weekly,58,53,57,41,46,43,66,23,63,34,3264
2025-05-11,SA,Sunday Aseda,38,3,74,29,37,28,79,65,24,78,146
2025-05-12,MS,Monday Special,87,50,74,23,54,52,84,40,14,64,984
2025-05-13,LT,Lucky Tuesday,69,31,49,10,8,2,33,89,46,50,923
2025-05-14,MW,MidWeek,41,70,86,81,18,44,61,68,34,87,1120
2025-05-15,FT,Fortune Thursday,4,15,44,9,56,12,25,5,30,78,924
2025-05-16,FB,Friday Bonanza,73,45,52,58,41,56,30,71,38,68,894
2025-05-17,NW,National Weekly,2,56,20,23,19,68,52,79,76,40,3265
2025-05-18,SA,Sunday Aseda,18,15,69,1,22,51,10,26,21,64,147
2025-05-19,MS,Monday Special,85,84,12,39,81,36,69,60,72,48,985
2025-05-20,LT,Lucky Tuesday,11,36,14,7,64,37,73,30,54,4,924
2025-05-21,MW,MidWeek,72,47,35,55,31,48,46,30,43,69,1121
2025-05-22,FT,Fortune Thursday,34,79,74,51,6,50,46,62,2,9,925
2025-05-23,FB,Friday Bonanza,6,50,62,52,80,44,71,3,55,54,895
2025-05-24,NW,National Weekly,74,69,14,47,18,24,5,35,72,63,3266
2025-05-25,SA,Sunday Aseda,77,3,45,53,31,46,90,85,52,40,148
2025-05-26,MS,Monday Special,63,5,87,75,48,43,53,60,32,21,986
2025-05-27,LT,Lucky Tuesday,28,22,66,26,16,42,67,17,80,5,925
2025-05-28,MW,MidWeek,66,74,83,23,44,51,47,31,80,73,1122
2025-05-29,FT,Fortune Thursday,37,65,85,89,36,2,15,40,66,63,926
2025-05-30,FB,Friday Bonanza,88,20,89,50,40,33,47,6,46,70,896
2025-05-31,NW,National Weekly,8,20,52,42,43,88,57,53,73,85,3267
2025-06-01,SA,Sunday Aseda,61,18,48,66,76,53,55,39,87,13,149
2025-06-02,MS,Monday Special,71,23,1,82,54,64,49,65,38,45,987
2025-06-03,LT,Lucky Tuesday,47,79,5,9,51,49,75,30,81,56,926
2025-06-04,MW,MidWeek,38,28,57,50,11,29,41,52,90,46,1123
2025-06-05,FT,Fortune Thursday,34,2,37,16,82,48,60,31,90,35,927
2025-06-06,FB,Friday Bonanza,62,27,61,48,68,13,73,64,35,29,897
2025-06-07,NW,National Weekly,60,72,15,38,53,3,87,2,86,61,3268
2025-06-08,SA,Sunday Aseda,84,37,41,86,48,88,89,34,13,19,150
2025-06-09,MS,Monday Special,61,60,17,8,75,3,76,57,68,44,988
2025-06-10,LT,Lucky Tuesday,10,56,84,68,42,29,13,1,53,90,927
2025-06-11,MW,MidWeek,60,89,12,81,41,51,64,79,54,50,1124
2025-06-12,FT,Fortune Thursday,5,31,48,2,52,82,56,36,39,60,928
2025-06-13,FB,Friday Bonanza,52,87,64,18,86,70,54,58,90,75,898
2025-06-14,NW,National Weekly,61,1,51,69,30,39,19,82,3,60,3269
2025-06-15,SA,Sunday Aseda,85,43,34,65,18,2,28,12,42,6,151
2025-06-16,MS,Monday Special,55,28,11,6,47,39,79,80,87,2,989
2025-06-17,LT,Lucky Tuesday,68,21,18,90,11,40,14,22,86,47,928
2025-06-18,MW,MidWeek,55,77,76,44,65,74,34,90,9,15,1125
2025-06-19,FT,Fortune Thursday,28,2,12,53,69,40,48,6,63,85,929
2025-06-20,FB,Friday Bonanza,38,42,69,86,8,59,28,53,11,33,899
2025-06-21,NW,National Weekly,57,9,41,1,48,79,62,24,33,34,3270
2025-06-22,SA,Sunday Aseda,74,56,67,63,81,32,30,55,42,38,152
2025-06-23,MS,Monday Special,53,29,22,75,82,71,59,39,4,78,990
2025-06-24,LT,Lucky Tuesday,53,79,60,3,73,50,52,9,37,70,929
2025-06-25,MW,MidWeek,22,84,2,33,56,39,81,34,72,61,1126
2025-06-26,FT,Fortune Thursday,22,68,53,39,86,52,75,70,20,3,930
2025-06-27,FB,Friday Bonanza,65,23,85,60,76,52,8,40,51,81,900
2025-06-28,NW,National Weekly,65,10,27,37,86,64,89,21,8,39,3271
2025-06-29,SA,Sunday Aseda,59,25,23,4,50,7,39,17,58,87,153
2025-06-30,MS,Monday Special,37,52,33,13,53,90,72,61,28,48,991
2025-07-01,LT,Lucky Tuesday,18,57,16,26,60,81,70,72,14,75,930
2025-07-02,MW,MidWeek,82,72,64,14,57,77,38,78,22,65,1127
2025-07-03,FT,Fortune Thursday,6,53,10,38,63,51,62,3,55,22,931
2025-07-04,FB,Friday Bonanza,68,62,36,56,58,32,46,48,83,55,901
2025-07-05,NW,National Weekly,11,60,43,28,6,66,3,90,48,26,3272
2025-07-06,SA,Sunday Aseda,58,75,88,68,85,36,15,45,76,3,154
2025-07-07,MS,Monday Special,40,4,36,66,29,38,50,2,77,31,992
2025-07-08,LT,Lucky Tuesday,51,66,74,62,6,36,90,84,18,50,931
2025-07-09,MW,MidWeek,31,43,16,3,79,17,57,54,86,72,1128
2025-07-10,FT,Fortune Thursday,67,29,53,44,90,60,7,43,13,24,932
2025-07-11,FB,Friday Bonanza,39,25,9,80,41,26,51,89,76,36,902
2025-07-12,NW,National Weekly,85,81,70,64,62,10,5,61,48,2,3273
2025-07-13,SA,Sunday Aseda,2,56,33,32,85,83,58,46,31,6,155
2025-07-14,MS,Monday Special,52,47,62,46,16,65,72,31,21,54,993
2025-07-15,LT,Lucky Tuesday,60,2,33,46,89,85,9,53,6,62,932
2025-07-16,MW,MidWeek,48,55,41,69,32,25,77,39,3,81,1129
2025-07-17,FT,Fortune Thursday,2,51,67,83,18,43,35,17,32,24,933
2025-07-18,FB,Friday Bonanza,86,35,47,7,74,55,45,77,83,63,903
2025-07-19,NW,National Weekly,59,14,80,31,67,3,32,19,74,46,3274
2025-07-20,SA,Sunday Aseda,31,80,4,9,70,1,24,18,5,68,156
2025-07-21,MS,Monday Special,16,38,66,77,72,4,39,81,34,14,994
2025-07-22,LT,Lucky Tuesday,43,44,36,75,88,73,80,62,51,67,933
2025-07-23,MW,MidWeek,85,30,4,17,87,3,64,81,32,27,1130
2025-07-24,FT,Fortune Thursday,82,10,58,83,21,60,90,71,46,41,934
2025-07-25,FB,Friday Bonanza,14,80,19,41,79,35,3,43,15,74,904
2025-07-26,NW,National Weekly,53,88,56,10,43,51,21,87,66,3,3275
2025-07-27,SA,Sunday Aseda,58,4,48,12,82,88,72,13,21,86,157
2025-07-28,MS,Monday Special,50,31,73,33,6,68,70,30,65,84,995
2025-07-29,LT,Lucky Tuesday,50,27,61,74,37,55,10,4,42,14,934
2025-07-30,MW,MidWeek,8,44,75,40,21,3,37,17,85,73,1131
2025-07-31,FT,Fortune Thursday,67,46,66,9,64,89,50,26,10,85,935
2025-08-01,FB,Friday Bonanza,56,26,71,33,35,27,41,82,20,88,905
2025-08-02,NW,National Weekly,16,32,60,73,23,35,83,53,6,86,3276
2025-08-03,SA,Sunday Aseda,77,52,27,87,71,86,42,64,9,85,158
2025-08-04,MS,Monday Special,12,52,73,79,71,63,53,39,90,6,996
2025-08-05,LT,Lucky Tuesday,28,54,72,76,89,62,4,79,85,11,935
2025-08-06,MW,MidWeek,70,51,52,5,88,40,60,85,8,67,1132
2025-08-07,FT,Fortune Thursday,2,33,29,78,15,20,43,21,44,64,936
2025-08-08,FB,Friday Bonanza,76,7,55,72,15,22,89,65,44,27,906
2025-08-09,NW,National Weekly,8,57,63,58,87,2,40,80,70,72,3277
2025-08-10,SA,Sunday Aseda,47,15,30,69,42,9,67,18,5,27,159
2025-08-11,MS,Monday Special,4,70,22,34,90,18,40,89,78,9,997
2025-08-12,LT,Lucky Tuesday,64,86,83,16,26,12,87,2,22,77,936
2025-08-13,MW,MidWeek,76,39,1,83,29,8,54,68,18,24,1133
2025-08-14,FT,Fortune Thursday,78,3,82,29,22,44,10,68,87,67,937
2025-08-15,FB,Friday Bonanza,55,20,30,54,24,81,60,39,52,40,907
2025-08-16,NW,National Weekly,8,14,72,21,15,70,69,74,71,32,3278
2025-08-17,SA,Sunday Aseda,53,55,87,33,6,27,74,57,23,26,160
2025-08-18,MS,Monday Special,27,16,89,77,14,29,43,90,80,81,998
2025-08-19,LT,Lucky Tuesday,1,88,71,66,3,54,48,50,7,26,937
2025-08-20,MW,MidWeek,68,45,43,40,15,14,3,82,44,83,1134
2025-08-21,FT,Fortune Thursday,44,70,5,9,25,13,77,51,27,22,938
2025-08-22,FB,Friday Bonanza,29,28,48,64,31,41,68,78,53,71,908
2025-08-23,NW,National Weekly,6,2,3,73,47,39,70,64,27,58,3279
2025-08-24,SA,Sunday Aseda,71,51,36,84,10,67,28,59,90,37,161
2025-08-25,MS,Monday Special,2,1,61,63,85,88,5,77,37,45,999
2025-08-26,LT,Lucky Tuesday,4,90,38,56,85,8,54,57,83,39,938
2025-08-27,MW,MidWeek,84,14,18,10,89,23,62,55,77,82,1135
2025-08-28,FT,Fortune Thursday,40,56,35,57,59,82,75,12,41,89,939
2025-08-29,FB,Friday Bonanza,13,63,60,23,67,32,43,68,82,15,909
2025-08-30,NW,National Weekly,61,17,65,54,59,33,4,83,45,26,3280
2025-08-31,SA,Sunday Aseda,57,88,74,46,40,3,2,11,31,26,162
2025-09-01,MS,Monday Special,81,84,50,10,41,31,27,37,43,40,1000
2025-09-02,LT,Lucky Tuesday,57,50,21,89,46,11,19,73,80,1,939
2025-09-03,MW,MidWeek,58,84,18,57,7,87,27,9,8,62,1136
2025-09-04,FT,Fortune Thursday,62,19,46,12,43,77,35,55,23,63,940
2025-09-05,FB,Friday Bonanza,57,3,60,71,17,85,30,46,35,59,910
2025-09-06,NW,National Weekly,89,58,45,31,19,81,54,2,57,35,3281
2025-09-07,SA,Sunday Aseda,2,17,12,10,18,73,86,65,1,42,163
2025-09-08,MS,Monday Special,13,36,81,59,26,65,77,12,14,47,1001
2025-09-09,LT,Lucky Tuesday,14,51,57,89,17,34,28,31,75,54,940
2025-09-10,MW,MidWeek,23,32,19,70,30,74,69,55,45,89,1137
2025-09-11,FT,Fortune Thursday,72,44,76,60,30,65,83,18,56,24,941
2025-09-12,FB,Friday Bonanza,38,58,90,57,86,62,59,46,71,15,911
2025-09-13,NW,National Weekly,47,57,79,17,34,16,51,81,9,56,3282
2025-09-14,SA,Sunday Aseda,36,12,64,14,79,25,52,61,80,8,164
2025-09-15,MS,Monday Special,33,90,34,3,73,31,75,40,48,71,1002
2025-09-16,LT,Lucky Tuesday,49,87,61,22,34,10,8,67,2,16,941
2025-09-17,MW,MidWeek,68,63,16,34,85,67,57,45,84,49,1138
2025-09-18,FT,Fortune Thursday,30,59,55,75,34,27,13,6,54,50,942
2025-09-19,FB,Friday Bonanza,88,69,39,33,25,5,13,18,43,41,912
2025-09-20,NW,National Weekly,15,36,41,25,7,22,10,4,66,79,3283
2025-09-21,SA,Sunday Aseda,73,13,59,83,74,32,7,6,67,86,165
2025-09-22,MS,Monday Special,1,15,38,46,27,67,60,42,37,68,1003
2025-09-23,LT,Lucky Tuesday,14,78,29,86,39,45,9,31,60,69,942
2025-09-24,MW,MidWeek,49,46,45,9,38,73,43,62,53,31,1139
2025-09-25,FT,Fortune Thursday,89,62,72,6,4,34,43,14,83,84,943
2025-09-26,FB,Friday Bonanza,56,28,21,19,85,66,53,64,34,78,913
2025-09-27,NW,National Weekly,38,34,63,43,86,67,49,16,48,47,3284
2025-09-28,SA,Sunday Aseda,15,34,78,9,89,63,76,71,80,21,166
2025-09-29,MS,Monday Special,19,67,8,37,49,35,72,79,73,74,1004
2025-09-30,LT,Lucky Tuesday,11,69,64,35,78,38,37,88,31,8,943
2025-10-01,MW,MidWeek,82,15,55,67,47,62,30,32,44,84,1140
2025-10-02,FT,Fortune Thursday,38,57,69,47,2,59,83,53,67,45,944
2025-10-03,FB,Friday Bonanza,43,62,2,90,66,27,82,81,17,80,914
2025-10-04,NW,National Weekly,79,69,28,48,33,77,52,67,45,9,3285
2025-10-05,SA,Sunday Aseda,5,80,4,31,72,17,85,14,25,61,167
2025-10-06,MS,Monday Special,55,25,74,13,1,9,65,69,48,90,1005
2025-10-07,LT,Lucky Tuesday,86,26,51,73,6,84,37,61,48,57,944
2025-10-08,MW,MidWeek,1,2,60,74,15,16,52,47,34,86,1141
2025-10-09,FT,Fortune Thursday,15,44,39,31,89,7,47,52,2,56,945
2025-10-10,FB,Friday Bonanza,73,63,68,29,35,37,61,89,71,24,915
2025-10-11,NW,National Weekly,53,29,67,61,19,25,64,33,56,7,3286
2025-10-12,SA,Sunday Aseda,28,87,8,41,37,78,29,6,15,61,168
2025-10-13,MS,Monday Special,38,69,28,87,31,37,89,55,10,79,1006
2025-10-14,LT,Lucky Tuesday,38,63,18,76,85,1,22,67,66,3,945
2025-10-15,MW,MidWeek,84,85,20,33,36,48,54,76,41,66,1142
2025-10-16,FT,Fortune Thursday,44,73,6,81,62,65,19,82,9,60,946
2025-10-17,FB,Friday Bonanza,18,80,41,67,22,23,55,52,88,89,916
2025-10-18,NW,National Weekly,34,56,87,90,35,1,73,53,55,54,3287
2025-10-19,SA,Sunday Aseda,33,80,34,77,57,25,31,78,67,41,169
2025-10-20,MS,Monday Special,40,75,88,23,39,58,84,8,7,90,1007
2025-10-21,LT,Lucky Tuesday,58,20,41,44,65,29,62,2,67,8,946
2025-10-22,MW,MidWeek,83,21,79,88,84,90,39,8,29,61,1143
2025-10-23,FT,Fortune Thursday,17,19,68,3,84,62,5,42,16,74,947
2025-10-24,FB,Friday Bonanza,86,79,35,30,65,39,33,75,66,68,917
2025-10-25,NW,National Weekly,24,16,29,69,14,83,82,48,62,33,3288
2025-10-26,SA,Sunday Aseda,62,28,2,52,73,61,4,12,85,60,170
2025-10-27,MS,Monday Special,58,89,12,76,16,61,2,6,65,41,1008
2025-10-28,LT,Lucky Tuesday,29,64,36,67,4,18,24,75,78,66,947
2025-10-29,MW,MidWeek,43,4,21,33,46,73,81,67,14,48,1144
2025-10-30,FT,Fortune Thursday,45,6,71,12,13,49,42,5,48,7,948
2025-10-31,FB,Friday Bonanza,24,62,80,17,64,16,74,37,31,53,918
2025-11-01,NW,National Weekly,29,12,4,42,20,54,64,32,52,45,3289
2025-11-02,SA,Sunday Aseda,71,89,32,62,70,29,69,57,72,76,171
2025-11-03,MS,Monday Special,32,21,56,14,57,46,54,28,67,60,1009
2025-11-04,LT,Lucky Tuesday,78,22,1,68,63,8,62,64,59,53,948
2025-11-05,MW,MidWeek,78,61,10,18,40,25,80,3,50,34,1145
2025-11-06,FT,Fortune Thursday,32,31,46,65,17,37,72,57,56,3,949
2025-11-07,FB,Friday Bonanza,46,60,1,17,64,16,19,31,18,36,919
2025-11-08,NW,National Weekly,17,42,11,75,89,64,35,15,8,71,3290
2025-11-09,SA,Sunday Aseda,7,44,20,78,41,69,57,22,74,34,172
2025-11-10,MS,Monday Special,50,62,88,9,24,29,39,85,75,36,1010
2025-11-11,LT,Lucky Tuesday,33,30,59,75,86,44,85,17,40,38,949
2025-11-12,MW,MidWeek,76,74,57,48,67,35,84,30,18,90,1146
2025-11-13,FT,Fortune Thursday,2,50,81,56,15,90,48,20,69,59,950
2025-11-14,FB,Friday Bonanza,90,79,88,80,68,63,82,70,28,50,920
2025-11-15,NW,National Weekly,65,33,9,73,32,16,85,40,1,50,3291
2025-11-16,SA,Sunday Aseda,53,68,13,63,81,88,31,32,49,4,173
2025-11-17,MS,Monday Special,37,86,35,33,72,8,44,29,56,51,1011
2025-11-18,LT,Lucky Tuesday,81,72,12,89,49,64,87,25,60,16,950
2025-11-19,MW,MidWeek,17,53,60,24,9,83,80,33,50,78,1147
2025-11-20,FT,Fortune Thursday,46,26,4,27,35,51,67,42,37,16,951
2025-11-21,FB,Friday Bonanza,81,60,33,8,76,18,44,87,73,88,921
2025-11-22,NW,National Weekly,66,4,61,42,86,17,18,30,38,68,3292
2025-11-23,SA,Sunday Aseda,43,60,36,44,87,9,51,16,79,69,174
2025-11-24,MS,Monday Special,48,29,87,79,63,17,21,62,52,5,1012
2025-11-25,LT,Lucky Tuesday,81,67,88,2,4,61,74,69,32,26,951
2025-11-26,MW,MidWeek,24,64,79,70,17,57,89,74,42,26,1148
2025-11-27,FT,Fortune Thursday,41,33,26,88,14,28,73,18,65,37,952
2025-11-28,FB,Friday Bonanza,79,4,49,75,78,48,51,26,31,7,922
2025-11-29,NW,National Weekly,67,60,56,55,58,66,11,84,40,30,3293
2025-11-30,SA,Sunday Aseda,62,10,72,3,41,33,73,86,88,77,175
2025-12-01,MS,Monday Special,11,9,27,55,32,67,42,57,46,75,1013
2025-12-02,LT,Lucky Tuesday,79,35,52,23,17,14,58,89,47,74,952
2025-12-03,MW,MidWeek,89,22,67,62,53,56,28,68,15,69,1149
2025-12-04,FT,Fortune Thursday,55,48,13,66,3,69,40,8,68,26,953
2025-12-05,FB,Friday Bonanza,10,57,9,40,50,54,5,69,38,80,923
2025-12-06,NW,National Weekly,48,43,76,34,30,3,20,10,13,22,3294
2025-12-07,SA,Sunday Aseda,60,36,11,86,20,49,32,79,56,74,176
2025-12-08,MS,Monday Special,38,42,50,78,46,82,41,2,83,74,1014
2025-12-09,LT,Lucky Tuesday,51,7,3,23,21,59,90,74,69,77,953
2025-12-10,MW,MidWeek,6,80,86,82,45,30,18,8,79,3,1150
2025-12-11,FT,Fortune Thursday,29,85,75,16,5,87,79,11,23,77,954
2025-12-12,FB,Friday Bonanza,58,54,53,82,56,61,2,36,27,49,924
2025-12-13,NW,National Weekly,7,64,65,83,19,44,66,3,89,5,3295
2025-12-14,SA,Sunday Aseda,81,63,5,55,20,13,31,1,32,46,177
2025-12-15,MS,Monday Special,30,22,61,51,17,65,88,87,21,83,1015
2025-12-16,LT,Lucky Tuesday,56,55,2,14,10,11,5,43,21,71,954
2025-12-17,MW,MidWeek,13,59,71,90,82,32,19,74,54,56,1151
2025-12-18,FT,Fortune Thursday,1,2,75,39,16,31,48,83,40,80,955
2025-12-19,FB,Friday Bonanza,57,26,63,25,20,75,72,61,10,78,925
2025-12-20,NW,National Weekly,57,61,80,72,83,59,14,44,63,28,3296
2025-12-21,SA,Sunday Aseda,36,34,22,88,38,30,71,19,63,17,178
2025-12-22,MS,Monday Special,23,33,7,77,8,55,48,67,16,62,1016
2025-12-23,LT,Lucky Tuesday,30,54,72,19,71,28,7,77,42,63,955
2025-12-24,MW,MidWeek,38,24,70,49,73,25,65,1,33,76,1152
2025-12-27,NW,National Weekly,12,3,65,4,29,33,69,85,68,90,3297
2025-12-28,SA,Sunday Aseda,59,90,35,18,66,2,17,38,43,56,179
2025-12-29,MS,Monday Special,1,6,69,82,55,64,31,16,63,52,1017
2025-12-30,LT,Lucky Tuesday,81,40,8,23,42,82,59,44,48,74,956
2025-12-31,MW,MidWeek,1,88,66,22,20,21,57,3,67,40,1153
2026-01-02,FB,Friday Bonanza,46,48,44,1,73,29,78,21,68,35,926
2026-01-03,NW,National Weekly,10,38,37,25,27,89,29,3,63,20,3298
2026-01-04,SA,Sunday Aseda,48,88,21,50,45,19,73,57,80,75,180
2026-01-05,MS,Monday Special,25,20,40,79,43,31,82,32,63,57,1018
2026-01-06,LT,Lucky Tuesday,85,7,5,81,56,20,87,23,35,64,957
2026-01-07,MW,MidWeek,18,37,60,49,46,66,79,40,25,82,1154
2026-01-08,FT,Fortune Thursday,38,5,64,88,41,49,54,35,53,55,956
2026-01-10,NW,National Weekly,74,44,58,16,42,70,57,40,43,19,3299
2026-01-11,SA,Sunday Aseda,59,66,22,1,82,74,9,75,32,27,181
2026-01-12,MS,Monday Special,12,26,40,47,44,71,73,14,45,31,1019
2026-01-13,LT,Lucky Tuesday,31,3,70,43,58,78,36,76,11,52,958
2026-01-14,MW,MidWeek,76,10,51,45,63,22,28,66,87,38,1155
2026-01-15,FT,Fortune Thursday,69,53,7,58,88,19,13,20,71,15,957
2026-01-16,FB,Friday Bonanza,15,49,7,70,66,68,42,74,22,40,927
2026-01-17,NW,National Weekly,42,81,27,37,23,67,89,68,30,39,3300
2026-01-18,SA,Sunday Aseda,33,10,39,53,34,35,1,12,86,90,182
2026-01-19,MS,Monday Special,86,74,57,60,8,30,72,87,46,31,1020
2026-01-20,LT,Lucky Tuesday,21,17,11,76,86,23,19,38,79,26,959
2026-01-21,MW,MidWeek,43,59,71,2,9,11,84,38,34,80,1156
2026-01-22,FT,Fortune Thursday,60,82,89,80,84,88,19,36,25,46,958
2026-01-23,FB,Friday Bonanza,8,4,54,48,1,68,62,41,60,44,928
2026-01-24,NW,National Weekly,44,78,52,57,7,71,9,77,3,33,3301
2026-01-25,SA,Sunday Aseda,76,18,5,70,33,77,40,53,37,22,183
2026-01-26,MS,Monday Special,46,66,7,2,73,37,70,85,62,32,1021
2026-01-27,LT,Lucky Tuesday,14,87,13,64,33,89,32,17,71,66,960
2026-01-28,MW,MidWeek,20,40,36,48,56,16,82,1,32,2,1157
2026-01-29,FT,Fortune Thursday,75,10,34,41,13,59,71,62,45,83,959
2026-01-30,FB,Friday Bonanza,9,40,34,26,7,70,75,63,58,89,929
2026-01-31,NW,National Weekly,6,39,71,48,70,46,25,19,3,84,3302
2026-02-01,SA,Sunday Aseda,87,56,78,40,1,82,44,25,73,76,184
2026-02-02,MS,Monday Special,43,51,25,4,35,71,10,67,76,63,1022
2026-02-03,LT,Lucky Tuesday,23,75,63,43,37,67,53,66,14,76,961
2026-02-04,MW,MidWeek,68,51,59,86,13,85,15,65,56,33,1158
2026-02-05,FT,Fortune Thursday,47,5,45,66,15,29,14,12,61,25,960
2026-02-06,FB,Friday Bonanza,87,22,7,16,41,64,52,85,70,88,930
2026-02-07,NW,National Weekly,47,55,31,25,48,17,70,46,53,67,3303
2026-02-08,SA,Sunday Aseda,69,77,21,40,31,39,34,28,48,5,185
2026-02-09,MS,Monday Special,74,62,20,7,71,50,46,47,60,37,1023
2026-02-10,LT,Lucky Tuesday,74,57,3,75,60,19,64,76,15,70,962
2026-02-11,MW,MidWeek,68,79,82,7,73,36,37,31,32,80,1159
2026-02-12,FT,Fortune Thursday,86,35,70,34,77,51,31,9,26,72,961
2026-02-13,FB,Friday Bonanza,77,55,60,85,1,44,63,48,80,38,931
2026-02-14,NW,National Weekly,13,16,15,11,71,32,48,34,53,89,3304
2026-02-15,SA,Sunday Aseda,70,40,55,10,51,85,87,27,90,34,186
2026-02-16,MS,Monday Special,34,5,22,69,72,57,73,13,74,88,1024
2026-02-17,LT,Lucky Tuesday,61,64,48,59,79,84,69,12,27,17,963
2026-02-18,MW,MidWeek,1,80,75,79,13,48,82,60,33,36,1160
2026-02-19,FT,Fortune Thursday,75,4,46,12,2,42,20,67,70,23,962
2026-02-20,FB,Friday Bonanza,42,82,11,25,55,75,18,70,79,60,932
2026-02-21,NW,National Weekly,5,14,29,56,51,82,53,80,6,70,3305
2026-02-22,SA,Sunday Aseda,68,67,19,12,80,21,38,34,30,8,187
2026-02-23,MS,Monday Special,6,87,20,39,80,55,68,73,65,47,1025
2026-02-24,LT,Lucky Tuesday,40,7,88,75,53,58,63,2,71,65,964
2026-02-25,MW,MidWeek,15,39,11,3,44,78,43,47,60,90,1161
2026-02-26,FT,Fortune Thursday,54,73,63,26,37,52,46,19,6,33,963
2026-02-27,FB,Friday Bonanza,12,46,8,84,15,59,74,67,80,52,933
2026-02-28,NW,National Weekly,90,73,53,84,77,11,34,86,1,65,3306
2026-03-01,SA,Sunday Aseda,85,26,27,2,20,8,64,13,10,45,188
2026-03-02,MS,Monday Special,86,58,49,45,55,74,54,64,47,77,1026
2026-03-03,LT,Lucky Tuesday,55,26,36,72,14,13,3,57,7,77,965
2026-03-04,MW,MidWeek,24,59,3,54,6,77,26,64,75,29,1162
2026-03-05,FT,Fortune Thursday,22,13,86,53,57,55,8,25,46,83,964
2026-03-07,NW,National Weekly,50,9,34,33,25,57,88,51,47,39,3307
2026-03-08,SA,Sunday Aseda,88,47,6,27,5,22,32,85,43,45,189
2026-03-09,MS,Monday Special,67,6,34,17,28,82,77,76,13,69,1027
2026-03-10,LT,Lucky Tuesday,14,48,27,64,15,89,71,31,21,36,966
2026-03-11,MW,MidWeek,36,65,32,80,46,71,68,26,87,88,1163
2026-03-12,FT,Fortune Thursday,29,40,44,22,84,25,67,57,12,16,965
2026-03-13,FB,Friday Bonanza,18,77,83,17,21,8,71,69,50,63,934
2026-03-14,NW,National Weekly,1,42,12,20,64,46,44,38,50,47,3308
2026-03-15,SA,Sunday Aseda,81,17,12,69,1,2,32,25,48,62,190
2026-03-16,MS,Monday Special,23,30,17,85,22,31,90,38,86,43,1028
2026-03-17,LT,Lucky Tuesday,62,25,8,10,34,61,16,1,3,40,967
2026-03-18,MW,MidWeek,60,37,65,90,9,30,67,45,74,72,1164
2026-03-19,FT,Fortune Thursday,49,77,80,81,65,53,12,19,59,55,966
2026-03-21,NW,National Weekly,9,75,8,86,24,70,29,22,83,45,3309
2026-03-22,SA,Sunday Aseda,24,40,87,66,15,45,67,43,60,52,191
2026-03-24,LT,Lucky Tuesday,58,70,52,87,16,78,88,12,46,34,968
2026-03-25,MW,MidWeek,24,19,7,56,29,74,45,83,1,36,1165
2026-03-26,FT,Fortune Thursday,62,82,55,26,35,30,76,33,1,54,967
2026-03-27,FB,Friday Bonanza,43,33,23,11,9,72,84,42,51,74,935
2026-03-28,NW,National Weekly,32,66,17,47,24,77,46,48,82,50,3310
2026-03-29,SA,Sunday Aseda,10,84,32,62,2,47,78,31,25,76,192
2026-03-30,MS,Monday Special,80,23,66,12,34,36,20,33,43,84,1029
2026-03-31,LT,Lucky Tuesday,53,69,35,18,3,24,39,77,23,10,969
2026-04-01,MW,MidWeek,3,18,38,29,10,8,49,57,84,9,1166
2026-04-02,FT,Fortune Thursday,14,63,4,30,19,76,12,69,71,23,968
2026-04-04,NW,National Weekly,82,16,44,50,47,63,2,56,23,59,3311
2026-04-05,SA,Sunday Aseda,54,16,67,30,31,24,37,89,63,48,193
2026-04-07,LT,Lucky Tuesday,4,71,25,55,12,51,73,2,54,63,970
2026-04-08,MW,MidWeek,25,54,29,33,69,11,32,38,15,81,1167
2026-04-09,FT,Fortune Thursday,71,50,27,39,20,54,6,77,53,34,969
2026-04-10,FB,Friday Bonanza,16,40,37,6,4,71,83,34,11,75,936
2026-04-11,NW,National Weekly,13,67,71,72,63,39,43,17,47,10,3312
2026-04-12,SA,Sunday Aseda,57,3,75,38,63,55,40,26,37,42,194
2026-04-13,MS,Monday Special,52,1,26,66,72,81,38,56,41,80,1030
2026-04-14,LT,Lucky Tuesday,18,55,81,14,82,20,86,45,38,80,971
2026-04-15,MW,MidWeek,76,87,60,56,30,89,55,69,77,74,1168
2026-04-16,FT,Fortune Thursday,8,72,1,41,19,42,71,82,45,12,970
2026-04-17,FB,Friday Bonanza,41,65,87,85,6,5,11,54,79,47,937
2026-04-18,NW,National Weekly,71,72,60,41,79,48,40,73,64,58,3313
2026-04-19,SA,Sunday Aseda,25,17,79,71,48,90,64,59,80,12,195
2026-04-20,MS,Monday Special,13,4,28,27,51,79,65,62,33,43,1031
2026-04-21,LT,Lucky Tuesday,21,31,85,28,35,84,49,34,54,79,972
2026-04-22,MW,MidWeek,6,76,85,37,33,28,77,72,15,50,1169
2026-04-23,FT,Fortune Thursday,18,27,6,24,55,70,68,25,15,66,971
2026-04-24,FB,Friday Bonanza,52,39,30,50,88,40,42,6,58,44,938
2026-04-25,NW,National Weekly,39,1,30,80,48,89,74,10,50,49,3314
2026-04-26,SA,Sunday Aseda,36,89,47,41,8,25,88,44,16,40,196
2026-04-27,MS,Monday Special,69,74,1,31,2,50,54,40,43,79,1032
2026-04-28,LT,Lucky Tuesday,73,22,52,5,62,57,30,86,19,61,973
2026-04-29,MW,MidWeek,71,39,76,58,32,62,73,85,43,64,1170
2026-04-30,FT,Fortune Thursday,63,25,61,22,28,38,8,62,80,34,972
2026-05-02,NW,National Weekly,84,10,43,5,13,21,85,70,15,75,3315
2026-05-03,SA,Sunday Aseda,22,26,46,48,13,3,8,30,14,7,197
2026-05-04,MS,Monday Special,68,14,37,78,10,2,36,48,31,43,1033
2026-05-05,LT,Lucky Tuesday,11,68,38,22,14,62,41,10,53,86,974
2026-05-06,MW,MidWeek,73,69,7,9,82,34,17,61,27,11,1171
2026-05-07,FT,Fortune Thursday,36,3,65,84,15,42,82,38,87,17,973
2026-05-08,FB,Friday Bonanza,3,71,69,32,2,22,75,60,82,14,939
2026-05-09,NW,National Weekly,80,74,56,10,3,66,32,34,77,35,3316
2026-05-10,SA,Sunday Aseda,16,79,63,54,73,38,44,85,3,83,198
2026-05-11,MS,Monday Special,50,86,1,33,56,75,30,62,73,31,1034
2026-05-12,LT,Lucky Tuesday,77,64,17,67,63,30,47,32,24,19,975
2026-05-13,MW,MidWeek,59,37,58,44,51,23,42,16,81,43,1172
2026-05-14,FT,Fortune Thursday,33,78,47,28,24,38,83,44,51,48,974
2026-05-15,FB,Friday Bonanza,50,35,75,41,76,68,43,8,18,57,940
2026-05-16,NW,National Weekly,21,84,2,62,83,59,27,43,35,75,3317
2026-05-17,SA,Sunday Aseda,28,83,30,45,26,68,6,21,81,53,199
2026-05-18,MS,Monday Special,87,90,19,15,18,77,27,57,13,70,1035
2026-05-19,LT,Lucky Tuesday,3,64,63,90,73,65,71,45,21,78,976
2026-05-20,MW,MidWeek,80,5,66,40,35,15,83,67,70,50,1173
2026-05-21,FT,Fortune Thursday,3,17,19,11,77,56,33,9,67,68,975
2026-05-22,FB,Friday Bonanza,23,69,63,13,31,47,73,88,61,54,941
2026-05-23,NW,National Weekly,86,24,14,19,40,48,76,73,81,20,3318
2026-05-24,SA,Sunday Aseda,88,76,10,54,43,15,82,61,68,46,200
2026-05-25,MS,Monday Special,86,4,24,32,60,27,22,20,79,69,1036
2026-05-26,LT,Lucky Tuesday,12,32,1,45,11,37,40,38,27,33,977
2026-05-28,FT,Fortune Thursday,71,5,29,51,70,12,73,45,42,21,976
2026-05-29,FB,Friday Bonanza,33,79,35,58,68,34,15,41,42,61,942
2026-05-30,NW,National Weekly,81,64,15,74,88,23,24,61,77,51,3319
2026-05-31,SA,Sunday Aseda,76,67,10,41,51,54,7,49,59,81,201
2026-06-01,MS,Monday Special,55,24,41,87,21,76,85,42,32,80,1037
2026-06-02,LT,Lucky Tuesday,41,53,28,20,48,80,35,66,50,65,978
2026-06-03,MW,MidWeek,90,53,49,88,68,43,85,30,69,89,1174
2026-06-04,FT,Fortune Thursday,4,86,27,64,56,26,58,88,20,25,977
2026-06-05,FB,Friday Bonanza,40,27,58,7,51,15,75,69,73,47,943
2026-06-06,NW,National Weekly,27,77,16,82,51,79,66,3,71,45,3320
2026-06-07,SA,Sunday Aseda,67,56,57,53,74,87,88,10,58,62,202
2026-06-08,MS,Monday Special,14,24,53,65,12,27,62,75,39,16,1038
2026-06-09,LT,Lucky Tuesday,30,72,78,71,15,49,14,83,57,81,979
2026-06-10,MW,MidWeek,8,35,33,87,74,45,80,17,78,52,1175
2026-06-11,FT,Fortune Thursday,14,1,85,83,87,34,76,86,29,62,978
2026-06-12,FB,Friday Bonanza,5,24,85,52,74,81,70,53,69,67,944
2026-06-13,NW,National Weekly,37,22,61,74,69,90,57,46,44,11,3321
2026-06-14,SA,Sunday Aseda,16,47,46,29,7,71,45,30,43,15,203
2026-06-15,MS,Monday Special,89,27,51,70,83,82,31,62,19,25,1039
2026-06-16,LT,Lucky Tuesday,79,69,41,58,80,36,21,77,89,6,980
2026-06-17,MW,MidWeek,76,66,89,85,87,47,70,30,63,52,1176
2026-06-18,FT,Fortune Thursday,12,71,82,86,67,31,70,88,68,15,979
2026-06-19,FB,Friday Bonanza,31,42,65,21,46,54,57,77,52,50,945
2026-06-20,NW,National Weekly,21,41,80,66,81,87,39,61,52,69,3322
2026-06-21,SA,Sunday Aseda,1,67,10,17,41,34,89,66,86,79,204
2026-06-22,MS,Monday Special,43,32,45,77,11,85,14,13,29,40,1040
2026-06-23,LT,Lucky Tuesday,2,6,79,35,13,58,16,45,21,71,981
2026-06-24,MW,MidWeek,2,77,21,76,67,57,29,24,27,55,1177
2026-06-25,FT,Fortune Thursday,17,70,16,85,47,41,81,13,10,49,980
2026-06-26,FB,Friday Bonanza,3,4,6,43,2,41,68,40,55,36,946
2026-06-27,NW,National Weekly,39,29,8,23,22,71,53,74,78,44,3323
2026-06-28,SA,Sunday Aseda,45,11,34,82,26,78,72,18,43,80,205
2026-06-29,MS,Monday Special,25,20,46,9,76,10,31,40,75,1,1041
2026-06-30,LT,Lucky Tuesday,58,44,64,73,87,16,38,15,62,68,982
2026-07-01,MW,MidWeek,83,52,25,56,12,24,48,71,14,75,1178
2026-07-02,FT,Fortune Thursday,68,41,44,19,9,82,35,17,14,28,981
2026-07-04,NW,National Weekly,28,82,6,64,5,15,87,69,76,29,3324
2026-07-05,SA,Sunday Aseda,53,60,66,84,83,7,34,69,19,58,206
2026-07-06,MS,Monday Special,6,81,44,67,73,20,61,12,70,58,1042
2026-07-07,LT,Lucky Tuesday,85,21,15,32,58,24,60,54,25,61,983
2026-07-08,MW,MidWeek,22,71,69,16,38,82,21,37,74,66,1179
2026-07-09,FT,Fortune Thursday,55,90,63,43,78,39,49,8,34,46,982
2026-07-10,FB,Friday Bonanza,22,30,40,72,65,29,63,75,83,44,947
2026-07-11,NW,National Weekly,48,90,61,45,6,30,5,82,69,14,3325
2026-07-12,SA,Sunday Aseda,5,21,85,87,47,61,84,72,46,68,207
2026-07-13,MS,Monday Special,21,11,74,6,39,45,83,38,27,80,1043
2026-07-14,LT,Lucky Tuesday,39,43,61,45,81,58,8,24,31,16,984
2026-07-15,MW,MidWeek,53,32,62,90,36,46,44,38,84,14,1180
2026-07-16,FT,Fortune Thursday,36,6,16,27,81,48,58,62,46,66,983
2026-07-17,FB,Friday Bonanza,89,20,74,13,18,64,53,65,35,62,948
2026-07-18,NW,National Weekly,59,77,76,47,23,28,90,48,61,5,3326
